  0
SECTION
  2
TABLES
  0
TABLE
  2
DIMSTYLE
 70
     2
  0
DIMSTYLE
  2
BOARDERDIM
 70
     0
  3

  4

  5
_NONE
  6
_NONE
  7
_NONE
 40
1
 41
0.1
 42
0.0625
 43
0.38
 44
0.18
 45
0.00
 46
0.0
 47
0.0
 48
0.0
140
0.5
141
0.09
142
0.0
143
25.399999999999999
144
1.0
145
0.5
146
1.0
147
0.09
 71
     1
 72
     0
 73
     1
 74
     0
 75
     0
 76
     0
 77
     2
 78
     0
170
     0
171
     2
172
     0
173
     0
174
     1
175
      0
176
5
177
5
178
     1
271
3
272
3
  0
ENDTAB
  0
TABLE
  2
DIMSTYLE
 70
     2
  0
DIMSTYLE
  2
VDRILLDIM
 70
     0
  3

  4

  5
_NONE
  6
_NONE
  7
_NONE
 40
1
 41
0.1
 42
0.0625
 43
0.38
 44
0.18
 45
0.00
 46
0.0
 47
0.0
 48
0.0
140
0.5
141
0.09
142
0.0
143
25.399999999999999
144
1.0
145
0.5
146
1.0
147
0.09
 71
     1
 72
     0
 73
     1
 74
     0
 75
     0
 76
     0
 77
     2
 78
     0
170
     0
171
     2
172
     0
173
     0
174
     1
175
      0
176
5
177
5
178
     1
271
3
272
3
  0
ENDTAB
  0
TABLE
  2
DIMSTYLE
 70
     2
  0
DIMSTYLE
  2
HDRILLDIM
 70
     0
  3

  4

  5
_NONE
  6
_NONE
  7
_NONE
 40
1
 41
0.1
 42
0.0625
 43
0.38
 44
0.18
 45
0.00
 46
0.0
 47
0.0
 48
0.0
140
0.5
141
0.09
142
0.0
143
25.399999999999999
144
1.0
145
0.5
146
1.0
147
0.09
 71
     1
 72
     0
 73
     1
 74
     0
 75
     0
 76
     0
 77
     2
 78
     0
170
     0
171
     2
172
     0
173
     0
174
     1
175
      0
176
5
177
5
178
     1
271
3
272
3
  0
ENDTAB
  0
TABLE
  2
DIMSTYLE
 70
     2
  0
DIMSTYLE
  2
ROUTEDIM
 70
     0
  3

  4

  5
_NONE
  6
_NONE
  7
_NONE
 40
1
 41
0.1
 42
0.0625
 43
0.38
 44
0.18
 45
0.00
 46
0.0
 47
0.0
 48
0.0
140
0.5
141
0.09
142
0.0
143
25.399999999999999
144
1.0
145
0.5
146
1.0
147
0.09
 71
     1
 72
     0
 73
     1
 74
     0
 75
     0
 76
     0
 77
     2
 78
     0
170
     0
171
     2
172
     0
173
     0
174
     1
175
      0
176
5
177
5
178
     1
271
3
272
3
  0
ENDTAB
  0
TABLE
  2
DIMSTYLE
 70
     2
  0
DIMSTYLE
  2
SAWDIM
 70
     0
  3

  4

  5
_NONE
  6
_NONE
  7
_NONE
 40
1
 41
0.1
 42
0.0625
 43
0.38
 44
0.18
 45
0.00
 46
0.0
 47
0.0
 48
0.0
140
0.5
141
0.09
142
0.0
143
25.399999999999999
144
1.0
145
0.5
146
1.0
147
0.09
 71
     1
 72
     0
 73
     1
 74
     0
 75
     0
 76
     0
 77
     2
 78
     0
170
     0
171
     2
172
     0
173
     0
174
     1
175
      0
176
5
177
5
178
     1
271
3
272
3
  0
ENDTAB
  0
TABLE
  2
VPORT
 70
     1
  0
VPORT
  2
*ACTIVE
 70
     0
 10
0.0
 20
0.0
 11
1.0
 21
1.0
 12
0.0
 22
0.0
 13
0.0
 23
0.0
 14
1.0
 24
1.0
 15
0.0
 25
0.0
 16
0.0
 26
0.0
 36
1.0
 17
0.0
 27
0.0
 37
0.0
 40
84
 41
2.0
 42
50.0
 43
0.0
 44
0.0
 50
0.0
 51
0.0
 71
     0
 72
   100
 73
     1
 74
     0
 75
     1
 76
     0
 77
     0
 78
     0
  0
ENDTAB
  0
ENDSEC
  0
SECTION
  2
ENTITIES
  0
POLYLINE
  8
BORDER_Z0P75
 62
     7
 66
     1
 10
0.0
 20
0.0
 30
0.0
 70
     1
  0
VERTEX
  8
BORDER_Z0P75
 62
     7
 10
0.0
 20
0.0
 30
0.0
  0
VERTEX
  8
BORDER_Z0P75
 62
     7
 10
0.0
 20
48
 30
0.0
  0
VERTEX
  8
BORDER_Z0P75
 62
     7
 10
84
 20
48
 30
0.0
  0
VERTEX
  8
BORDER_Z0P75
 62
     7
 10
84
 20
0.0
 30
0.0
  0
SEQEND
  8
BORDER_Z0P75
 62
     7
  0
POLYLINE
  8
ROUTE_Z0P75LT130RAMP
 62
     3
 66
     1
 10
0.0
 20
0.0
 30
0.0
 70
     0
  0
VERTEX
  8
ROUTE_Z0P75LT130RAMP
 62
     3
 10
-0.46878
 20
27.185072
 30
0.0
  0
VERTEX
  8
ROUTE_Z0P75LT130RAMP
 62
     3
 10
-0.099257
 20
27.248927
 30
0.0
 42
0.441990437351682
  0
VERTEX
  8
ROUTE_Z0P75LT130RAMP
 62
     3
 10
14.764755
 20
48.097801
 30
0.0
  0
VERTEX
  8
ROUTE_Z0P75LT130RAMP
 62
     3
 10
14.704653
 20
48.467953
 30
0.0
  0
SEQEND
  8
ROUTE_Z0P75LT130RAMP
 62
     3
  0
POLYLINE
  8
ROUTE_Z0P75LT130RAMP
 62
     3
 66
     1
 10
0.0
 20
0.0
 30
0.0
 70
     0
  0
VERTEX
  8
ROUTE_Z0P75LT130RAMP
 62
     3
 10
-0.308373
 20
10.34565
 30
0.0
  0
VERTEX
  8
ROUTE_Z0P75LT130RAMP
 62
     3
 10
-0.060535
 20
10.064222
 30
0.0
 42
2.9976765821966
  0
VERTEX
  8
ROUTE_Z0P75LT130RAMP
 62
     3
 10
-0.060535
 20
19.670077
 30
0.0
  0
VERTEX
  8
ROUTE_Z0P75LT130RAMP
 62
     3
 10
-0.308373
 20
19.388649
 30
0.0
  0
SEQEND
  8
ROUTE_Z0P75LT130RAMP
 62
     3
  0
POLYLINE
  8
ROUTE_Z0P75LT130RAMP
 62
     3
 66
     1
 10
0.0
 20
0.0
 30
0.0
 70
     0
  0
VERTEX
  8
ROUTE_Z0P75LT130RAMP
 62
     3
 10
47.889839
 20
-0.406795000000002
 30
0.0
  0
VERTEX
  8
ROUTE_Z0P75LT130RAMP
 62
     3
 10
48.079692
 20
-0.0834049999999991
 30
0.0
 42
1.86774840766321
  0
VERTEX
  8
ROUTE_Z0P75LT130RAMP
 62
     3
 10
22.694739
 20
-0.0834049999999991
 30
0.0
  0
VERTEX
  8
ROUTE_Z0P75LT130RAMP
 62
     3
 10
22.884592
 20
-0.406795000000002
 30
0.0
  0
SEQEND
  8
ROUTE_Z0P75LT130RAMP
 62
     3
  0
POLYLINE
  8
ROUTE_Z0P375LT130RAMP
 62
     3
 66
     1
 10
0.0
 20
0.0
 30
0.0
 70
     0
  0
VERTEX
  8
ROUTE_Z0P375LT130RAMP
 62
     3
 10
49.892806
 20
48
 30
0.0
  0
VERTEX
  8
ROUTE_Z0P375LT130RAMP
 62
     3
 10
49.392806
 20
48
 30
0.0
  0
VERTEX
  8
ROUTE_Z0P375LT130RAMP
 62
     3
 10
14.785611
 20
48
 30
0.0
  0
VERTEX
  8
ROUTE_Z0P375LT130RAMP
 62
     3
 10
14.848309
 20
47.6875
 30
0.0
  0
VERTEX
  8
ROUTE_Z0P375LT130RAMP
 62
     3
 10
83.1875
 20
47.6875
 30
0.0
  0
VERTEX
  8
ROUTE_Z0P375LT130RAMP
 62
     3
 10
83.1875
 20
0.3125
 30
0.0
  0
VERTEX
  8
ROUTE_Z0P375LT130RAMP
 62
     3
 10
48.334697
 20
0.3125
 30
0.0
  0
VERTEX
  8
ROUTE_Z0P375LT130RAMP
 62
     3
 10
48.13486
 20
0
 30
0.0
  0
VERTEX
  8
ROUTE_Z0P375LT130RAMP
 62
     3
 10
84
 20
0
 30
0.0
  0
VERTEX
  8
ROUTE_Z0P375LT130RAMP
 62
     3
 10
84
 20
48
 30
0.0
  0
VERTEX
  8
ROUTE_Z0P375LT130RAMP
 62
     3
 10
49.392806
 20
48
 30
0.0
  0
SEQEND
  8
ROUTE_Z0P375LT130RAMP
 62
     3
  0
POLYLINE
  8
ROUTE_Z0P375LT130RAMP
 62
     3
 66
     1
 10
0.0
 20
0.0
 30
0.0
 70
     0
  0
VERTEX
  8
ROUTE_Z0P375LT130RAMP
 62
     3
 10
68.986844
 20
27.623938
 30
0.0
  0
VERTEX
  8
ROUTE_Z0P375LT130RAMP
 62
     3
 10
69.241712
 20
27.227356
 30
0.0
  0
VERTEX
  8
ROUTE_Z0P375LT130RAMP
 62
     3
 10
69.49658
 20
26.830774
 30
0.0
  0
VERTEX
  8
ROUTE_Z0P375LT130RAMP
 62
     3
 10
70.209127
 20
26.213348
 30
0.0
  0
VERTEX
  8
ROUTE_Z0P375LT130RAMP
 62
     3
 10
71.066761
 20
25.82168
 30
0.0
  0
VERTEX
  8
ROUTE_Z0P375LT130RAMP
 62
     3
 10
72
 20
25.6875
 30
0.0
 42
1.18412679665781
  0
VERTEX
  8
ROUTE_Z0P375LT130RAMP
 62
     3
 10
72
 20
32.3125
 30
0.0
  0
VERTEX
  8
ROUTE_Z0P375LT130RAMP
 62
     3
 10
71.066761
 20
32.17832
 30
0.0
  0
VERTEX
  8
ROUTE_Z0P375LT130RAMP
 62
     3
 10
70.209127
 20
31.786652
 30
0.0
  0
VERTEX
  8
ROUTE_Z0P375LT130RAMP
 62
     3
 10
69.49658
 20
31.169226
 30
0.0
  0
VERTEX
  8
ROUTE_Z0P375LT130RAMP
 62
     3
 10
68.986844
 20
30.376062
 30
0.0
  0
VERTEX
  8
ROUTE_Z0P375LT130RAMP
 62
     3
 10
68.721216
 20
29.471418
 30
0.0
  0
VERTEX
  8
ROUTE_Z0P375LT130RAMP
 62
     3
 10
68.721216
 20
28.528582
 30
0.0
  0
VERTEX
  8
ROUTE_Z0P375LT130RAMP
 62
     3
 10
68.986844
 20
27.623938
 30
0.0
  0
VERTEX
  8
ROUTE_Z0P375LT130RAMP
 62
     3
 10
69.241712
 20
27.227356
 30
0.0
  0
SEQEND
  8
ROUTE_Z0P375LT130RAMP
 62
     3
  0
POLYLINE
  8
ROUTE_Z0P375LT130RAMP
 62
     3
 66
     1
 10
0.0
 20
0.0
 30
0.0
 70
     0
  0
VERTEX
  8
ROUTE_Z0P375LT130RAMP
 62
     3
 10
44.366044
 20
41.751518
 30
0.0
  0
VERTEX
  8
ROUTE_Z0P375LT130RAMP
 62
     3
 10
44.620912
 20
41.354936
 30
0.0
  0
VERTEX
  8
ROUTE_Z0P375LT130RAMP
 62
     3
 10
44.87578
 20
40.958354
 30
0.0
  0
VERTEX
  8
ROUTE_Z0P375LT130RAMP
 62
     3
 10
45.588327
 20
40.340928
 30
0.0
  0
VERTEX
  8
ROUTE_Z0P375LT130RAMP
 62
     3
 10
46.445961
 20
39.94926
 30
0.0
  0
VERTEX
  8
ROUTE_Z0P375LT130RAMP
 62
     3
 10
47.3792
 20
39.81508
 30
0.0
 42
1.1841267966578
  0
VERTEX
  8
ROUTE_Z0P375LT130RAMP
 62
     3
 10
47.3792
 20
46.44008
 30
0.0
  0
VERTEX
  8
ROUTE_Z0P375LT130RAMP
 62
     3
 10
46.445961
 20
46.3059
 30
0.0
  0
VERTEX
  8
ROUTE_Z0P375LT130RAMP
 62
     3
 10
45.588327
 20
45.914232
 30
0.0
  0
VERTEX
  8
ROUTE_Z0P375LT130RAMP
 62
     3
 10
44.87578
 20
45.296806
 30
0.0
  0
VERTEX
  8
ROUTE_Z0P375LT130RAMP
 62
     3
 10
44.366044
 20
44.503642
 30
0.0
  0
VERTEX
  8
ROUTE_Z0P375LT130RAMP
 62
     3
 10
44.100416
 20
43.598998
 30
0.0
  0
VERTEX
  8
ROUTE_Z0P375LT130RAMP
 62
     3
 10
44.100416
 20
42.656162
 30
0.0
  0
VERTEX
  8
ROUTE_Z0P375LT130RAMP
 62
     3
 10
44.366044
 20
41.751518
 30
0.0
  0
VERTEX
  8
ROUTE_Z0P375LT130RAMP
 62
     3
 10
44.620912
 20
41.354936
 30
0.0
  0
SEQEND
  8
ROUTE_Z0P375LT130RAMP
 62
     3
  0
POLYLINE
  8
ROUTE_Z0P375LT130RAMP
 62
     3
 66
     1
 10
0.0
 20
0.0
 30
0.0
 70
     0
  0
VERTEX
  8
ROUTE_Z0P375LT130RAMP
 62
     3
 10
59.486844
 20
7.623938
 30
0.0
  0
VERTEX
  8
ROUTE_Z0P375LT130RAMP
 62
     3
 10
59.741712
 20
7.227356
 30
0.0
  0
VERTEX
  8
ROUTE_Z0P375LT130RAMP
 62
     3
 10
59.99658
 20
6.830774
 30
0.0
  0
VERTEX
  8
ROUTE_Z0P375LT130RAMP
 62
     3
 10
60.709127
 20
6.213348
 30
0.0
  0
VERTEX
  8
ROUTE_Z0P375LT130RAMP
 62
     3
 10
61.566761
 20
5.82168
 30
0.0
  0
VERTEX
  8
ROUTE_Z0P375LT130RAMP
 62
     3
 10
62.5
 20
5.6875
 30
0.0
 42
1.18412679665781
  0
VERTEX
  8
ROUTE_Z0P375LT130RAMP
 62
     3
 10
62.5
 20
12.3125
 30
0.0
  0
VERTEX
  8
ROUTE_Z0P375LT130RAMP
 62
     3
 10
61.566761
 20
12.17832
 30
0.0
  0
VERTEX
  8
ROUTE_Z0P375LT130RAMP
 62
     3
 10
60.709127
 20
11.786652
 30
0.0
  0
VERTEX
  8
ROUTE_Z0P375LT130RAMP
 62
     3
 10
59.99658
 20
11.169226
 30
0.0
  0
VERTEX
  8
ROUTE_Z0P375LT130RAMP
 62
     3
 10
59.486844
 20
10.376062
 30
0.0
  0
VERTEX
  8
ROUTE_Z0P375LT130RAMP
 62
     3
 10
59.221216
 20
9.471418
 30
0.0
  0
VERTEX
  8
ROUTE_Z0P375LT130RAMP
 62
     3
 10
59.221216
 20
8.528582
 30
0.0
  0
VERTEX
  8
ROUTE_Z0P375LT130RAMP
 62
     3
 10
59.486844
 20
7.623938
 30
0.0
  0
VERTEX
  8
ROUTE_Z0P375LT130RAMP
 62
     3
 10
59.741712
 20
7.227356
 30
0.0
  0
SEQEND
  8
ROUTE_Z0P375LT130RAMP
 62
     3
  0
POLYLINE
  8
ROUTE_Z0P75LT130RAMP
 62
     3
 66
     1
 10
0.0
 20
0.0
 30
0.0
 70
     0
  0
VERTEX
  8
ROUTE_Z0P75LT130RAMP
 62
     3
 10
62.9285714285714
 20
8
 30
0.0
  0
VERTEX
  8
ROUTE_Z0P75LT130RAMP
 62
     3
 10
62.9285714285714
 20
9
 30
0.0
 42
0.41421356
  0
VERTEX
  8
ROUTE_Z0P75LT130RAMP
 62
     3
 10
62.5
 20
9.42857142857143
 30
0.0
 42
0.41421356
  0
VERTEX
  8
ROUTE_Z0P75LT130RAMP
 62
     3
 10
62.0714285714286
 20
9
 30
0.0
 42
0.41421356
  0
VERTEX
  8
ROUTE_Z0P75LT130RAMP
 62
     3
 10
62.5
 20
8.57142857142857
 30
0.0
 42
0.41421356
  0
VERTEX
  8
ROUTE_Z0P75LT130RAMP
 62
     3
 10
62.9928571428571
 20
9
 30
0.0
 42
0.4
  0
VERTEX
  8
ROUTE_Z0P75LT130RAMP
 62
     3
 10
62.5
 20
9.53571428571428
 30
0.0
 42
0.4
  0
VERTEX
  8
ROUTE_Z0P75LT130RAMP
 62
     3
 10
61.8571428571429
 20
9
 30
0.0
 42
0.4
  0
VERTEX
  8
ROUTE_Z0P75LT130RAMP
 62
     3
 10
62.5
 20
8.25
 30
0.0
 42
0.4
  0
VERTEX
  8
ROUTE_Z0P75LT130RAMP
 62
     3
 10
63.3571428571429
 20
9
 30
0.0
 42
0.4
  0
VERTEX
  8
ROUTE_Z0P75LT130RAMP
 62
     3
 10
62.5
 20
9.96428571428571
 30
0.0
 42
0.4
  0
VERTEX
  8
ROUTE_Z0P75LT130RAMP
 62
     3
 10
61.4285714285714
 20
9
 30
0.0
 42
0.4
  0
VERTEX
  8
ROUTE_Z0P75LT130RAMP
 62
     3
 10
62.5
 20
7.82142857142858
 30
0.0
 42
0.4
  0
VERTEX
  8
ROUTE_Z0P75LT130RAMP
 62
     3
 10
63.7857142857143
 20
9
 30
0.0
 42
0.4
  0
VERTEX
  8
ROUTE_Z0P75LT130RAMP
 62
     3
 10
62.5
 20
10.3928571428571
 30
0.0
 42
0.4
  0
VERTEX
  8
ROUTE_Z0P75LT130RAMP
 62
     3
 10
61
 20
9
 30
0.0
 42
0.4
  0
VERTEX
  8
ROUTE_Z0P75LT130RAMP
 62
     3
 10
62.5
 20
7.39285714285715
 30
0.0
 42
0.4
  0
VERTEX
  8
ROUTE_Z0P75LT130RAMP
 62
     3
 10
64.2142857142857
 20
9
 30
0.0
 42
0.4
  0
VERTEX
  8
ROUTE_Z0P75LT130RAMP
 62
     3
 10
62.5
 20
10.8214285714286
 30
0.0
 42
0.4
  0
VERTEX
  8
ROUTE_Z0P75LT130RAMP
 62
     3
 10
60.5714285714286
 20
9
 30
0.0
 42
0.4
  0
VERTEX
  8
ROUTE_Z0P75LT130RAMP
 62
     3
 10
62.5
 20
6.96428571428572
 30
0.0
 42
0.4
  0
VERTEX
  8
ROUTE_Z0P75LT130RAMP
 62
     3
 10
64.6428571428571
 20
9
 30
0.0
 42
0.4
  0
VERTEX
  8
ROUTE_Z0P75LT130RAMP
 62
     3
 10
62.5
 20
11.25
 30
0.0
 42
0.4
  0
VERTEX
  8
ROUTE_Z0P75LT130RAMP
 62
     3
 10
60.1428571428571
 20
9
 30
0.0
 42
0.4
  0
VERTEX
  8
ROUTE_Z0P75LT130RAMP
 62
     3
 10
62.5
 20
6.53571428571428
 30
0.0
 42
0.4
  0
VERTEX
  8
ROUTE_Z0P75LT130RAMP
 62
     3
 10
65.0714285714286
 20
9
 30
0.0
 42
0.4
  0
VERTEX
  8
ROUTE_Z0P75LT130RAMP
 62
     3
 10
62.5
 20
11.6785714285714
 30
0.0
 42
0.4
  0
VERTEX
  8
ROUTE_Z0P75LT130RAMP
 62
     3
 10
59.7142857142857
 20
9
 30
0.0
 42
0.4
  0
VERTEX
  8
ROUTE_Z0P75LT130RAMP
 62
     3
 10
62.5
 20
6.10714285714286
 30
0.0
 42
0.4
  0
VERTEX
  8
ROUTE_Z0P75LT130RAMP
 62
     3
 10
65.5
 20
9
 30
0.0
 42
0.41421356
  0
VERTEX
  8
ROUTE_Z0P75LT130RAMP
 62
     3
 10
62.5
 20
12
 30
0.0
 42
0.41421356
  0
VERTEX
  8
ROUTE_Z0P75LT130RAMP
 62
     3
 10
59.5
 20
9
 30
0.0
 42
0.41421356
  0
VERTEX
  8
ROUTE_Z0P75LT130RAMP
 62
     3
 10
62.5
 20
6
 30
0.0
 42
0.41421356
  0
VERTEX
  8
ROUTE_Z0P75LT130RAMP
 62
     3
 10
65.5
 20
9
 30
0.0
 42
0.41421356
  0
VERTEX
  8
ROUTE_Z0P75LT130RAMP
 62
     3
 10
62.5
 20
12
 30
0.0
 42
0.41421356
  0
VERTEX
  8
ROUTE_Z0P75LT130RAMP
 62
     3
 10
59.6071428571429
 20
9
 30
0.0
  0
SEQEND
  8
ROUTE_Z0P75LT130RAMP
 62
     3
  0
POLYLINE
  8
ROUTE_Z0P75LT130RAMP
 62
     3
 66
     1
 10
0.0
 20
0.0
 30
0.0
 70
     0
  0
VERTEX
  8
ROUTE_Z0P75LT130RAMP
 62
     3
 10
72.4285714285714
 20
28
 30
0.0
  0
VERTEX
  8
ROUTE_Z0P75LT130RAMP
 62
     3
 10
72.4285714285714
 20
29
 30
0.0
 42
0.41421356
  0
VERTEX
  8
ROUTE_Z0P75LT130RAMP
 62
     3
 10
72
 20
29.4285714285714
 30
0.0
 42
0.41421356
  0
VERTEX
  8
ROUTE_Z0P75LT130RAMP
 62
     3
 10
71.5714285714286
 20
29
 30
0.0
 42
0.41421356
  0
VERTEX
  8
ROUTE_Z0P75LT130RAMP
 62
     3
 10
72
 20
28.5714285714286
 30
0.0
 42
0.41421356
  0
VERTEX
  8
ROUTE_Z0P75LT130RAMP
 62
     3
 10
72.4928571428571
 20
29
 30
0.0
 42
0.4
  0
VERTEX
  8
ROUTE_Z0P75LT130RAMP
 62
     3
 10
72
 20
29.5357142857143
 30
0.0
 42
0.4
  0
VERTEX
  8
ROUTE_Z0P75LT130RAMP
 62
     3
 10
71.3571428571429
 20
29
 30
0.0
 42
0.4
  0
VERTEX
  8
ROUTE_Z0P75LT130RAMP
 62
     3
 10
72
 20
28.25
 30
0.0
 42
0.4
  0
VERTEX
  8
ROUTE_Z0P75LT130RAMP
 62
     3
 10
72.8571428571429
 20
29
 30
0.0
 42
0.4
  0
VERTEX
  8
ROUTE_Z0P75LT130RAMP
 62
     3
 10
72
 20
29.9642857142857
 30
0.0
 42
0.4
  0
VERTEX
  8
ROUTE_Z0P75LT130RAMP
 62
     3
 10
70.9285714285714
 20
29
 30
0.0
 42
0.4
  0
VERTEX
  8
ROUTE_Z0P75LT130RAMP
 62
     3
 10
72
 20
27.8214285714286
 30
0.0
 42
0.4
  0
VERTEX
  8
ROUTE_Z0P75LT130RAMP
 62
     3
 10
73.2857142857143
 20
29
 30
0.0
 42
0.4
  0
VERTEX
  8
ROUTE_Z0P75LT130RAMP
 62
     3
 10
72
 20
30.3928571428571
 30
0.0
 42
0.4
  0
VERTEX
  8
ROUTE_Z0P75LT130RAMP
 62
     3
 10
70.5
 20
29
 30
0.0
 42
0.4
  0
VERTEX
  8
ROUTE_Z0P75LT130RAMP
 62
     3
 10
72
 20
27.3928571428571
 30
0.0
 42
0.4
  0
VERTEX
  8
ROUTE_Z0P75LT130RAMP
 62
     3
 10
73.7142857142857
 20
29
 30
0.0
 42
0.4
  0
VERTEX
  8
ROUTE_Z0P75LT130RAMP
 62
     3
 10
72
 20
30.8214285714286
 30
0.0
 42
0.4
  0
VERTEX
  8
ROUTE_Z0P75LT130RAMP
 62
     3
 10
70.0714285714286
 20
29
 30
0.0
 42
0.4
  0
VERTEX
  8
ROUTE_Z0P75LT130RAMP
 62
     3
 10
72
 20
26.9642857142857
 30
0.0
 42
0.4
  0
VERTEX
  8
ROUTE_Z0P75LT130RAMP
 62
     3
 10
74.1428571428571
 20
29
 30
0.0
 42
0.4
  0
VERTEX
  8
ROUTE_Z0P75LT130RAMP
 62
     3
 10
72
 20
31.25
 30
0.0
 42
0.4
  0
VERTEX
  8
ROUTE_Z0P75LT130RAMP
 62
     3
 10
69.6428571428572
 20
29
 30
0.0
 42
0.4
  0
VERTEX
  8
ROUTE_Z0P75LT130RAMP
 62
     3
 10
72
 20
26.5357142857143
 30
0.0
 42
0.4
  0
VERTEX
  8
ROUTE_Z0P75LT130RAMP
 62
     3
 10
74.5714285714286
 20
29
 30
0.0
 42
0.4
  0
VERTEX
  8
ROUTE_Z0P75LT130RAMP
 62
     3
 10
72
 20
31.6785714285714
 30
0.0
 42
0.4
  0
VERTEX
  8
ROUTE_Z0P75LT130RAMP
 62
     3
 10
69.2142857142857
 20
29
 30
0.0
 42
0.4
  0
VERTEX
  8
ROUTE_Z0P75LT130RAMP
 62
     3
 10
72
 20
26.1071428571429
 30
0.0
 42
0.4
  0
VERTEX
  8
ROUTE_Z0P75LT130RAMP
 62
     3
 10
75
 20
29
 30
0.0
 42
0.41421356
  0
VERTEX
  8
ROUTE_Z0P75LT130RAMP
 62
     3
 10
72
 20
32
 30
0.0
 42
0.41421356
  0
VERTEX
  8
ROUTE_Z0P75LT130RAMP
 62
     3
 10
69
 20
29
 30
0.0
 42
0.41421356
  0
VERTEX
  8
ROUTE_Z0P75LT130RAMP
 62
     3
 10
72
 20
26
 30
0.0
 42
0.41421356
  0
VERTEX
  8
ROUTE_Z0P75LT130RAMP
 62
     3
 10
75
 20
29
 30
0.0
 42
0.41421356
  0
VERTEX
  8
ROUTE_Z0P75LT130RAMP
 62
     3
 10
72
 20
32
 30
0.0
 42
0.41421356
  0
VERTEX
  8
ROUTE_Z0P75LT130RAMP
 62
     3
 10
69.1071428571429
 20
29
 30
0.0
  0
SEQEND
  8
ROUTE_Z0P75LT130RAMP
 62
     3
  0
POLYLINE
  8
ROUTE_Z0P75LT130RAMP
 62
     3
 66
     1
 10
0.0
 20
0.0
 30
0.0
 70
     0
  0
VERTEX
  8
ROUTE_Z0P75LT130RAMP
 62
     3
 10
47.8077714285714
 20
42.12758
 30
0.0
  0
VERTEX
  8
ROUTE_Z0P75LT130RAMP
 62
     3
 10
47.8077714285714
 20
43.12758
 30
0.0
 42
0.41421356
  0
VERTEX
  8
ROUTE_Z0P75LT130RAMP
 62
     3
 10
47.3792
 20
43.5561514285714
 30
0.0
 42
0.41421356
  0
VERTEX
  8
ROUTE_Z0P75LT130RAMP
 62
     3
 10
46.9506285714286
 20
43.12758
 30
0.0
 42
0.41421356
  0
VERTEX
  8
ROUTE_Z0P75LT130RAMP
 62
     3
 10
47.3792
 20
42.6990085714286
 30
0.0
 42
0.41421356
  0
VERTEX
  8
ROUTE_Z0P75LT130RAMP
 62
     3
 10
47.8720571428571
 20
43.12758
 30
0.0
 42
0.4
  0
VERTEX
  8
ROUTE_Z0P75LT130RAMP
 62
     3
 10
47.3792
 20
43.6632942857143
 30
0.0
 42
0.4
  0
VERTEX
  8
ROUTE_Z0P75LT130RAMP
 62
     3
 10
46.7363428571429
 20
43.12758
 30
0.0
 42
0.4
  0
VERTEX
  8
ROUTE_Z0P75LT130RAMP
 62
     3
 10
47.3792
 20
42.37758
 30
0.0
 42
0.4
  0
VERTEX
  8
ROUTE_Z0P75LT130RAMP
 62
     3
 10
48.2363428571429
 20
43.12758
 30
0.0
 42
0.4
  0
VERTEX
  8
ROUTE_Z0P75LT130RAMP
 62
     3
 10
47.3792
 20
44.0918657142857
 30
0.0
 42
0.4
  0
VERTEX
  8
ROUTE_Z0P75LT130RAMP
 62
     3
 10
46.3077714285714
 20
43.12758
 30
0.0
 42
0.4
  0
VERTEX
  8
ROUTE_Z0P75LT130RAMP
 62
     3
 10
47.3792
 20
41.9490085714286
 30
0.0
 42
0.4
  0
VERTEX
  8
ROUTE_Z0P75LT130RAMP
 62
     3
 10
48.6649142857143
 20
43.12758
 30
0.0
 42
0.4
  0
VERTEX
  8
ROUTE_Z0P75LT130RAMP
 62
     3
 10
47.3792
 20
44.5204371428571
 30
0.0
 42
0.4
  0
VERTEX
  8
ROUTE_Z0P75LT130RAMP
 62
     3
 10
45.8792
 20
43.12758
 30
0.0
 42
0.4
  0
VERTEX
  8
ROUTE_Z0P75LT130RAMP
 62
     3
 10
47.3792
 20
41.5204371428571
 30
0.0
 42
0.4
  0
VERTEX
  8
ROUTE_Z0P75LT130RAMP
 62
     3
 10
49.0934857142857
 20
43.12758
 30
0.0
 42
0.4
  0
VERTEX
  8
ROUTE_Z0P75LT130RAMP
 62
     3
 10
47.3792
 20
44.9490085714286
 30
0.0
 42
0.4
  0
VERTEX
  8
ROUTE_Z0P75LT130RAMP
 62
     3
 10
45.4506285714286
 20
43.12758
 30
0.0
 42
0.4
  0
VERTEX
  8
ROUTE_Z0P75LT130RAMP
 62
     3
 10
47.3792
 20
41.0918657142857
 30
0.0
 42
0.4
  0
VERTEX
  8
ROUTE_Z0P75LT130RAMP
 62
     3
 10
49.5220571428571
 20
43.12758
 30
0.0
 42
0.4
  0
VERTEX
  8
ROUTE_Z0P75LT130RAMP
 62
     3
 10
47.3792
 20
45.37758
 30
0.0
 42
0.4
  0
VERTEX
  8
ROUTE_Z0P75LT130RAMP
 62
     3
 10
45.0220571428571
 20
43.12758
 30
0.0
 42
0.4
  0
VERTEX
  8
ROUTE_Z0P75LT130RAMP
 62
     3
 10
47.3792
 20
40.6632942857143
 30
0.0
 42
0.4
  0
VERTEX
  8
ROUTE_Z0P75LT130RAMP
 62
     3
 10
49.9506285714286
 20
43.12758
 30
0.0
 42
0.4
  0
VERTEX
  8
ROUTE_Z0P75LT130RAMP
 62
     3
 10
47.3792
 20
45.8061514285714
 30
0.0
 42
0.4
  0
VERTEX
  8
ROUTE_Z0P75LT130RAMP
 62
     3
 10
44.5934857142857
 20
43.12758
 30
0.0
 42
0.4
  0
VERTEX
  8
ROUTE_Z0P75LT130RAMP
 62
     3
 10
47.3792
 20
40.2347228571429
 30
0.0
 42
0.4
  0
VERTEX
  8
ROUTE_Z0P75LT130RAMP
 62
     3
 10
50.3792
 20
43.12758
 30
0.0
 42
0.41421356
  0
VERTEX
  8
ROUTE_Z0P75LT130RAMP
 62
     3
 10
47.3792
 20
46.12758
 30
0.0
 42
0.41421356
  0
VERTEX
  8
ROUTE_Z0P75LT130RAMP
 62
     3
 10
44.3792
 20
43.12758
 30
0.0
 42
0.41421356
  0
VERTEX
  8
ROUTE_Z0P75LT130RAMP
 62
     3
 10
47.3792
 20
40.12758
 30
0.0
 42
0.41421356
  0
VERTEX
  8
ROUTE_Z0P75LT130RAMP
 62
     3
 10
50.3792
 20
43.12758
 30
0.0
 42
0.41421356
  0
VERTEX
  8
ROUTE_Z0P75LT130RAMP
 62
     3
 10
47.3792
 20
46.12758
 30
0.0
 42
0.41421356
  0
VERTEX
  8
ROUTE_Z0P75LT130RAMP
 62
     3
 10
44.4863428571429
 20
43.12758
 30
0.0
  0
SEQEND
  8
ROUTE_Z0P75LT130RAMP
 62
     3
  0
POLYLINE
  8
ROUTE_Z0P75LT130RAMP
 62
     3
 66
     1
 10
0.0
 20
0.0
 30
0.0
 70
     0
  0
VERTEX
  8
ROUTE_Z0P75LT130RAMP
 62
     3
 10
72.5204081632654
 20
27.7857142857143
 30
0.0
  0
VERTEX
  8
ROUTE_Z0P75LT130RAMP
 62
     3
 10
72.5204081632654
 20
28.7857142857143
 30
0.0
 42
0.41421356
  0
VERTEX
  8
ROUTE_Z0P75LT130RAMP
 62
     3
 10
72.1071428571429
 20
29.1989795918367
 30
0.0
 42
0.41421356
  0
VERTEX
  8
ROUTE_Z0P75LT130RAMP
 62
     3
 10
71.6938775510204
 20
28.7857142857143
 30
0.0
 42
0.41421356
  0
VERTEX
  8
ROUTE_Z0P75LT130RAMP
 62
     3
 10
72.1071428571429
 20
28.3724489795919
 30
0.0
 42
0.41421356
  0
VERTEX
  8
ROUTE_Z0P75LT130RAMP
 62
     3
 10
72.5823979591837
 20
28.7857142857143
 30
0.0
 42
0.4
  0
VERTEX
  8
ROUTE_Z0P75LT130RAMP
 62
     3
 10
72.1071428571429
 20
29.3022959183674
 30
0.0
 42
0.4
  0
VERTEX
  8
ROUTE_Z0P75LT130RAMP
 62
     3
 10
71.4872448979592
 20
28.7857142857143
 30
0.0
 42
0.4
  0
VERTEX
  8
ROUTE_Z0P75LT130RAMP
 62
     3
 10
72.1071428571429
 20
28.0625
 30
0.0
 42
0.4
  0
VERTEX
  8
ROUTE_Z0P75LT130RAMP
 62
     3
 10
72.9336734693878
 20
28.7857142857143
 30
0.0
 42
0.4
  0
VERTEX
  8
ROUTE_Z0P75LT130RAMP
 62
     3
 10
72.1071428571429
 20
29.7155612244898
 30
0.0
 42
0.4
  0
VERTEX
  8
ROUTE_Z0P75LT130RAMP
 62
     3
 10
71.0739795918368
 20
28.7857142857143
 30
0.0
 42
0.4
  0
VERTEX
  8
ROUTE_Z0P75LT130RAMP
 62
     3
 10
72.1071428571429
 20
27.6492346938776
 30
0.0
 42
0.4
  0
VERTEX
  8
ROUTE_Z0P75LT130RAMP
 62
     3
 10
73.3469387755103
 20
28.7857142857143
 30
0.0
 42
0.4
  0
VERTEX
  8
ROUTE_Z0P75LT130RAMP
 62
     3
 10
72.1071428571429
 20
30.1288265306123
 30
0.0
 42
0.4
  0
VERTEX
  8
ROUTE_Z0P75LT130RAMP
 62
     3
 10
70.6607142857143
 20
28.7857142857143
 30
0.0
 42
0.4
  0
VERTEX
  8
ROUTE_Z0P75LT130RAMP
 62
     3
 10
72.1071428571429
 20
27.2359693877551
 30
0.0
 42
0.4
  0
VERTEX
  8
ROUTE_Z0P75LT130RAMP
 62
     3
 10
73.7602040816327
 20
28.7857142857143
 30
0.0
 42
0.4
  0
VERTEX
  8
ROUTE_Z0P75LT130RAMP
 62
     3
 10
72.1071428571429
 20
30.5420918367347
 30
0.0
 42
0.4
  0
VERTEX
  8
ROUTE_Z0P75LT130RAMP
 62
     3
 10
70.2474489795919
 20
28.7857142857143
 30
0.0
 42
0.4
  0
VERTEX
  8
ROUTE_Z0P75LT130RAMP
 62
     3
 10
72.1071428571429
 20
26.8227040816327
 30
0.0
 42
0.4
  0
VERTEX
  8
ROUTE_Z0P75LT130RAMP
 62
     3
 10
74.1734693877551
 20
28.7857142857143
 30
0.0
 42
0.4
  0
VERTEX
  8
ROUTE_Z0P75LT130RAMP
 62
     3
 10
72.1071428571429
 20
30.9553571428572
 30
0.0
 42
0.4
  0
VERTEX
  8
ROUTE_Z0P75LT130RAMP
 62
     3
 10
69.8341836734694
 20
28.7857142857143
 30
0.0
 42
0.4
  0
VERTEX
  8
ROUTE_Z0P75LT130RAMP
 62
     3
 10
72.1071428571429
 20
26.4094387755102
 30
0.0
 42
0.4
  0
VERTEX
  8
ROUTE_Z0P75LT130RAMP
 62
     3
 10
74.5867346938776
 20
28.7857142857143
 30
0.0
 42
0.4
  0
VERTEX
  8
ROUTE_Z0P75LT130RAMP
 62
     3
 10
72.1071428571429
 20
31.3686224489796
 30
0.0
 42
0.4
  0
VERTEX
  8
ROUTE_Z0P75LT130RAMP
 62
     3
 10
69.420918367347
 20
28.7857142857143
 30
0.0
 42
0.4
  0
VERTEX
  8
ROUTE_Z0P75LT130RAMP
 62
     3
 10
72.1071428571429
 20
25.9961734693878
 30
0.0
 42
0.4
  0
VERTEX
  8
ROUTE_Z0P75LT130RAMP
 62
     3
 10
75
 20
28.7857142857143
 30
0.0
 42
0.41421356
  0
VERTEX
  8
ROUTE_Z0P75LT130RAMP
 62
     3
 10
72.1071428571429
 20
31.6785714285714
 30
0.0
 42
0.41421356
  0
VERTEX
  8
ROUTE_Z0P75LT130RAMP
 62
     3
 10
69.2142857142858
 20
28.7857142857143
 30
0.0
 42
0.41421356
  0
VERTEX
  8
ROUTE_Z0P75LT130RAMP
 62
     3
 10
72.1071428571429
 20
25.8928571428572
 30
0.0
 42
0.41421356
  0
VERTEX
  8
ROUTE_Z0P75LT130RAMP
 62
     3
 10
75
 20
28.7857142857143
 30
0.0
 42
0.41421356
  0
VERTEX
  8
ROUTE_Z0P75LT130RAMP
 62
     3
 10
72.1071428571429
 20
31.6785714285714
 30
0.0
 42
0.41421356
  0
VERTEX
  8
ROUTE_Z0P75LT130RAMP
 62
     3
 10
69.3176020408164
 20
28.7857142857143
 30
0.0
  0
SEQEND
  8
ROUTE_Z0P75LT130RAMP
 62
     3
  0
POLYLINE
  8
ROUTE_Z0P75LT130RAMP
 62
     3
 66
     1
 10
0.0
 20
0.0
 30
0.0
 70
     0
  0
VERTEX
  8
ROUTE_Z0P75LT130RAMP
 62
     3
 10
63.0204081632653
 20
7.7857142857143
 30
0.0
  0
VERTEX
  8
ROUTE_Z0P75LT130RAMP
 62
     3
 10
63.0204081632653
 20
8.7857142857143
 30
0.0
 42
0.41421356
  0
VERTEX
  8
ROUTE_Z0P75LT130RAMP
 62
     3
 10
62.6071428571429
 20
9.19897959183675
 30
0.0
 42
0.41421356
  0
VERTEX
  8
ROUTE_Z0P75LT130RAMP
 62
     3
 10
62.1938775510204
 20
8.7857142857143
 30
0.0
 42
0.41421356
  0
VERTEX
  8
ROUTE_Z0P75LT130RAMP
 62
     3
 10
62.6071428571429
 20
8.37244897959185
 30
0.0
 42
0.41421356
  0
VERTEX
  8
ROUTE_Z0P75LT130RAMP
 62
     3
 10
63.0823979591837
 20
8.7857142857143
 30
0.0
 42
0.4
  0
VERTEX
  8
ROUTE_Z0P75LT130RAMP
 62
     3
 10
62.6071428571429
 20
9.30229591836736
 30
0.0
 42
0.4
  0
VERTEX
  8
ROUTE_Z0P75LT130RAMP
 62
     3
 10
61.9872448979592
 20
8.7857142857143
 30
0.0
 42
0.4
  0
VERTEX
  8
ROUTE_Z0P75LT130RAMP
 62
     3
 10
62.6071428571429
 20
8.06250000000001
 30
0.0
 42
0.4
  0
VERTEX
  8
ROUTE_Z0P75LT130RAMP
 62
     3
 10
63.4336734693878
 20
8.7857142857143
 30
0.0
 42
0.4
  0
VERTEX
  8
ROUTE_Z0P75LT130RAMP
 62
     3
 10
62.6071428571429
 20
9.7155612244898
 30
0.0
 42
0.4
  0
VERTEX
  8
ROUTE_Z0P75LT130RAMP
 62
     3
 10
61.5739795918368
 20
8.7857142857143
 30
0.0
 42
0.4
  0
VERTEX
  8
ROUTE_Z0P75LT130RAMP
 62
     3
 10
62.6071428571429
 20
7.64923469387757
 30
0.0
 42
0.4
  0
VERTEX
  8
ROUTE_Z0P75LT130RAMP
 62
     3
 10
63.8469387755102
 20
8.7857142857143
 30
0.0
 42
0.4
  0
VERTEX
  8
ROUTE_Z0P75LT130RAMP
 62
     3
 10
62.6071428571429
 20
10.1288265306123
 30
0.0
 42
0.4
  0
VERTEX
  8
ROUTE_Z0P75LT130RAMP
 62
     3
 10
61.1607142857143
 20
8.7857142857143
 30
0.0
 42
0.4
  0
VERTEX
  8
ROUTE_Z0P75LT130RAMP
 62
     3
 10
62.6071428571429
 20
7.23596938775512
 30
0.0
 42
0.4
  0
VERTEX
  8
ROUTE_Z0P75LT130RAMP
 62
     3
 10
64.2602040816327
 20
8.7857142857143
 30
0.0
 42
0.4
  0
VERTEX
  8
ROUTE_Z0P75LT130RAMP
 62
     3
 10
62.6071428571429
 20
10.5420918367347
 30
0.0
 42
0.4
  0
VERTEX
  8
ROUTE_Z0P75LT130RAMP
 62
     3
 10
60.7474489795919
 20
8.7857142857143
 30
0.0
 42
0.4
  0
VERTEX
  8
ROUTE_Z0P75LT130RAMP
 62
     3
 10
62.6071428571429
 20
6.82270408163266
 30
0.0
 42
0.4
  0
VERTEX
  8
ROUTE_Z0P75LT130RAMP
 62
     3
 10
64.6734693877551
 20
8.7857142857143
 30
0.0
 42
0.4
  0
VERTEX
  8
ROUTE_Z0P75LT130RAMP
 62
     3
 10
62.6071428571429
 20
10.9553571428572
 30
0.0
 42
0.4
  0
VERTEX
  8
ROUTE_Z0P75LT130RAMP
 62
     3
 10
60.3341836734694
 20
8.7857142857143
 30
0.0
 42
0.4
  0
VERTEX
  8
ROUTE_Z0P75LT130RAMP
 62
     3
 10
62.6071428571429
 20
6.40943877551022
 30
0.0
 42
0.4
  0
VERTEX
  8
ROUTE_Z0P75LT130RAMP
 62
     3
 10
65.0867346938776
 20
8.7857142857143
 30
0.0
 42
0.4
  0
VERTEX
  8
ROUTE_Z0P75LT130RAMP
 62
     3
 10
62.6071428571429
 20
11.3686224489796
 30
0.0
 42
0.4
  0
VERTEX
  8
ROUTE_Z0P75LT130RAMP
 62
     3
 10
59.920918367347
 20
8.7857142857143
 30
0.0
 42
0.4
  0
VERTEX
  8
ROUTE_Z0P75LT130RAMP
 62
     3
 10
62.6071428571429
 20
5.99617346938777
 30
0.0
 42
0.4
  0
VERTEX
  8
ROUTE_Z0P75LT130RAMP
 62
     3
 10
65.5
 20
8.7857142857143
 30
0.0
 42
0.41421356
  0
VERTEX
  8
ROUTE_Z0P75LT130RAMP
 62
     3
 10
62.6071428571429
 20
11.6785714285714
 30
0.0
 42
0.41421356
  0
VERTEX
  8
ROUTE_Z0P75LT130RAMP
 62
     3
 10
59.7142857142858
 20
8.7857142857143
 30
0.0
 42
0.41421356
  0
VERTEX
  8
ROUTE_Z0P75LT130RAMP
 62
     3
 10
62.6071428571429
 20
5.89285714285716
 30
0.0
 42
0.41421356
  0
VERTEX
  8
ROUTE_Z0P75LT130RAMP
 62
     3
 10
65.5
 20
8.7857142857143
 30
0.0
 42
0.41421356
  0
VERTEX
  8
ROUTE_Z0P75LT130RAMP
 62
     3
 10
62.6071428571429
 20
11.6785714285714
 30
0.0
 42
0.41421356
  0
VERTEX
  8
ROUTE_Z0P75LT130RAMP
 62
     3
 10
59.8176020408164
 20
8.7857142857143
 30
0.0
  0
SEQEND
  8
ROUTE_Z0P75LT130RAMP
 62
     3
  0
POLYLINE
  8
ROUTE_Z0P75LT130RAMP
 62
     3
 66
     1
 10
0.0
 20
0.0
 30
0.0
 70
     0
  0
VERTEX
  8
ROUTE_Z0P75LT130RAMP
 62
     3
 10
47.8996081632653
 20
41.9132942857143
 30
0.0
  0
VERTEX
  8
ROUTE_Z0P75LT130RAMP
 62
     3
 10
47.8996081632653
 20
42.9132942857143
 30
0.0
 42
0.41421356
  0
VERTEX
  8
ROUTE_Z0P75LT130RAMP
 62
     3
 10
47.4863428571429
 20
43.3265595918367
 30
0.0
 42
0.41421356
  0
VERTEX
  8
ROUTE_Z0P75LT130RAMP
 62
     3
 10
47.0730775510205
 20
42.9132942857143
 30
0.0
 42
0.41421356
  0
VERTEX
  8
ROUTE_Z0P75LT130RAMP
 62
     3
 10
47.4863428571429
 20
42.5000289795918
 30
0.0
 42
0.41421356
  0
VERTEX
  8
ROUTE_Z0P75LT130RAMP
 62
     3
 10
47.9615979591837
 20
42.9132942857143
 30
0.0
 42
0.4
  0
VERTEX
  8
ROUTE_Z0P75LT130RAMP
 62
     3
 10
47.4863428571429
 20
43.4298759183673
 30
0.0
 42
0.4
  0
VERTEX
  8
ROUTE_Z0P75LT130RAMP
 62
     3
 10
46.8664448979592
 20
42.9132942857143
 30
0.0
 42
0.4
  0
VERTEX
  8
ROUTE_Z0P75LT130RAMP
 62
     3
 10
47.4863428571429
 20
42.19008
 30
0.0
 42
0.4
  0
VERTEX
  8
ROUTE_Z0P75LT130RAMP
 62
     3
 10
48.3128734693878
 20
42.9132942857143
 30
0.0
 42
0.4
  0
VERTEX
  8
ROUTE_Z0P75LT130RAMP
 62
     3
 10
47.4863428571429
 20
43.8431412244898
 30
0.0
 42
0.4
  0
VERTEX
  8
ROUTE_Z0P75LT130RAMP
 62
     3
 10
46.4531795918368
 20
42.9132942857143
 30
0.0
 42
0.4
  0
VERTEX
  8
ROUTE_Z0P75LT130RAMP
 62
     3
 10
47.4863428571429
 20
41.7768146938775
 30
0.0
 42
0.4
  0
VERTEX
  8
ROUTE_Z0P75LT130RAMP
 62
     3
 10
48.7261387755102
 20
42.9132942857143
 30
0.0
 42
0.4
  0
VERTEX
  8
ROUTE_Z0P75LT130RAMP
 62
     3
 10
47.4863428571429
 20
44.2564065306122
 30
0.0
 42
0.4
  0
VERTEX
  8
ROUTE_Z0P75LT130RAMP
 62
     3
 10
46.0399142857143
 20
42.9132942857143
 30
0.0
 42
0.4
  0
VERTEX
  8
ROUTE_Z0P75LT130RAMP
 62
     3
 10
47.4863428571429
 20
41.3635493877551
 30
0.0
 42
0.4
  0
VERTEX
  8
ROUTE_Z0P75LT130RAMP
 62
     3
 10
49.1394040816327
 20
42.9132942857143
 30
0.0
 42
0.4
  0
VERTEX
  8
ROUTE_Z0P75LT130RAMP
 62
     3
 10
47.4863428571429
 20
44.6696718367347
 30
0.0
 42
0.4
  0
VERTEX
  8
ROUTE_Z0P75LT130RAMP
 62
     3
 10
45.6266489795919
 20
42.9132942857143
 30
0.0
 42
0.4
  0
VERTEX
  8
ROUTE_Z0P75LT130RAMP
 62
     3
 10
47.4863428571429
 20
40.9502840816327
 30
0.0
 42
0.4
  0
VERTEX
  8
ROUTE_Z0P75LT130RAMP
 62
     3
 10
49.5526693877551
 20
42.9132942857143
 30
0.0
 42
0.4
  0
VERTEX
  8
ROUTE_Z0P75LT130RAMP
 62
     3
 10
47.4863428571429
 20
45.0829371428571
 30
0.0
 42
0.4
  0
VERTEX
  8
ROUTE_Z0P75LT130RAMP
 62
     3
 10
45.2133836734694
 20
42.9132942857143
 30
0.0
 42
0.4
  0
VERTEX
  8
ROUTE_Z0P75LT130RAMP
 62
     3
 10
47.4863428571429
 20
40.5370187755102
 30
0.0
 42
0.4
  0
VERTEX
  8
ROUTE_Z0P75LT130RAMP
 62
     3
 10
49.9659346938776
 20
42.9132942857143
 30
0.0
 42
0.4
  0
VERTEX
  8
ROUTE_Z0P75LT130RAMP
 62
     3
 10
47.4863428571429
 20
45.4962024489796
 30
0.0
 42
0.4
  0
VERTEX
  8
ROUTE_Z0P75LT130RAMP
 62
     3
 10
44.800118367347
 20
42.9132942857143
 30
0.0
 42
0.4
  0
VERTEX
  8
ROUTE_Z0P75LT130RAMP
 62
     3
 10
47.4863428571429
 20
40.1237534693878
 30
0.0
 42
0.4
  0
VERTEX
  8
ROUTE_Z0P75LT130RAMP
 62
     3
 10
50.3792
 20
42.9132942857143
 30
0.0
 42
0.41421356
  0
VERTEX
  8
ROUTE_Z0P75LT130RAMP
 62
     3
 10
47.4863428571429
 20
45.8061514285714
 30
0.0
 42
0.41421356
  0
VERTEX
  8
ROUTE_Z0P75LT130RAMP
 62
     3
 10
44.5934857142858
 20
42.9132942857143
 30
0.0
 42
0.41421356
  0
VERTEX
  8
ROUTE_Z0P75LT130RAMP
 62
     3
 10
47.4863428571429
 20
40.0204371428571
 30
0.0
 42
0.41421356
  0
VERTEX
  8
ROUTE_Z0P75LT130RAMP
 62
     3
 10
50.3792
 20
42.9132942857143
 30
0.0
 42
0.41421356
  0
VERTEX
  8
ROUTE_Z0P75LT130RAMP
 62
     3
 10
47.4863428571429
 20
45.8061514285714
 30
0.0
 42
0.41421356
  0
VERTEX
  8
ROUTE_Z0P75LT130RAMP
 62
     3
 10
44.6968020408164
 20
42.9132942857143
 30
0.0
  0
SEQEND
  8
ROUTE_Z0P75LT130RAMP
 62
     3
  0
POLYLINE
  8
ROUTE_Z0P375LT130RAMP
 62
     3
 66
     1
 10
0.0
 20
0.0
 30
0.0
 70
     1
  0
VERTEX
  8
ROUTE_Z0P375LT130RAMP
 62
     3
 10
59.9463368669264
 20
7.83378162908981
 30
0.0
  0
VERTEX
  8
ROUTE_Z0P375LT130RAMP
 62
     3
 10
60.1623386581898
 20
7.49767657713036
 30
0.0
  0
VERTEX
  8
ROUTE_Z0P375LT130RAMP
 62
     3
 10
60.3783405383871
 20
7.16157138678715
 30
0.0
  0
VERTEX
  8
ROUTE_Z0P375LT130RAMP
 62
     3
 10
60.9822272092654
 20
6.63830017568988
 30
0.0
  0
VERTEX
  8
ROUTE_Z0P375LT130RAMP
 62
     3
 10
61.7090758783553
 20
6.30635978558747
 30
0.0
  0
VERTEX
  8
ROUTE_Z0P375LT130RAMP
 62
     3
 10
62.5776981751343
 20
6.18147029877669
 30
0.0
 42
1.18669029364603
  0
VERTEX
  8
ROUTE_Z0P375LT130RAMP
 62
     3
 10
62.5776981751342
 20
11.8185297012233
 30
0.0
  0
VERTEX
  8
ROUTE_Z0P375LT130RAMP
 62
     3
 10
61.7090758783553
 20
11.6936402144125
 30
0.0
  0
VERTEX
  8
ROUTE_Z0P375LT130RAMP
 62
     3
 10
60.9822272092654
 20
11.3616998243101
 30
0.0
  0
VERTEX
  8
ROUTE_Z0P375LT130RAMP
 62
     3
 10
60.3783405383871
 20
10.8384286132128
 30
0.0
  0
VERTEX
  8
ROUTE_Z0P375LT130RAMP
 62
     3
 10
59.9463368669264
 20
10.1662183709102
 30
0.0
  0
VERTEX
  8
ROUTE_Z0P375LT130RAMP
 62
     3
 10
59.721216
 20
9.39952870890241
 30
0.0
  0
VERTEX
  8
ROUTE_Z0P375LT130RAMP
 62
     3
 10
59.721216
 20
8.60047129109759
 30
0.0
  0
SEQEND
  8
ROUTE_Z0P375LT130RAMP
 62
     3
  0
POLYLINE
  8
ROUTE_Z0P375LT130RAMP
 62
     3
 66
     1
 10
0.0
 20
0.0
 30
0.0
 70
     1
  0
VERTEX
  8
ROUTE_Z0P375LT130RAMP
 62
     3
 10
44.8255368669264
 20
41.9613616290898
 30
0.0
  0
VERTEX
  8
ROUTE_Z0P375LT130RAMP
 62
     3
 10
45.0415386581898
 20
41.6252565771304
 30
0.0
  0
VERTEX
  8
ROUTE_Z0P375LT130RAMP
 62
     3
 10
45.257540538387
 20
41.2891513867872
 30
0.0
  0
VERTEX
  8
ROUTE_Z0P375LT130RAMP
 62
     3
 10
45.8614272092654
 20
40.7658801756899
 30
0.0
  0
VERTEX
  8
ROUTE_Z0P375LT130RAMP
 62
     3
 10
46.5882758783552
 20
40.4339397855875
 30
0.0
  0
VERTEX
  8
ROUTE_Z0P375LT130RAMP
 62
     3
 10
47.4568981751342
 20
40.3090502987767
 30
0.0
 42
1.18669029364602
  0
VERTEX
  8
ROUTE_Z0P375LT130RAMP
 62
     3
 10
47.4568981751342
 20
45.9461097012233
 30
0.0
  0
VERTEX
  8
ROUTE_Z0P375LT130RAMP
 62
     3
 10
46.5882758783552
 20
45.8212202144125
 30
0.0
  0
VERTEX
  8
ROUTE_Z0P375LT130RAMP
 62
     3
 10
45.8614272092654
 20
45.4892798243101
 30
0.0
  0
VERTEX
  8
ROUTE_Z0P375LT130RAMP
 62
     3
 10
45.2575405383871
 20
44.9660086132128
 30
0.0
  0
VERTEX
  8
ROUTE_Z0P375LT130RAMP
 62
     3
 10
44.8255368669264
 20
44.2937983709102
 30
0.0
  0
VERTEX
  8
ROUTE_Z0P375LT130RAMP
 62
     3
 10
44.600416
 20
43.5271087089024
 30
0.0
  0
VERTEX
  8
ROUTE_Z0P375LT130RAMP
 62
     3
 10
44.600416
 20
42.7280512910976
 30
0.0
  0
SEQEND
  8
ROUTE_Z0P375LT130RAMP
 62
     3
  0
POLYLINE
  8
ROUTE_Z0P375LT130RAMP
 62
     3
 66
     1
 10
0.0
 20
0.0
 30
0.0
 70
     1
  0
VERTEX
  8
ROUTE_Z0P375LT130RAMP
 62
     3
 10
69.4463368669264
 20
27.8337816290898
 30
0.0
  0
VERTEX
  8
ROUTE_Z0P375LT130RAMP
 62
     3
 10
69.6623386581898
 20
27.4976765771304
 30
0.0
  0
VERTEX
  8
ROUTE_Z0P375LT130RAMP
 62
     3
 10
69.8783405383871
 20
27.1615713867871
 30
0.0
  0
VERTEX
  8
ROUTE_Z0P375LT130RAMP
 62
     3
 10
70.4822272092654
 20
26.6383001756899
 30
0.0
  0
VERTEX
  8
ROUTE_Z0P375LT130RAMP
 62
     3
 10
71.2090758783553
 20
26.3063597855875
 30
0.0
  0
VERTEX
  8
ROUTE_Z0P375LT130RAMP
 62
     3
 10
72.0776981751342
 20
26.1814702987767
 30
0.0
 42
1.18669029364603
  0
VERTEX
  8
ROUTE_Z0P375LT130RAMP
 62
     3
 10
72.0776981751343
 20
31.8185297012233
 30
0.0
  0
VERTEX
  8
ROUTE_Z0P375LT130RAMP
 62
     3
 10
71.2090758783553
 20
31.6936402144125
 30
0.0
  0
VERTEX
  8
ROUTE_Z0P375LT130RAMP
 62
     3
 10
70.4822272092654
 20
31.3616998243101
 30
0.0
  0
VERTEX
  8
ROUTE_Z0P375LT130RAMP
 62
     3
 10
69.8783405383871
 20
30.8384286132129
 30
0.0
  0
VERTEX
  8
ROUTE_Z0P375LT130RAMP
 62
     3
 10
69.4463368669264
 20
30.1662183709102
 30
0.0
  0
VERTEX
  8
ROUTE_Z0P375LT130RAMP
 62
     3
 10
69.221216
 20
29.3995287089024
 30
0.0
  0
VERTEX
  8
ROUTE_Z0P375LT130RAMP
 62
     3
 10
69.221216
 20
28.6004712910976
 30
0.0
  0
SEQEND
  8
ROUTE_Z0P375LT130RAMP
 62
     3
  0
POLYLINE
  8
ROUTE_Z0P75LT130RAMP
 62
     3
 66
     1
 10
0.0
 20
0.0
 30
0.0
 70
     0
  0
VERTEX
  8
ROUTE_Z0P75LT130RAMP
 62
     3
 10
29.057
 20
36.0473
 30
0.0
  0
VERTEX
  8
ROUTE_Z0P75LT130RAMP
 62
     3
 10
29.057
 20
37.0473
 30
0.0
 42
0.41421356
  0
VERTEX
  8
ROUTE_Z0P75LT130RAMP
 62
     3
 10
28.61256
 20
37.49174
 30
0.0
 42
0.41421356
  0
VERTEX
  8
ROUTE_Z0P75LT130RAMP
 62
     3
 10
28.16812
 20
37.0473
 30
0.0
 42
0.41421356
  0
VERTEX
  8
ROUTE_Z0P75LT130RAMP
 62
     3
 10
28.61256
 20
36.60286
 30
0.0
 42
0.41421356
  0
VERTEX
  8
ROUTE_Z0P75LT130RAMP
 62
     3
 10
29.123666
 20
37.0473
 30
0.0
 42
0.4
  0
VERTEX
  8
ROUTE_Z0P75LT130RAMP
 62
     3
 10
28.61256
 20
37.60285
 30
0.0
 42
0.4
  0
VERTEX
  8
ROUTE_Z0P75LT130RAMP
 62
     3
 10
27.9459
 20
37.0473
 30
0.0
 42
0.4
  0
VERTEX
  8
ROUTE_Z0P75LT130RAMP
 62
     3
 10
28.61256
 20
36.26953
 30
0.0
 42
0.4
  0
VERTEX
  8
ROUTE_Z0P75LT130RAMP
 62
     3
 10
29.50144
 20
37.0473
 30
0.0
 42
0.4
  0
VERTEX
  8
ROUTE_Z0P75LT130RAMP
 62
     3
 10
28.61256
 20
38.04729
 30
0.0
 42
0.4
  0
VERTEX
  8
ROUTE_Z0P75LT130RAMP
 62
     3
 10
27.50146
 20
37.0473
 30
0.0
 42
0.4
  0
VERTEX
  8
ROUTE_Z0P75LT130RAMP
 62
     3
 10
28.61256
 20
35.82509
 30
0.0
 42
0.4
  0
VERTEX
  8
ROUTE_Z0P75LT130RAMP
 62
     3
 10
29.94588
 20
37.0473
 30
0.0
 42
0.4
  0
VERTEX
  8
ROUTE_Z0P75LT130RAMP
 62
     3
 10
28.61256
 20
38.49173
 30
0.0
 42
0.4
  0
VERTEX
  8
ROUTE_Z0P75LT130RAMP
 62
     3
 10
27.05702
 20
37.0473
 30
0.0
 42
0.4
  0
VERTEX
  8
ROUTE_Z0P75LT130RAMP
 62
     3
 10
28.61256
 20
35.38065
 30
0.0
 42
0.4
  0
VERTEX
  8
ROUTE_Z0P75LT130RAMP
 62
     3
 10
30.39032
 20
37.0473
 30
0.0
 42
0.4
  0
VERTEX
  8
ROUTE_Z0P75LT130RAMP
 62
     3
 10
28.61256
 20
38.93617
 30
0.0
 42
0.4
  0
VERTEX
  8
ROUTE_Z0P75LT130RAMP
 62
     3
 10
26.6125799999999
 20
37.0473
 30
0.0
 42
0.4
  0
VERTEX
  8
ROUTE_Z0P75LT130RAMP
 62
     3
 10
28.61256
 20
34.9362099999999
 30
0.0
 42
0.4
  0
VERTEX
  8
ROUTE_Z0P75LT130RAMP
 62
     3
 10
30.8347600000001
 20
37.0473
 30
0.0
 42
0.4
  0
VERTEX
  8
ROUTE_Z0P75LT130RAMP
 62
     3
 10
28.61256
 20
39.3806100000001
 30
0.0
 42
0.4
  0
VERTEX
  8
ROUTE_Z0P75LT130RAMP
 62
     3
 10
26.1681399999999
 20
37.0473
 30
0.0
 42
0.4
  0
VERTEX
  8
ROUTE_Z0P75LT130RAMP
 62
     3
 10
28.61256
 20
34.4917699999999
 30
0.0
 42
0.4
  0
VERTEX
  8
ROUTE_Z0P75LT130RAMP
 62
     3
 10
31.2792000000001
 20
37.0473
 30
0.0
 42
0.4
  0
VERTEX
  8
ROUTE_Z0P75LT130RAMP
 62
     3
 10
28.61256
 20
39.8250500000001
 30
0.0
 42
0.4
  0
VERTEX
  8
ROUTE_Z0P75LT130RAMP
 62
     3
 10
25.7236999999999
 20
37.0473
 30
0.0
 42
0.4
  0
VERTEX
  8
ROUTE_Z0P75LT130RAMP
 62
     3
 10
28.61256
 20
34.0473299999999
 30
0.0
 42
0.4
  0
VERTEX
  8
ROUTE_Z0P75LT130RAMP
 62
     3
 10
31.7236400000001
 20
37.0473
 30
0.0
 42
0.4
  0
VERTEX
  8
ROUTE_Z0P75LT130RAMP
 62
     3
 10
28.61256
 20
40.2694900000001
 30
0.0
 42
0.4
  0
VERTEX
  8
ROUTE_Z0P75LT130RAMP
 62
     3
 10
25.2792599999999
 20
37.0473
 30
0.0
 42
0.4
  0
VERTEX
  8
ROUTE_Z0P75LT130RAMP
 62
     3
 10
28.61256
 20
33.6028899999999
 30
0.0
 42
0.4
  0
VERTEX
  8
ROUTE_Z0P75LT130RAMP
 62
     3
 10
32.1680800000001
 20
37.0473
 30
0.0
 42
0.4
  0
VERTEX
  8
ROUTE_Z0P75LT130RAMP
 62
     3
 10
28.61256
 20
40.7139300000001
 30
0.0
 42
0.4
  0
VERTEX
  8
ROUTE_Z0P75LT130RAMP
 62
     3
 10
24.8348199999999
 20
37.0473
 30
0.0
 42
0.4
  0
VERTEX
  8
ROUTE_Z0P75LT130RAMP
 62
     3
 10
28.61256
 20
33.1584499999999
 30
0.0
 42
0.4
  0
VERTEX
  8
ROUTE_Z0P75LT130RAMP
 62
     3
 10
32.6125200000001
 20
37.0473
 30
0.0
 42
0.4
  0
VERTEX
  8
ROUTE_Z0P75LT130RAMP
 62
     3
 10
28.61256
 20
41.1583700000001
 30
0.0
 42
0.4
  0
VERTEX
  8
ROUTE_Z0P75LT130RAMP
 62
     3
 10
24.3903799999999
 20
37.0473
 30
0.0
 42
0.4
  0
VERTEX
  8
ROUTE_Z0P75LT130RAMP
 62
     3
 10
28.61256
 20
32.7140099999999
 30
0.0
 42
0.4
  0
VERTEX
  8
ROUTE_Z0P75LT130RAMP
 62
     3
 10
33.0569600000001
 20
37.0473
 30
0.0
 42
0.4
  0
VERTEX
  8
ROUTE_Z0P75LT130RAMP
 62
     3
 10
28.61256
 20
41.6028100000001
 30
0.0
 42
0.4
  0
VERTEX
  8
ROUTE_Z0P75LT130RAMP
 62
     3
 10
23.9459399999999
 20
37.0473
 30
0.0
 42
0.4
  0
VERTEX
  8
ROUTE_Z0P75LT130RAMP
 62
     3
 10
28.61256
 20
32.2695699999999
 30
0.0
 42
0.4
  0
VERTEX
  8
ROUTE_Z0P75LT130RAMP
 62
     3
 10
33.5014000000001
 20
37.0473
 30
0.0
 42
0.4
  0
VERTEX
  8
ROUTE_Z0P75LT130RAMP
 62
     3
 10
28.61256
 20
42.0472500000001
 30
0.0
 42
0.4
  0
VERTEX
  8
ROUTE_Z0P75LT130RAMP
 62
     3
 10
23.5014999999999
 20
37.0473
 30
0.0
 42
0.4
  0
VERTEX
  8
ROUTE_Z0P75LT130RAMP
 62
     3
 10
28.61256
 20
31.8251299999999
 30
0.0
 42
0.4
  0
VERTEX
  8
ROUTE_Z0P75LT130RAMP
 62
     3
 10
33.9458400000001
 20
37.0473
 30
0.0
 42
0.4
  0
VERTEX
  8
ROUTE_Z0P75LT130RAMP
 62
     3
 10
28.61256
 20
42.4916900000001
 30
0.0
 42
0.4
  0
VERTEX
  8
ROUTE_Z0P75LT130RAMP
 62
     3
 10
23.0570599999999
 20
37.0473
 30
0.0
 42
0.4
  0
VERTEX
  8
ROUTE_Z0P75LT130RAMP
 62
     3
 10
28.61256
 20
31.3806899999999
 30
0.0
 42
0.4
  0
VERTEX
  8
ROUTE_Z0P75LT130RAMP
 62
     3
 10
34.3902800000001
 20
37.0473
 30
0.0
 42
0.4
  0
VERTEX
  8
ROUTE_Z0P75LT130RAMP
 62
     3
 10
28.61256
 20
42.9361300000001
 30
0.0
 42
0.4
  0
VERTEX
  8
ROUTE_Z0P75LT130RAMP
 62
     3
 10
22.6126199999998
 20
37.0473
 30
0.0
 42
0.4
  0
VERTEX
  8
ROUTE_Z0P75LT130RAMP
 62
     3
 10
28.61256
 20
30.9362499999998
 30
0.0
 42
0.4
  0
VERTEX
  8
ROUTE_Z0P75LT130RAMP
 62
     3
 10
34.8347200000002
 20
37.0473
 30
0.0
 42
0.4
  0
VERTEX
  8
ROUTE_Z0P75LT130RAMP
 62
     3
 10
28.61256
 20
43.3805700000002
 30
0.0
 42
0.4
  0
VERTEX
  8
ROUTE_Z0P75LT130RAMP
 62
     3
 10
22.1681799999998
 20
37.0473
 30
0.0
 42
0.4
  0
VERTEX
  8
ROUTE_Z0P75LT130RAMP
 62
     3
 10
28.61256
 20
30.4918099999998
 30
0.0
 42
0.4
  0
VERTEX
  8
ROUTE_Z0P75LT130RAMP
 62
     3
 10
35.2791600000002
 20
37.0473
 30
0.0
 42
0.4
  0
VERTEX
  8
ROUTE_Z0P75LT130RAMP
 62
     3
 10
28.61256
 20
43.8250100000002
 30
0.0
 42
0.4
  0
VERTEX
  8
ROUTE_Z0P75LT130RAMP
 62
     3
 10
21.7237399999998
 20
37.0473
 30
0.0
 42
0.4
  0
VERTEX
  8
ROUTE_Z0P75LT130RAMP
 62
     3
 10
28.61256
 20
30.0473699999998
 30
0.0
 42
0.4
  0
VERTEX
  8
ROUTE_Z0P75LT130RAMP
 62
     3
 10
35.7236000000002
 20
37.0473
 30
0.0
 42
0.4
  0
VERTEX
  8
ROUTE_Z0P75LT130RAMP
 62
     3
 10
28.61256
 20
44.2694500000002
 30
0.0
 42
0.4
  0
VERTEX
  8
ROUTE_Z0P75LT130RAMP
 62
     3
 10
21.2792999999998
 20
37.0473
 30
0.0
 42
0.4
  0
VERTEX
  8
ROUTE_Z0P75LT130RAMP
 62
     3
 10
28.61256
 20
29.6029299999998
 30
0.0
 42
0.4
  0
VERTEX
  8
ROUTE_Z0P75LT130RAMP
 62
     3
 10
36.1680400000002
 20
37.0473
 30
0.0
 42
0.4
  0
VERTEX
  8
ROUTE_Z0P75LT130RAMP
 62
     3
 10
28.61256
 20
44.7138900000002
 30
0.0
 42
0.4
  0
VERTEX
  8
ROUTE_Z0P75LT130RAMP
 62
     3
 10
20.8348599999998
 20
37.0473
 30
0.0
 42
0.4
  0
VERTEX
  8
ROUTE_Z0P75LT130RAMP
 62
     3
 10
28.61256
 20
29.1584899999998
 30
0.0
 42
0.4
  0
VERTEX
  8
ROUTE_Z0P75LT130RAMP
 62
     3
 10
36.6124800000002
 20
37.0473
 30
0.0
 42
0.41421356
  0
VERTEX
  8
ROUTE_Z0P75LT130RAMP
 62
     3
 10
28.61256
 20
45.0472200000002
 30
0.0
 42
0.41421356
  0
VERTEX
  8
ROUTE_Z0P75LT130RAMP
 62
     3
 10
20.6126399999998
 20
37.0473
 30
0.0
 42
0.41421356
  0
VERTEX
  8
ROUTE_Z0P75LT130RAMP
 62
     3
 10
28.61256
 20
29.0473799999998
 30
0.0
 42
0.41421356
  0
VERTEX
  8
ROUTE_Z0P75LT130RAMP
 62
     3
 10
36.6124800000002
 20
37.0473
 30
0.0
 42
0.41421356
  0
VERTEX
  8
ROUTE_Z0P75LT130RAMP
 62
     3
 10
28.61256
 20
45.0472200000002
 30
0.0
 42
0.41421356
  0
VERTEX
  8
ROUTE_Z0P75LT130RAMP
 62
     3
 10
20.7237499999998
 20
37.0473
 30
0.0
  0
SEQEND
  8
ROUTE_Z0P75LT130RAMP
 62
     3
  0
DIMENSION
  8
2D_DIM
  2
*D1
  3
BOARDERDIM
  1
84
 10
84
 20
53
 30
0.0
 11
42
 21
53
 31
0.0
 13
0
 23
48
 14
84
 24
48
 33
0.0
 34
0.0
53
0
  0
DIMENSION
  8
2D_DIM
  2
*D1
  3
BOARDERDIM
  1
48
 10
-5
 20
48
 30
0.0
 11
-5
 21
24
 31
0
 13
0.0
 23
0
 14
0.0
 24
48
 50
90.0
53
0
 33
0.0
 34
0.0
  0
DIMENSION
  8
2D_DIM
  2
*D1
  3
ROUTEDIM
  1
-0.469
 10
-0.46878
 20
50.5
 30
0.0
 11
-0.23439
 21
50.5
 31
0.0
 13
0
 23
48
 14
-0.46878
 24
48
 33
0.0
 34
0.0
53
90
  0
DIMENSION
  8
2D_DIM
  2
*D1
  3
ROUTEDIM
  1
0.16
 10
-0.308373
 20
50.5
 30
0.0
 11
-0.1541865
 21
50.5
 31
0.0
 13
-0.46878
 23
48
 14
-0.308373
 24
48
 33
0.0
 34
0.0
53
90
  0
DIMENSION
  8
2D_DIM
  2
*D1
  3
ROUTEDIM
  1
0.209
 10
-0.099257
 20
50.5
 30
0.0
 11
-0.0496285
 21
50.5
 31
0.0
 13
-0.308373
 23
48
 14
-0.099257
 24
48
 33
0.0
 34
0.0
53
90
  0
DIMENSION
  8
2D_DIM
  2
*D1
  3
ROUTEDIM
  1
0.039
 10
-0.060535
 20
50.5
 30
0.0
 11
-0.0302675
 21
50.5
 31
0.0
 13
-0.099257
 23
48
 14
-0.060535
 24
48
 33
0.0
 34
0.0
53
90
  0
DIMENSION
  8
2D_DIM
  2
*D1
  3
ROUTEDIM
  1
14.765
 10
14.704653
 20
50.5
 30
0.0
 11
7.3523265
 21
50.5
 31
0.0
 13
-0.060535
 23
48
 14
14.704653
 24
48
 33
0.0
 34
0.0
53
90
  0
DIMENSION
  8
2D_DIM
  2
*D1
  3
ROUTEDIM
  1
0.06
 10
14.764755
 20
50.5
 30
0.0
 11
7.3823775
 21
50.5
 31
0.0
 13
14.704653
 23
48
 14
14.764755
 24
48
 33
0.0
 34
0.0
53
90
  0
DIMENSION
  8
2D_DIM
  2
*D1
  3
ROUTEDIM
  1
0.021
 10
14.785611
 20
50.5
 30
0.0
 11
7.3928055
 21
50.5
 31
0.0
 13
14.764755
 23
48
 14
14.785611
 24
48
 33
0.0
 34
0.0
53
90
  0
DIMENSION
  8
2D_DIM
  2
*D1
  3
ROUTEDIM
  1
0.063
 10
14.848309
 20
50.5
 30
0.0
 11
7.4241545
 21
50.5
 31
0.0
 13
14.785611
 23
48
 14
14.848309
 24
48
 33
0.0
 34
0.0
53
90
  0
DIMENSION
  8
2D_DIM
  2
*D1
  3
ROUTEDIM
  1
5.764
 10
20.6126399999998
 20
50.5
 30
0.0
 11
10.3063199999999
 21
50.5
 31
0.0
 13
14.848309
 23
48
 14
20.6126399999998
 24
48
 33
0.0
 34
0.0
53
90
  0
DIMENSION
  8
2D_DIM
  2
*D1
  3
ROUTEDIM
  1
0.111
 10
20.7237499999998
 20
50.5
 30
0.0
 11
10.3618749999999
 21
50.5
 31
0.0
 13
20.6126399999998
 23
48
 14
20.7237499999998
 24
48
 33
0.0
 34
0.0
53
90
  0
DIMENSION
  8
2D_DIM
  2
*D1
  3
ROUTEDIM
  1
0.111
 10
20.8348599999998
 20
50.5
 30
0.0
 11
10.4174299999999
 21
50.5
 31
0.0
 13
20.7237499999998
 23
48
 14
20.8348599999998
 24
48
 33
0.0
 34
0.0
53
90
  0
DIMENSION
  8
2D_DIM
  2
*D1
  3
ROUTEDIM
  1
0.444
 10
21.2792999999998
 20
50.5
 30
0.0
 11
10.6396499999999
 21
50.5
 31
0.0
 13
20.8348599999998
 23
48
 14
21.2792999999998
 24
48
 33
0.0
 34
0.0
53
90
  0
DIMENSION
  8
2D_DIM
  2
*D1
  3
ROUTEDIM
  1
0.444
 10
21.7237399999998
 20
50.5
 30
0.0
 11
10.8618699999999
 21
50.5
 31
0.0
 13
21.2792999999998
 23
48
 14
21.7237399999998
 24
48
 33
0.0
 34
0.0
53
90
  0
DIMENSION
  8
2D_DIM
  2
*D1
  3
ROUTEDIM
  1
0.444
 10
22.1681799999998
 20
50.5
 30
0.0
 11
11.0840899999999
 21
50.5
 31
0.0
 13
21.7237399999998
 23
48
 14
22.1681799999998
 24
48
 33
0.0
 34
0.0
53
90
  0
DIMENSION
  8
2D_DIM
  2
*D1
  3
ROUTEDIM
  1
0.444
 10
22.6126199999998
 20
50.5
 30
0.0
 11
11.3063099999999
 21
50.5
 31
0.0
 13
22.1681799999998
 23
48
 14
22.6126199999998
 24
48
 33
0.0
 34
0.0
53
90
  0
DIMENSION
  8
2D_DIM
  2
*D1
  3
ROUTEDIM
  1
0.082
 10
22.694739
 20
50.5
 30
0.0
 11
11.3473695
 21
50.5
 31
0.0
 13
22.6126199999998
 23
48
 14
22.694739
 24
48
 33
0.0
 34
0.0
53
90
  0
DIMENSION
  8
2D_DIM
  2
*D1
  3
ROUTEDIM
  1
0.19
 10
22.884592
 20
50.5
 30
0.0
 11
11.442296
 21
50.5
 31
0.0
 13
22.694739
 23
48
 14
22.884592
 24
48
 33
0.0
 34
0.0
53
90
  0
DIMENSION
  8
2D_DIM
  2
*D1
  3
ROUTEDIM
  1
0.172
 10
23.0570599999999
 20
50.5
 30
0.0
 11
11.52853
 21
50.5
 31
0.0
 13
22.884592
 23
48
 14
23.0570599999999
 24
48
 33
0.0
 34
0.0
53
90
  0
DIMENSION
  8
2D_DIM
  2
*D1
  3
ROUTEDIM
  1
0.444
 10
23.5014999999999
 20
50.5
 30
0.0
 11
11.75075
 21
50.5
 31
0.0
 13
23.0570599999999
 23
48
 14
23.5014999999999
 24
48
 33
0.0
 34
0.0
53
90
  0
DIMENSION
  8
2D_DIM
  2
*D1
  3
ROUTEDIM
  1
0.444
 10
23.9459399999999
 20
50.5
 30
0.0
 11
11.97297
 21
50.5
 31
0.0
 13
23.5014999999999
 23
48
 14
23.9459399999999
 24
48
 33
0.0
 34
0.0
53
90
  0
DIMENSION
  8
2D_DIM
  2
*D1
  3
ROUTEDIM
  1
0.444
 10
24.3903799999999
 20
50.5
 30
0.0
 11
12.19519
 21
50.5
 31
0.0
 13
23.9459399999999
 23
48
 14
24.3903799999999
 24
48
 33
0.0
 34
0.0
53
90
  0
DIMENSION
  8
2D_DIM
  2
*D1
  3
ROUTEDIM
  1
0.444
 10
24.8348199999999
 20
50.5
 30
0.0
 11
12.41741
 21
50.5
 31
0.0
 13
24.3903799999999
 23
48
 14
24.8348199999999
 24
48
 33
0.0
 34
0.0
53
90
  0
DIMENSION
  8
2D_DIM
  2
*D1
  3
ROUTEDIM
  1
0.444
 10
25.2792599999999
 20
50.5
 30
0.0
 11
12.63963
 21
50.5
 31
0.0
 13
24.8348199999999
 23
48
 14
25.2792599999999
 24
48
 33
0.0
 34
0.0
53
90
  0
DIMENSION
  8
2D_DIM
  2
*D1
  3
ROUTEDIM
  1
0.444
 10
25.7236999999999
 20
50.5
 30
0.0
 11
12.86185
 21
50.5
 31
0.0
 13
25.2792599999999
 23
48
 14
25.7236999999999
 24
48
 33
0.0
 34
0.0
53
90
  0
DIMENSION
  8
2D_DIM
  2
*D1
  3
ROUTEDIM
  1
0.444
 10
26.1681399999999
 20
50.5
 30
0.0
 11
13.08407
 21
50.5
 31
0.0
 13
25.7236999999999
 23
48
 14
26.1681399999999
 24
48
 33
0.0
 34
0.0
53
90
  0
DIMENSION
  8
2D_DIM
  2
*D1
  3
ROUTEDIM
  1
0.444
 10
26.6125799999999
 20
50.5
 30
0.0
 11
13.30629
 21
50.5
 31
0.0
 13
26.1681399999999
 23
48
 14
26.6125799999999
 24
48
 33
0.0
 34
0.0
53
90
  0
DIMENSION
  8
2D_DIM
  2
*D1
  3
ROUTEDIM
  1
0.444
 10
27.05702
 20
50.5
 30
0.0
 11
13.52851
 21
50.5
 31
0.0
 13
26.6125799999999
 23
48
 14
27.05702
 24
48
 33
0.0
 34
0.0
53
90
  0
DIMENSION
  8
2D_DIM
  2
*D1
  3
ROUTEDIM
  1
0.444
 10
27.50146
 20
50.5
 30
0.0
 11
13.75073
 21
50.5
 31
0.0
 13
27.05702
 23
48
 14
27.50146
 24
48
 33
0.0
 34
0.0
53
90
  0
DIMENSION
  8
2D_DIM
  2
*D1
  3
ROUTEDIM
  1
0.444
 10
27.9459
 20
50.5
 30
0.0
 11
13.97295
 21
50.5
 31
0.0
 13
27.50146
 23
48
 14
27.9459
 24
48
 33
0.0
 34
0.0
53
90
  0
DIMENSION
  8
2D_DIM
  2
*D1
  3
ROUTEDIM
  1
0.222
 10
28.16812
 20
50.5
 30
0.0
 11
14.08406
 21
50.5
 31
0.0
 13
27.9459
 23
48
 14
28.16812
 24
48
 33
0.0
 34
0.0
53
90
  0
DIMENSION
  8
2D_DIM
  2
*D1
  3
ROUTEDIM
  1
0.444
 10
28.61256
 20
50.5
 30
0.0
 11
14.30628
 21
50.5
 31
0.0
 13
28.16812
 23
48
 14
28.61256
 24
48
 33
0.0
 34
0.0
53
90
  0
DIMENSION
  8
2D_DIM
  2
*D1
  3
ROUTEDIM
  1
0.444
 10
29.057
 20
50.5
 30
0.0
 11
14.5285
 21
50.5
 31
0.0
 13
28.61256
 23
48
 14
29.057
 24
48
 33
0.0
 34
0.0
53
90
  0
DIMENSION
  8
2D_DIM
  2
*D1
  3
ROUTEDIM
  1
0.067
 10
29.123666
 20
50.5
 30
0.0
 11
14.561833
 21
50.5
 31
0.0
 13
29.057
 23
48
 14
29.123666
 24
48
 33
0.0
 34
0.0
53
90
  0
DIMENSION
  8
2D_DIM
  2
*D1
  3
ROUTEDIM
  1
0.378
 10
29.50144
 20
50.5
 30
0.0
 11
14.75072
 21
50.5
 31
0.0
 13
29.123666
 23
48
 14
29.50144
 24
48
 33
0.0
 34
0.0
53
90
  0
DIMENSION
  8
2D_DIM
  2
*D1
  3
ROUTEDIM
  1
0.444
 10
29.94588
 20
50.5
 30
0.0
 11
14.97294
 21
50.5
 31
0.0
 13
29.50144
 23
48
 14
29.94588
 24
48
 33
0.0
 34
0.0
53
90
  0
DIMENSION
  8
2D_DIM
  2
*D1
  3
ROUTEDIM
  1
0.444
 10
30.39032
 20
50.5
 30
0.0
 11
15.19516
 21
50.5
 31
0.0
 13
29.94588
 23
48
 14
30.39032
 24
48
 33
0.0
 34
0.0
53
90
  0
DIMENSION
  8
2D_DIM
  2
*D1
  3
ROUTEDIM
  1
0.444
 10
30.8347600000001
 20
50.5
 30
0.0
 11
15.41738
 21
50.5
 31
0.0
 13
30.39032
 23
48
 14
30.8347600000001
 24
48
 33
0.0
 34
0.0
53
90
  0
DIMENSION
  8
2D_DIM
  2
*D1
  3
ROUTEDIM
  1
0.444
 10
31.2792000000001
 20
50.5
 30
0.0
 11
15.6396
 21
50.5
 31
0.0
 13
30.8347600000001
 23
48
 14
31.2792000000001
 24
48
 33
0.0
 34
0.0
53
90
  0
DIMENSION
  8
2D_DIM
  2
*D1
  3
ROUTEDIM
  1
0.444
 10
31.7236400000001
 20
50.5
 30
0.0
 11
15.86182
 21
50.5
 31
0.0
 13
31.2792000000001
 23
48
 14
31.7236400000001
 24
48
 33
0.0
 34
0.0
53
90
  0
DIMENSION
  8
2D_DIM
  2
*D1
  3
ROUTEDIM
  1
0.444
 10
32.1680800000001
 20
50.5
 30
0.0
 11
16.0840400000001
 21
50.5
 31
0.0
 13
31.7236400000001
 23
48
 14
32.1680800000001
 24
48
 33
0.0
 34
0.0
53
90
  0
DIMENSION
  8
2D_DIM
  2
*D1
  3
ROUTEDIM
  1
0.444
 10
32.6125200000001
 20
50.5
 30
0.0
 11
16.3062600000001
 21
50.5
 31
0.0
 13
32.1680800000001
 23
48
 14
32.6125200000001
 24
48
 33
0.0
 34
0.0
53
90
  0
DIMENSION
  8
2D_DIM
  2
*D1
  3
ROUTEDIM
  1
0.444
 10
33.0569600000001
 20
50.5
 30
0.0
 11
16.5284800000001
 21
50.5
 31
0.0
 13
32.6125200000001
 23
48
 14
33.0569600000001
 24
48
 33
0.0
 34
0.0
53
90
  0
DIMENSION
  8
2D_DIM
  2
*D1
  3
ROUTEDIM
  1
0.444
 10
33.5014000000001
 20
50.5
 30
0.0
 11
16.7507000000001
 21
50.5
 31
0.0
 13
33.0569600000001
 23
48
 14
33.5014000000001
 24
48
 33
0.0
 34
0.0
53
90
  0
DIMENSION
  8
2D_DIM
  2
*D1
  3
ROUTEDIM
  1
0.444
 10
33.9458400000001
 20
50.5
 30
0.0
 11
16.9729200000001
 21
50.5
 31
0.0
 13
33.5014000000001
 23
48
 14
33.9458400000001
 24
48
 33
0.0
 34
0.0
53
90
  0
DIMENSION
  8
2D_DIM
  2
*D1
  3
ROUTEDIM
  1
0.444
 10
34.3902800000001
 20
50.5
 30
0.0
 11
17.19514
 21
50.5
 31
0.0
 13
33.9458400000001
 23
48
 14
34.3902800000001
 24
48
 33
0.0
 34
0.0
53
90
  0
DIMENSION
  8
2D_DIM
  2
*D1
  3
ROUTEDIM
  1
0.444
 10
34.8347200000002
 20
50.5
 30
0.0
 11
17.4173600000001
 21
50.5
 31
0.0
 13
34.3902800000001
 23
48
 14
34.8347200000002
 24
48
 33
0.0
 34
0.0
53
90
  0
DIMENSION
  8
2D_DIM
  2
*D1
  3
ROUTEDIM
  1
0.444
 10
35.2791600000002
 20
50.5
 30
0.0
 11
17.6395800000001
 21
50.5
 31
0.0
 13
34.8347200000002
 23
48
 14
35.2791600000002
 24
48
 33
0.0
 34
0.0
53
90
  0
DIMENSION
  8
2D_DIM
  2
*D1
  3
ROUTEDIM
  1
0.444
 10
35.7236000000002
 20
50.5
 30
0.0
 11
17.8618000000001
 21
50.5
 31
0.0
 13
35.2791600000002
 23
48
 14
35.7236000000002
 24
48
 33
0.0
 34
0.0
53
90
  0
DIMENSION
  8
2D_DIM
  2
*D1
  3
ROUTEDIM
  1
0.444
 10
36.1680400000002
 20
50.5
 30
0.0
 11
18.0840200000001
 21
50.5
 31
0.0
 13
35.7236000000002
 23
48
 14
36.1680400000002
 24
48
 33
0.0
 34
0.0
53
90
  0
DIMENSION
  8
2D_DIM
  2
*D1
  3
ROUTEDIM
  1
0.444
 10
36.6124800000002
 20
50.5
 30
0.0
 11
18.3062400000001
 21
50.5
 31
0.0
 13
36.1680400000002
 23
48
 14
36.6124800000002
 24
48
 33
0.0
 34
0.0
53
90
  0
DIMENSION
  8
2D_DIM
  2
*D1
  3
ROUTEDIM
  1
7.488
 10
44.100416
 20
50.5
 30
0.0
 11
22.050208
 21
50.5
 31
0.0
 13
36.6124800000002
 23
48
 14
44.100416
 24
48
 33
0.0
 34
0.0
53
90
  0
DIMENSION
  8
2D_DIM
  2
*D1
  3
ROUTEDIM
  1
0.266
 10
44.366044
 20
50.5
 30
0.0
 11
22.183022
 21
50.5
 31
0.0
 13
44.100416
 23
48
 14
44.366044
 24
48
 33
0.0
 34
0.0
53
90
  0
DIMENSION
  8
2D_DIM
  2
*D1
  3
ROUTEDIM
  1
0.013
 10
44.3792
 20
50.5
 30
0.0
 11
22.1896
 21
50.5
 31
0.0
 13
44.366044
 23
48
 14
44.3792
 24
48
 33
0.0
 34
0.0
53
90
  0
DIMENSION
  8
2D_DIM
  2
*D1
  3
ROUTEDIM
  1
0.107
 10
44.4863428571429
 20
50.5
 30
0.0
 11
22.2431714285715
 21
50.5
 31
0.0
 13
44.3792
 23
48
 14
44.4863428571429
 24
48
 33
0.0
 34
0.0
53
90
  0
DIMENSION
  8
2D_DIM
  2
*D1
  3
ROUTEDIM
  1
0.107
 10
44.5934857142857
 20
50.5
 30
0.0
 11
22.2967428571428
 21
50.5
 31
0.0
 13
44.4863428571429
 23
48
 14
44.5934857142857
 24
48
 33
0.0
 34
0.0
53
90
  0
DIMENSION
  8
2D_DIM
  2
*D1
  3
ROUTEDIM
  1
0.007
 10
44.600416
 20
50.5
 30
0.0
 11
22.300208
 21
50.5
 31
0.0
 13
44.5934857142857
 23
48
 14
44.600416
 24
48
 33
0.0
 34
0.0
53
90
  0
DIMENSION
  8
2D_DIM
  2
*D1
  3
ROUTEDIM
  1
0.02
 10
44.620912
 20
50.5
 30
0.0
 11
22.310456
 21
50.5
 31
0.0
 13
44.600416
 23
48
 14
44.620912
 24
48
 33
0.0
 34
0.0
53
90
  0
DIMENSION
  8
2D_DIM
  2
*D1
  3
ROUTEDIM
  1
0.076
 10
44.6968020408164
 20
50.5
 30
0.0
 11
22.3484010204082
 21
50.5
 31
0.0
 13
44.620912
 23
48
 14
44.6968020408164
 24
48
 33
0.0
 34
0.0
53
90
  0
DIMENSION
  8
2D_DIM
  2
*D1
  3
ROUTEDIM
  1
0.103
 10
44.800118367347
 20
50.5
 30
0.0
 11
22.4000591836735
 21
50.5
 31
0.0
 13
44.6968020408164
 23
48
 14
44.800118367347
 24
48
 33
0.0
 34
0.0
53
90
  0
DIMENSION
  8
2D_DIM
  2
*D1
  3
ROUTEDIM
  1
0.025
 10
44.8255368669264
 20
50.5
 30
0.0
 11
22.4127684334632
 21
50.5
 31
0.0
 13
44.800118367347
 23
48
 14
44.8255368669264
 24
48
 33
0.0
 34
0.0
53
90
  0
DIMENSION
  8
2D_DIM
  2
*D1
  3
ROUTEDIM
  1
0.05
 10
44.87578
 20
50.5
 30
0.0
 11
22.43789
 21
50.5
 31
0.0
 13
44.8255368669264
 23
48
 14
44.87578
 24
48
 33
0.0
 34
0.0
53
90
  0
DIMENSION
  8
2D_DIM
  2
*D1
  3
ROUTEDIM
  1
0.146
 10
45.0220571428571
 20
50.5
 30
0.0
 11
22.5110285714286
 21
50.5
 31
0.0
 13
44.87578
 23
48
 14
45.0220571428571
 24
48
 33
0.0
 34
0.0
53
90
  0
DIMENSION
  8
2D_DIM
  2
*D1
  3
ROUTEDIM
  1
0.019
 10
45.0415386581898
 20
50.5
 30
0.0
 11
22.5207693290949
 21
50.5
 31
0.0
 13
45.0220571428571
 23
48
 14
45.0415386581898
 24
48
 33
0.0
 34
0.0
53
90
  0
DIMENSION
  8
2D_DIM
  2
*D1
  3
ROUTEDIM
  1
0.172
 10
45.2133836734694
 20
50.5
 30
0.0
 11
22.6066918367347
 21
50.5
 31
0.0
 13
45.0415386581898
 23
48
 14
45.2133836734694
 24
48
 33
0.0
 34
0.0
53
90
  0
DIMENSION
  8
2D_DIM
  2
*D1
  3
ROUTEDIM
  1
0.044
 10
45.257540538387
 20
50.5
 30
0.0
 11
22.6287702691935
 21
50.5
 31
0.0
 13
45.2133836734694
 23
48
 14
45.257540538387
 24
48
 33
0.0
 34
0.0
53
90
  0
DIMENSION
  8
2D_DIM
  2
*D1
  3
ROUTEDIM
  1
0.193
 10
45.4506285714286
 20
50.5
 30
0.0
 11
22.7253142857143
 21
50.5
 31
0.0
 13
45.257540538387
 23
48
 14
45.4506285714286
 24
48
 33
0.0
 34
0.0
53
90
  0
DIMENSION
  8
2D_DIM
  2
*D1
  3
ROUTEDIM
  1
0.138
 10
45.588327
 20
50.5
 30
0.0
 11
22.7941635
 21
50.5
 31
0.0
 13
45.4506285714286
 23
48
 14
45.588327
 24
48
 33
0.0
 34
0.0
53
90
  0
DIMENSION
  8
2D_DIM
  2
*D1
  3
ROUTEDIM
  1
0.038
 10
45.6266489795919
 20
50.5
 30
0.0
 11
22.8133244897959
 21
50.5
 31
0.0
 13
45.588327
 23
48
 14
45.6266489795919
 24
48
 33
0.0
 34
0.0
53
90
  0
DIMENSION
  8
2D_DIM
  2
*D1
  3
ROUTEDIM
  1
0.235
 10
45.8614272092654
 20
50.5
 30
0.0
 11
22.9307136046327
 21
50.5
 31
0.0
 13
45.6266489795919
 23
48
 14
45.8614272092654
 24
48
 33
0.0
 34
0.0
53
90
  0
DIMENSION
  8
2D_DIM
  2
*D1
  3
ROUTEDIM
  1
0.018
 10
45.8792
 20
50.5
 30
0.0
 11
22.9396
 21
50.5
 31
0.0
 13
45.8614272092654
 23
48
 14
45.8792
 24
48
 33
0.0
 34
0.0
53
90
  0
DIMENSION
  8
2D_DIM
  2
*D1
  3
ROUTEDIM
  1
0.161
 10
46.0399142857143
 20
50.5
 30
0.0
 11
23.0199571428572
 21
50.5
 31
0.0
 13
45.8792
 23
48
 14
46.0399142857143
 24
48
 33
0.0
 34
0.0
53
90
  0
DIMENSION
  8
2D_DIM
  2
*D1
  3
ROUTEDIM
  1
0.268
 10
46.3077714285714
 20
50.5
 30
0.0
 11
23.1538857142857
 21
50.5
 31
0.0
 13
46.0399142857143
 23
48
 14
46.3077714285714
 24
48
 33
0.0
 34
0.0
53
90
  0
DIMENSION
  8
2D_DIM
  2
*D1
  3
ROUTEDIM
  1
0.138
 10
46.445961
 20
50.5
 30
0.0
 11
23.2229805
 21
50.5
 31
0.0
 13
46.3077714285714
 23
48
 14
46.445961
 24
48
 33
0.0
 34
0.0
53
90
  0
DIMENSION
  8
2D_DIM
  2
*D1
  3
ROUTEDIM
  1
0.007
 10
46.4531795918368
 20
50.5
 30
0.0
 11
23.2265897959184
 21
50.5
 31
0.0
 13
46.445961
 23
48
 14
46.4531795918368
 24
48
 33
0.0
 34
0.0
53
90
  0
DIMENSION
  8
2D_DIM
  2
*D1
  3
ROUTEDIM
  1
0.135
 10
46.5882758783552
 20
50.5
 30
0.0
 11
23.2941379391776
 21
50.5
 31
0.0
 13
46.4531795918368
 23
48
 14
46.5882758783552
 24
48
 33
0.0
 34
0.0
53
90
  0
DIMENSION
  8
2D_DIM
  2
*D1
  3
ROUTEDIM
  1
0.148
 10
46.7363428571429
 20
50.5
 30
0.0
 11
23.3681714285715
 21
50.5
 31
0.0
 13
46.5882758783552
 23
48
 14
46.7363428571429
 24
48
 33
0.0
 34
0.0
53
90
  0
DIMENSION
  8
2D_DIM
  2
*D1
  3
ROUTEDIM
  1
0.13
 10
46.8664448979592
 20
50.5
 30
0.0
 11
23.4332224489796
 21
50.5
 31
0.0
 13
46.7363428571429
 23
48
 14
46.8664448979592
 24
48
 33
0.0
 34
0.0
53
90
  0
DIMENSION
  8
2D_DIM
  2
*D1
  3
ROUTEDIM
  1
0.084
 10
46.9506285714286
 20
50.5
 30
0.0
 11
23.4753142857143
 21
50.5
 31
0.0
 13
46.8664448979592
 23
48
 14
46.9506285714286
 24
48
 33
0.0
 34
0.0
53
90
  0
DIMENSION
  8
2D_DIM
  2
*D1
  3
ROUTEDIM
  1
0.122
 10
47.0730775510205
 20
50.5
 30
0.0
 11
23.5365387755103
 21
50.5
 31
0.0
 13
46.9506285714286
 23
48
 14
47.0730775510205
 24
48
 33
0.0
 34
0.0
53
90
  0
DIMENSION
  8
2D_DIM
  2
*D1
  3
ROUTEDIM
  1
0.306
 10
47.3792
 20
50.5
 30
0.0
 11
23.6896
 21
50.5
 31
0.0
 13
47.0730775510205
 23
48
 14
47.3792
 24
48
 33
0.0
 34
0.0
53
90
  0
DIMENSION
  8
2D_DIM
  2
*D1
  3
ROUTEDIM
  1
0.078
 10
47.4568981751342
 20
50.5
 30
0.0
 11
23.7284490875671
 21
50.5
 31
0.0
 13
47.3792
 23
48
 14
47.4568981751342
 24
48
 33
0.0
 34
0.0
53
90
  0
DIMENSION
  8
2D_DIM
  2
*D1
  3
ROUTEDIM
  1
0.029
 10
47.4863428571429
 20
50.5
 30
0.0
 11
23.7431714285715
 21
50.5
 31
0.0
 13
47.4568981751342
 23
48
 14
47.4863428571429
 24
48
 33
0.0
 34
0.0
53
90
  0
DIMENSION
  8
2D_DIM
  2
*D1
  3
ROUTEDIM
  1
0.321
 10
47.8077714285714
 20
50.5
 30
0.0
 11
23.9038857142857
 21
50.5
 31
0.0
 13
47.4863428571429
 23
48
 14
47.8077714285714
 24
48
 33
0.0
 34
0.0
53
90
  0
DIMENSION
  8
2D_DIM
  2
*D1
  3
ROUTEDIM
  1
0.064
 10
47.8720571428571
 20
50.5
 30
0.0
 11
23.9360285714286
 21
50.5
 31
0.0
 13
47.8077714285714
 23
48
 14
47.8720571428571
 24
48
 33
0.0
 34
0.0
53
90
  0
DIMENSION
  8
2D_DIM
  2
*D1
  3
ROUTEDIM
  1
0.018
 10
47.889839
 20
50.5
 30
0.0
 11
23.9449195
 21
50.5
 31
0.0
 13
47.8720571428571
 23
48
 14
47.889839
 24
48
 33
0.0
 34
0.0
53
90
  0
DIMENSION
  8
2D_DIM
  2
*D1
  3
ROUTEDIM
  1
0.01
 10
47.8996081632653
 20
50.5
 30
0.0
 11
23.9498040816326
 21
50.5
 31
0.0
 13
47.889839
 23
48
 14
47.8996081632653
 24
48
 33
0.0
 34
0.0
53
90
  0
DIMENSION
  8
2D_DIM
  2
*D1
  3
ROUTEDIM
  1
0.062
 10
47.9615979591837
 20
50.5
 30
0.0
 11
23.9807989795918
 21
50.5
 31
0.0
 13
47.8996081632653
 23
48
 14
47.9615979591837
 24
48
 33
0.0
 34
0.0
53
90
  0
DIMENSION
  8
2D_DIM
  2
*D1
  3
ROUTEDIM
  1
0.118
 10
48.079692
 20
50.5
 30
0.0
 11
24.039846
 21
50.5
 31
0.0
 13
47.9615979591837
 23
48
 14
48.079692
 24
48
 33
0.0
 34
0.0
53
90
  0
DIMENSION
  8
2D_DIM
  2
*D1
  3
ROUTEDIM
  1
0.055
 10
48.13486
 20
50.5
 30
0.0
 11
24.06743
 21
50.5
 31
0.0
 13
48.079692
 23
48
 14
48.13486
 24
48
 33
0.0
 34
0.0
53
90
  0
DIMENSION
  8
2D_DIM
  2
*D1
  3
ROUTEDIM
  1
0.101
 10
48.2363428571429
 20
50.5
 30
0.0
 11
24.1181714285715
 21
50.5
 31
0.0
 13
48.13486
 23
48
 14
48.2363428571429
 24
48
 33
0.0
 34
0.0
53
90
  0
DIMENSION
  8
2D_DIM
  2
*D1
  3
ROUTEDIM
  1
0.077
 10
48.3128734693878
 20
50.5
 30
0.0
 11
24.1564367346939
 21
50.5
 31
0.0
 13
48.2363428571429
 23
48
 14
48.3128734693878
 24
48
 33
0.0
 34
0.0
53
90
  0
DIMENSION
  8
2D_DIM
  2
*D1
  3
ROUTEDIM
  1
0.022
 10
48.334697
 20
50.5
 30
0.0
 11
24.1673485
 21
50.5
 31
0.0
 13
48.3128734693878
 23
48
 14
48.334697
 24
48
 33
0.0
 34
0.0
53
90
  0
DIMENSION
  8
2D_DIM
  2
*D1
  3
ROUTEDIM
  1
0.33
 10
48.6649142857143
 20
50.5
 30
0.0
 11
24.3324571428572
 21
50.5
 31
0.0
 13
48.334697
 23
48
 14
48.6649142857143
 24
48
 33
0.0
 34
0.0
53
90
  0
DIMENSION
  8
2D_DIM
  2
*D1
  3
ROUTEDIM
  1
0.061
 10
48.7261387755102
 20
50.5
 30
0.0
 11
24.3630693877551
 21
50.5
 31
0.0
 13
48.6649142857143
 23
48
 14
48.7261387755102
 24
48
 33
0.0
 34
0.0
53
90
  0
DIMENSION
  8
2D_DIM
  2
*D1
  3
ROUTEDIM
  1
0.367
 10
49.0934857142857
 20
50.5
 30
0.0
 11
24.5467428571428
 21
50.5
 31
0.0
 13
48.7261387755102
 23
48
 14
49.0934857142857
 24
48
 33
0.0
 34
0.0
53
90
  0
DIMENSION
  8
2D_DIM
  2
*D1
  3
ROUTEDIM
  1
0.046
 10
49.1394040816327
 20
50.5
 30
0.0
 11
24.5697020408163
 21
50.5
 31
0.0
 13
49.0934857142857
 23
48
 14
49.1394040816327
 24
48
 33
0.0
 34
0.0
53
90
  0
DIMENSION
  8
2D_DIM
  2
*D1
  3
ROUTEDIM
  1
0.253
 10
49.392806
 20
50.5
 30
0.0
 11
24.696403
 21
50.5
 31
0.0
 13
49.1394040816327
 23
48
 14
49.392806
 24
48
 33
0.0
 34
0.0
53
90
  0
DIMENSION
  8
2D_DIM
  2
*D1
  3
ROUTEDIM
  1
0.129
 10
49.5220571428571
 20
50.5
 30
0.0
 11
24.7610285714286
 21
50.5
 31
0.0
 13
49.392806
 23
48
 14
49.5220571428571
 24
48
 33
0.0
 34
0.0
53
90
  0
DIMENSION
  8
2D_DIM
  2
*D1
  3
ROUTEDIM
  1
0.031
 10
49.5526693877551
 20
50.5
 30
0.0
 11
24.7763346938776
 21
50.5
 31
0.0
 13
49.5220571428571
 23
48
 14
49.5526693877551
 24
48
 33
0.0
 34
0.0
53
90
  0
DIMENSION
  8
2D_DIM
  2
*D1
  3
ROUTEDIM
  1
0.34
 10
49.892806
 20
50.5
 30
0.0
 11
24.946403
 21
50.5
 31
0.0
 13
49.5526693877551
 23
48
 14
49.892806
 24
48
 33
0.0
 34
0.0
53
90
  0
DIMENSION
  8
2D_DIM
  2
*D1
  3
ROUTEDIM
  1
0.058
 10
49.9506285714286
 20
50.5
 30
0.0
 11
24.9753142857143
 21
50.5
 31
0.0
 13
49.892806
 23
48
 14
49.9506285714286
 24
48
 33
0.0
 34
0.0
53
90
  0
DIMENSION
  8
2D_DIM
  2
*D1
  3
ROUTEDIM
  1
0.015
 10
49.9659346938776
 20
50.5
 30
0.0
 11
24.9829673469388
 21
50.5
 31
0.0
 13
49.9506285714286
 23
48
 14
49.9659346938776
 24
48
 33
0.0
 34
0.0
53
90
  0
DIMENSION
  8
2D_DIM
  2
*D1
  3
ROUTEDIM
  1
0.413
 10
50.3792
 20
50.5
 30
0.0
 11
25.1896
 21
50.5
 31
0.0
 13
49.9659346938776
 23
48
 14
50.3792
 24
48
 33
0.0
 34
0.0
53
90
  0
DIMENSION
  8
2D_DIM
  2
*D1
  3
ROUTEDIM
  1
8.842
 10
59.221216
 20
50.5
 30
0.0
 11
29.610608
 21
50.5
 31
0.0
 13
50.3792
 23
48
 14
59.221216
 24
48
 33
0.0
 34
0.0
53
90
  0
DIMENSION
  8
2D_DIM
  2
*D1
  3
ROUTEDIM
  1
0.266
 10
59.486844
 20
50.5
 30
0.0
 11
29.743422
 21
50.5
 31
0.0
 13
59.221216
 23
48
 14
59.486844
 24
48
 33
0.0
 34
0.0
53
90
  0
DIMENSION
  8
2D_DIM
  2
*D1
  3
ROUTEDIM
  1
0.013
 10
59.5
 20
50.5
 30
0.0
 11
29.75
 21
50.5
 31
0.0
 13
59.486844
 23
48
 14
59.5
 24
48
 33
0.0
 34
0.0
53
90
  0
DIMENSION
  8
2D_DIM
  2
*D1
  3
ROUTEDIM
  1
0.107
 10
59.6071428571429
 20
50.5
 30
0.0
 11
29.8035714285714
 21
50.5
 31
0.0
 13
59.5
 23
48
 14
59.6071428571429
 24
48
 33
0.0
 34
0.0
53
90
  0
DIMENSION
  8
2D_DIM
  2
*D1
  3
ROUTEDIM
  1
0.107
 10
59.7142857142857
 20
50.5
 30
0.0
 11
29.8571428571429
 21
50.5
 31
0.0
 13
59.6071428571429
 23
48
 14
59.7142857142857
 24
48
 33
0.0
 34
0.0
53
90
  0
DIMENSION
  8
2D_DIM
  2
*D1
  3
ROUTEDIM
  1
0.007
 10
59.721216
 20
50.5
 30
0.0
 11
29.860608
 21
50.5
 31
0.0
 13
59.7142857142857
 23
48
 14
59.721216
 24
48
 33
0.0
 34
0.0
53
90
  0
DIMENSION
  8
2D_DIM
  2
*D1
  3
ROUTEDIM
  1
0.02
 10
59.741712
 20
50.5
 30
0.0
 11
29.870856
 21
50.5
 31
0.0
 13
59.721216
 23
48
 14
59.741712
 24
48
 33
0.0
 34
0.0
53
90
  0
DIMENSION
  8
2D_DIM
  2
*D1
  3
ROUTEDIM
  1
0.076
 10
59.8176020408164
 20
50.5
 30
0.0
 11
29.9088010204082
 21
50.5
 31
0.0
 13
59.741712
 23
48
 14
59.8176020408164
 24
48
 33
0.0
 34
0.0
53
90
  0
DIMENSION
  8
2D_DIM
  2
*D1
  3
ROUTEDIM
  1
0.103
 10
59.920918367347
 20
50.5
 30
0.0
 11
29.9604591836735
 21
50.5
 31
0.0
 13
59.8176020408164
 23
48
 14
59.920918367347
 24
48
 33
0.0
 34
0.0
53
90
  0
DIMENSION
  8
2D_DIM
  2
*D1
  3
ROUTEDIM
  1
0.025
 10
59.9463368669264
 20
50.5
 30
0.0
 11
29.9731684334632
 21
50.5
 31
0.0
 13
59.920918367347
 23
48
 14
59.9463368669264
 24
48
 33
0.0
 34
0.0
53
90
  0
DIMENSION
  8
2D_DIM
  2
*D1
  3
ROUTEDIM
  1
0.05
 10
59.99658
 20
50.5
 30
0.0
 11
29.99829
 21
50.5
 31
0.0
 13
59.9463368669264
 23
48
 14
59.99658
 24
48
 33
0.0
 34
0.0
53
90
  0
DIMENSION
  8
2D_DIM
  2
*D1
  3
ROUTEDIM
  1
0.146
 10
60.1428571428571
 20
50.5
 30
0.0
 11
30.0714285714286
 21
50.5
 31
0.0
 13
59.99658
 23
48
 14
60.1428571428571
 24
48
 33
0.0
 34
0.0
53
90
  0
DIMENSION
  8
2D_DIM
  2
*D1
  3
ROUTEDIM
  1
0.019
 10
60.1623386581898
 20
50.5
 30
0.0
 11
30.0811693290949
 21
50.5
 31
0.0
 13
60.1428571428571
 23
48
 14
60.1623386581898
 24
48
 33
0.0
 34
0.0
53
90
  0
DIMENSION
  8
2D_DIM
  2
*D1
  3
ROUTEDIM
  1
0.172
 10
60.3341836734694
 20
50.5
 30
0.0
 11
30.1670918367347
 21
50.5
 31
0.0
 13
60.1623386581898
 23
48
 14
60.3341836734694
 24
48
 33
0.0
 34
0.0
53
90
  0
DIMENSION
  8
2D_DIM
  2
*D1
  3
ROUTEDIM
  1
0.044
 10
60.3783405383871
 20
50.5
 30
0.0
 11
30.1891702691935
 21
50.5
 31
0.0
 13
60.3341836734694
 23
48
 14
60.3783405383871
 24
48
 33
0.0
 34
0.0
53
90
  0
DIMENSION
  8
2D_DIM
  2
*D1
  3
ROUTEDIM
  1
0.193
 10
60.5714285714286
 20
50.5
 30
0.0
 11
30.2857142857143
 21
50.5
 31
0.0
 13
60.3783405383871
 23
48
 14
60.5714285714286
 24
48
 33
0.0
 34
0.0
53
90
  0
DIMENSION
  8
2D_DIM
  2
*D1
  3
ROUTEDIM
  1
0.138
 10
60.709127
 20
50.5
 30
0.0
 11
30.3545635
 21
50.5
 31
0.0
 13
60.5714285714286
 23
48
 14
60.709127
 24
48
 33
0.0
 34
0.0
53
90
  0
DIMENSION
  8
2D_DIM
  2
*D1
  3
ROUTEDIM
  1
0.038
 10
60.7474489795919
 20
50.5
 30
0.0
 11
30.373724489796
 21
50.5
 31
0.0
 13
60.709127
 23
48
 14
60.7474489795919
 24
48
 33
0.0
 34
0.0
53
90
  0
DIMENSION
  8
2D_DIM
  2
*D1
  3
ROUTEDIM
  1
0.235
 10
60.9822272092654
 20
50.5
 30
0.0
 11
30.4911136046327
 21
50.5
 31
0.0
 13
60.7474489795919
 23
48
 14
60.9822272092654
 24
48
 33
0.0
 34
0.0
53
90
  0
DIMENSION
  8
2D_DIM
  2
*D1
  3
ROUTEDIM
  1
0.018
 10
61
 20
50.5
 30
0.0
 11
30.5
 21
50.5
 31
0.0
 13
60.9822272092654
 23
48
 14
61
 24
48
 33
0.0
 34
0.0
53
90
  0
DIMENSION
  8
2D_DIM
  2
*D1
  3
ROUTEDIM
  1
0.161
 10
61.1607142857143
 20
50.5
 30
0.0
 11
30.5803571428571
 21
50.5
 31
0.0
 13
61
 23
48
 14
61.1607142857143
 24
48
 33
0.0
 34
0.0
53
90
  0
DIMENSION
  8
2D_DIM
  2
*D1
  3
ROUTEDIM
  1
0.268
 10
61.4285714285714
 20
50.5
 30
0.0
 11
30.7142857142857
 21
50.5
 31
0.0
 13
61.1607142857143
 23
48
 14
61.4285714285714
 24
48
 33
0.0
 34
0.0
53
90
  0
DIMENSION
  8
2D_DIM
  2
*D1
  3
ROUTEDIM
  1
0.138
 10
61.566761
 20
50.5
 30
0.0
 11
30.7833805
 21
50.5
 31
0.0
 13
61.4285714285714
 23
48
 14
61.566761
 24
48
 33
0.0
 34
0.0
53
90
  0
DIMENSION
  8
2D_DIM
  2
*D1
  3
ROUTEDIM
  1
0.007
 10
61.5739795918368
 20
50.5
 30
0.0
 11
30.7869897959184
 21
50.5
 31
0.0
 13
61.566761
 23
48
 14
61.5739795918368
 24
48
 33
0.0
 34
0.0
53
90
  0
DIMENSION
  8
2D_DIM
  2
*D1
  3
ROUTEDIM
  1
0.135
 10
61.7090758783553
 20
50.5
 30
0.0
 11
30.8545379391776
 21
50.5
 31
0.0
 13
61.5739795918368
 23
48
 14
61.7090758783553
 24
48
 33
0.0
 34
0.0
53
90
  0
DIMENSION
  8
2D_DIM
  2
*D1
  3
ROUTEDIM
  1
0.148
 10
61.8571428571429
 20
50.5
 30
0.0
 11
30.9285714285714
 21
50.5
 31
0.0
 13
61.7090758783553
 23
48
 14
61.8571428571429
 24
48
 33
0.0
 34
0.0
53
90
  0
DIMENSION
  8
2D_DIM
  2
*D1
  3
ROUTEDIM
  1
0.13
 10
61.9872448979592
 20
50.5
 30
0.0
 11
30.9936224489796
 21
50.5
 31
0.0
 13
61.8571428571429
 23
48
 14
61.9872448979592
 24
48
 33
0.0
 34
0.0
53
90
  0
DIMENSION
  8
2D_DIM
  2
*D1
  3
ROUTEDIM
  1
0.084
 10
62.0714285714286
 20
50.5
 30
0.0
 11
31.0357142857143
 21
50.5
 31
0.0
 13
61.9872448979592
 23
48
 14
62.0714285714286
 24
48
 33
0.0
 34
0.0
53
90
  0
DIMENSION
  8
2D_DIM
  2
*D1
  3
ROUTEDIM
  1
0.122
 10
62.1938775510204
 20
50.5
 30
0.0
 11
31.0969387755102
 21
50.5
 31
0.0
 13
62.0714285714286
 23
48
 14
62.1938775510204
 24
48
 33
0.0
 34
0.0
53
90
  0
DIMENSION
  8
2D_DIM
  2
*D1
  3
ROUTEDIM
  1
0.306
 10
62.5
 20
50.5
 30
0.0
 11
31.25
 21
50.5
 31
0.0
 13
62.1938775510204
 23
48
 14
62.5
 24
48
 33
0.0
 34
0.0
53
90
  0
DIMENSION
  8
2D_DIM
  2
*D1
  3
ROUTEDIM
  1
0.078
 10
62.5776981751342
 20
50.5
 30
0.0
 11
31.2888490875671
 21
50.5
 31
0.0
 13
62.5
 23
48
 14
62.5776981751342
 24
48
 33
0.0
 34
0.0
53
90
  0
DIMENSION
  8
2D_DIM
  2
*D1
  3
ROUTEDIM
  1
0.029
 10
62.6071428571429
 20
50.5
 30
0.0
 11
31.3035714285714
 21
50.5
 31
0.0
 13
62.5776981751342
 23
48
 14
62.6071428571429
 24
48
 33
0.0
 34
0.0
53
90
  0
DIMENSION
  8
2D_DIM
  2
*D1
  3
ROUTEDIM
  1
0.321
 10
62.9285714285714
 20
50.5
 30
0.0
 11
31.4642857142857
 21
50.5
 31
0.0
 13
62.6071428571429
 23
48
 14
62.9285714285714
 24
48
 33
0.0
 34
0.0
53
90
  0
DIMENSION
  8
2D_DIM
  2
*D1
  3
ROUTEDIM
  1
0.064
 10
62.9928571428571
 20
50.5
 30
0.0
 11
31.4964285714285
 21
50.5
 31
0.0
 13
62.9285714285714
 23
48
 14
62.9928571428571
 24
48
 33
0.0
 34
0.0
53
90
  0
DIMENSION
  8
2D_DIM
  2
*D1
  3
ROUTEDIM
  1
0.028
 10
63.0204081632653
 20
50.5
 30
0.0
 11
31.5102040816327
 21
50.5
 31
0.0
 13
62.9928571428571
 23
48
 14
63.0204081632653
 24
48
 33
0.0
 34
0.0
53
90
  0
DIMENSION
  8
2D_DIM
  2
*D1
  3
ROUTEDIM
  1
0.062
 10
63.0823979591837
 20
50.5
 30
0.0
 11
31.5411989795919
 21
50.5
 31
0.0
 13
63.0204081632653
 23
48
 14
63.0823979591837
 24
48
 33
0.0
 34
0.0
53
90
  0
DIMENSION
  8
2D_DIM
  2
*D1
  3
ROUTEDIM
  1
0.275
 10
63.3571428571429
 20
50.5
 30
0.0
 11
31.6785714285714
 21
50.5
 31
0.0
 13
63.0823979591837
 23
48
 14
63.3571428571429
 24
48
 33
0.0
 34
0.0
53
90
  0
DIMENSION
  8
2D_DIM
  2
*D1
  3
ROUTEDIM
  1
0.077
 10
63.4336734693878
 20
50.5
 30
0.0
 11
31.7168367346939
 21
50.5
 31
0.0
 13
63.3571428571429
 23
48
 14
63.4336734693878
 24
48
 33
0.0
 34
0.0
53
90
  0
DIMENSION
  8
2D_DIM
  2
*D1
  3
ROUTEDIM
  1
0.352
 10
63.7857142857143
 20
50.5
 30
0.0
 11
31.8928571428571
 21
50.5
 31
0.0
 13
63.4336734693878
 23
48
 14
63.7857142857143
 24
48
 33
0.0
 34
0.0
53
90
  0
DIMENSION
  8
2D_DIM
  2
*D1
  3
ROUTEDIM
  1
0.061
 10
63.8469387755102
 20
50.5
 30
0.0
 11
31.9234693877551
 21
50.5
 31
0.0
 13
63.7857142857143
 23
48
 14
63.8469387755102
 24
48
 33
0.0
 34
0.0
53
90
  0
DIMENSION
  8
2D_DIM
  2
*D1
  3
ROUTEDIM
  1
0.367
 10
64.2142857142857
 20
50.5
 30
0.0
 11
32.1071428571428
 21
50.5
 31
0.0
 13
63.8469387755102
 23
48
 14
64.2142857142857
 24
48
 33
0.0
 34
0.0
53
90
  0
DIMENSION
  8
2D_DIM
  2
*D1
  3
ROUTEDIM
  1
0.046
 10
64.2602040816327
 20
50.5
 30
0.0
 11
32.1301020408163
 21
50.5
 31
0.0
 13
64.2142857142857
 23
48
 14
64.2602040816327
 24
48
 33
0.0
 34
0.0
53
90
  0
DIMENSION
  8
2D_DIM
  2
*D1
  3
ROUTEDIM
  1
0.383
 10
64.6428571428571
 20
50.5
 30
0.0
 11
32.3214285714285
 21
50.5
 31
0.0
 13
64.2602040816327
 23
48
 14
64.6428571428571
 24
48
 33
0.0
 34
0.0
53
90
  0
DIMENSION
  8
2D_DIM
  2
*D1
  3
ROUTEDIM
  1
0.031
 10
64.6734693877551
 20
50.5
 30
0.0
 11
32.3367346938776
 21
50.5
 31
0.0
 13
64.6428571428571
 23
48
 14
64.6734693877551
 24
48
 33
0.0
 34
0.0
53
90
  0
DIMENSION
  8
2D_DIM
  2
*D1
  3
ROUTEDIM
  1
0.398
 10
65.0714285714286
 20
50.5
 30
0.0
 11
32.5357142857143
 21
50.5
 31
0.0
 13
64.6734693877551
 23
48
 14
65.0714285714286
 24
48
 33
0.0
 34
0.0
53
90
  0
DIMENSION
  8
2D_DIM
  2
*D1
  3
ROUTEDIM
  1
0.015
 10
65.0867346938776
 20
50.5
 30
0.0
 11
32.5433673469388
 21
50.5
 31
0.0
 13
65.0714285714286
 23
48
 14
65.0867346938776
 24
48
 33
0.0
 34
0.0
53
90
  0
DIMENSION
  8
2D_DIM
  2
*D1
  3
ROUTEDIM
  1
0.413
 10
65.5
 20
50.5
 30
0.0
 11
32.75
 21
50.5
 31
0.0
 13
65.0867346938776
 23
48
 14
65.5
 24
48
 33
0.0
 34
0.0
53
90
  0
DIMENSION
  8
2D_DIM
  2
*D1
  3
ROUTEDIM
  1
3.221
 10
68.721216
 20
50.5
 30
0.0
 11
34.360608
 21
50.5
 31
0.0
 13
65.5
 23
48
 14
68.721216
 24
48
 33
0.0
 34
0.0
53
90
  0
DIMENSION
  8
2D_DIM
  2
*D1
  3
ROUTEDIM
  1
0.266
 10
68.986844
 20
50.5
 30
0.0
 11
34.493422
 21
50.5
 31
0.0
 13
68.721216
 23
48
 14
68.986844
 24
48
 33
0.0
 34
0.0
53
90
  0
DIMENSION
  8
2D_DIM
  2
*D1
  3
ROUTEDIM
  1
0.013
 10
69
 20
50.5
 30
0.0
 11
34.5
 21
50.5
 31
0.0
 13
68.986844
 23
48
 14
69
 24
48
 33
0.0
 34
0.0
53
90
  0
DIMENSION
  8
2D_DIM
  2
*D1
  3
ROUTEDIM
  1
0.107
 10
69.1071428571429
 20
50.5
 30
0.0
 11
34.5535714285715
 21
50.5
 31
0.0
 13
69
 23
48
 14
69.1071428571429
 24
48
 33
0.0
 34
0.0
53
90
  0
DIMENSION
  8
2D_DIM
  2
*D1
  3
ROUTEDIM
  1
0.107
 10
69.2142857142857
 20
50.5
 30
0.0
 11
34.6071428571428
 21
50.5
 31
0.0
 13
69.1071428571429
 23
48
 14
69.2142857142857
 24
48
 33
0.0
 34
0.0
53
90
  0
DIMENSION
  8
2D_DIM
  2
*D1
  3
ROUTEDIM
  1
0.007
 10
69.221216
 20
50.5
 30
0.0
 11
34.610608
 21
50.5
 31
0.0
 13
69.2142857142857
 23
48
 14
69.221216
 24
48
 33
0.0
 34
0.0
53
90
  0
DIMENSION
  8
2D_DIM
  2
*D1
  3
ROUTEDIM
  1
0.02
 10
69.241712
 20
50.5
 30
0.0
 11
34.620856
 21
50.5
 31
0.0
 13
69.221216
 23
48
 14
69.241712
 24
48
 33
0.0
 34
0.0
53
90
  0
DIMENSION
  8
2D_DIM
  2
*D1
  3
ROUTEDIM
  1
0.076
 10
69.3176020408164
 20
50.5
 30
0.0
 11
34.6588010204082
 21
50.5
 31
0.0
 13
69.241712
 23
48
 14
69.3176020408164
 24
48
 33
0.0
 34
0.0
53
90
  0
DIMENSION
  8
2D_DIM
  2
*D1
  3
ROUTEDIM
  1
0.103
 10
69.420918367347
 20
50.5
 30
0.0
 11
34.7104591836735
 21
50.5
 31
0.0
 13
69.3176020408164
 23
48
 14
69.420918367347
 24
48
 33
0.0
 34
0.0
53
90
  0
DIMENSION
  8
2D_DIM
  2
*D1
  3
ROUTEDIM
  1
0.025
 10
69.4463368669264
 20
50.5
 30
0.0
 11
34.7231684334632
 21
50.5
 31
0.0
 13
69.420918367347
 23
48
 14
69.4463368669264
 24
48
 33
0.0
 34
0.0
53
90
  0
DIMENSION
  8
2D_DIM
  2
*D1
  3
ROUTEDIM
  1
0.05
 10
69.49658
 20
50.5
 30
0.0
 11
34.74829
 21
50.5
 31
0.0
 13
69.4463368669264
 23
48
 14
69.49658
 24
48
 33
0.0
 34
0.0
53
90
  0
DIMENSION
  8
2D_DIM
  2
*D1
  3
ROUTEDIM
  1
0.146
 10
69.6428571428572
 20
50.5
 30
0.0
 11
34.8214285714286
 21
50.5
 31
0.0
 13
69.49658
 23
48
 14
69.6428571428572
 24
48
 33
0.0
 34
0.0
53
90
  0
DIMENSION
  8
2D_DIM
  2
*D1
  3
ROUTEDIM
  1
0.019
 10
69.6623386581898
 20
50.5
 30
0.0
 11
34.8311693290949
 21
50.5
 31
0.0
 13
69.6428571428572
 23
48
 14
69.6623386581898
 24
48
 33
0.0
 34
0.0
53
90
  0
DIMENSION
  8
2D_DIM
  2
*D1
  3
ROUTEDIM
  1
0.172
 10
69.8341836734694
 20
50.5
 30
0.0
 11
34.9170918367347
 21
50.5
 31
0.0
 13
69.6623386581898
 23
48
 14
69.8341836734694
 24
48
 33
0.0
 34
0.0
53
90
  0
DIMENSION
  8
2D_DIM
  2
*D1
  3
ROUTEDIM
  1
0.044
 10
69.8783405383871
 20
50.5
 30
0.0
 11
34.9391702691936
 21
50.5
 31
0.0
 13
69.8341836734694
 23
48
 14
69.8783405383871
 24
48
 33
0.0
 34
0.0
53
90
  0
DIMENSION
  8
2D_DIM
  2
*D1
  3
ROUTEDIM
  1
0.193
 10
70.0714285714286
 20
50.5
 30
0.0
 11
35.0357142857143
 21
50.5
 31
0.0
 13
69.8783405383871
 23
48
 14
70.0714285714286
 24
48
 33
0.0
 34
0.0
53
90
  0
DIMENSION
  8
2D_DIM
  2
*D1
  3
ROUTEDIM
  1
0.138
 10
70.209127
 20
50.5
 30
0.0
 11
35.1045635
 21
50.5
 31
0.0
 13
70.0714285714286
 23
48
 14
70.209127
 24
48
 33
0.0
 34
0.0
53
90
  0
DIMENSION
  8
2D_DIM
  2
*D1
  3
ROUTEDIM
  1
0.038
 10
70.2474489795919
 20
50.5
 30
0.0
 11
35.1237244897959
 21
50.5
 31
0.0
 13
70.209127
 23
48
 14
70.2474489795919
 24
48
 33
0.0
 34
0.0
53
90
  0
DIMENSION
  8
2D_DIM
  2
*D1
  3
ROUTEDIM
  1
0.235
 10
70.4822272092654
 20
50.5
 30
0.0
 11
35.2411136046327
 21
50.5
 31
0.0
 13
70.2474489795919
 23
48
 14
70.4822272092654
 24
48
 33
0.0
 34
0.0
53
90
  0
DIMENSION
  8
2D_DIM
  2
*D1
  3
ROUTEDIM
  1
0.018
 10
70.5
 20
50.5
 30
0.0
 11
35.25
 21
50.5
 31
0.0
 13
70.4822272092654
 23
48
 14
70.5
 24
48
 33
0.0
 34
0.0
53
90
  0
DIMENSION
  8
2D_DIM
  2
*D1
  3
ROUTEDIM
  1
0.161
 10
70.6607142857143
 20
50.5
 30
0.0
 11
35.3303571428572
 21
50.5
 31
0.0
 13
70.5
 23
48
 14
70.6607142857143
 24
48
 33
0.0
 34
0.0
53
90
  0
DIMENSION
  8
2D_DIM
  2
*D1
  3
ROUTEDIM
  1
0.268
 10
70.9285714285714
 20
50.5
 30
0.0
 11
35.4642857142857
 21
50.5
 31
0.0
 13
70.6607142857143
 23
48
 14
70.9285714285714
 24
48
 33
0.0
 34
0.0
53
90
  0
DIMENSION
  8
2D_DIM
  2
*D1
  3
ROUTEDIM
  1
0.138
 10
71.066761
 20
50.5
 30
0.0
 11
35.5333805
 21
50.5
 31
0.0
 13
70.9285714285714
 23
48
 14
71.066761
 24
48
 33
0.0
 34
0.0
53
90
  0
DIMENSION
  8
2D_DIM
  2
*D1
  3
ROUTEDIM
  1
0.007
 10
71.0739795918368
 20
50.5
 30
0.0
 11
35.5369897959184
 21
50.5
 31
0.0
 13
71.066761
 23
48
 14
71.0739795918368
 24
48
 33
0.0
 34
0.0
53
90
  0
DIMENSION
  8
2D_DIM
  2
*D1
  3
ROUTEDIM
  1
0.135
 10
71.2090758783553
 20
50.5
 30
0.0
 11
35.6045379391777
 21
50.5
 31
0.0
 13
71.0739795918368
 23
48
 14
71.2090758783553
 24
48
 33
0.0
 34
0.0
53
90
  0
DIMENSION
  8
2D_DIM
  2
*D1
  3
ROUTEDIM
  1
0.148
 10
71.3571428571429
 20
50.5
 30
0.0
 11
35.6785714285715
 21
50.5
 31
0.0
 13
71.2090758783553
 23
48
 14
71.3571428571429
 24
48
 33
0.0
 34
0.0
53
90
  0
DIMENSION
  8
2D_DIM
  2
*D1
  3
ROUTEDIM
  1
0.13
 10
71.4872448979592
 20
50.5
 30
0.0
 11
35.7436224489796
 21
50.5
 31
0.0
 13
71.3571428571429
 23
48
 14
71.4872448979592
 24
48
 33
0.0
 34
0.0
53
90
  0
DIMENSION
  8
2D_DIM
  2
*D1
  3
ROUTEDIM
  1
0.084
 10
71.5714285714286
 20
50.5
 30
0.0
 11
35.7857142857143
 21
50.5
 31
0.0
 13
71.4872448979592
 23
48
 14
71.5714285714286
 24
48
 33
0.0
 34
0.0
53
90
  0
DIMENSION
  8
2D_DIM
  2
*D1
  3
ROUTEDIM
  1
0.122
 10
71.6938775510204
 20
50.5
 30
0.0
 11
35.8469387755102
 21
50.5
 31
0.0
 13
71.5714285714286
 23
48
 14
71.6938775510204
 24
48
 33
0.0
 34
0.0
53
90
  0
DIMENSION
  8
2D_DIM
  2
*D1
  3
ROUTEDIM
  1
0.306
 10
72
 20
50.5
 30
0.0
 11
36
 21
50.5
 31
0.0
 13
71.6938775510204
 23
48
 14
72
 24
48
 33
0.0
 34
0.0
53
90
  0
DIMENSION
  8
2D_DIM
  2
*D1
  3
ROUTEDIM
  1
0.078
 10
72.0776981751342
 20
50.5
 30
0.0
 11
36.0388490875671
 21
50.5
 31
0.0
 13
72
 23
48
 14
72.0776981751342
 24
48
 33
0.0
 34
0.0
53
90
  0
DIMENSION
  8
2D_DIM
  2
*D1
  3
ROUTEDIM
  1
0.029
 10
72.1071428571429
 20
50.5
 30
0.0
 11
36.0535714285715
 21
50.5
 31
0.0
 13
72.0776981751342
 23
48
 14
72.1071428571429
 24
48
 33
0.0
 34
0.0
53
90
  0
DIMENSION
  8
2D_DIM
  2
*D1
  3
ROUTEDIM
  1
0.321
 10
72.4285714285714
 20
50.5
 30
0.0
 11
36.2142857142857
 21
50.5
 31
0.0
 13
72.1071428571429
 23
48
 14
72.4285714285714
 24
48
 33
0.0
 34
0.0
53
90
  0
DIMENSION
  8
2D_DIM
  2
*D1
  3
ROUTEDIM
  1
0.064
 10
72.4928571428571
 20
50.5
 30
0.0
 11
36.2464285714286
 21
50.5
 31
0.0
 13
72.4285714285714
 23
48
 14
72.4928571428571
 24
48
 33
0.0
 34
0.0
53
90
  0
DIMENSION
  8
2D_DIM
  2
*D1
  3
ROUTEDIM
  1
0.028
 10
72.5204081632654
 20
50.5
 30
0.0
 11
36.2602040816327
 21
50.5
 31
0.0
 13
72.4928571428571
 23
48
 14
72.5204081632654
 24
48
 33
0.0
 34
0.0
53
90
  0
DIMENSION
  8
2D_DIM
  2
*D1
  3
ROUTEDIM
  1
0.062
 10
72.5823979591837
 20
50.5
 30
0.0
 11
36.2911989795918
 21
50.5
 31
0.0
 13
72.5204081632654
 23
48
 14
72.5823979591837
 24
48
 33
0.0
 34
0.0
53
90
  0
DIMENSION
  8
2D_DIM
  2
*D1
  3
ROUTEDIM
  1
0.275
 10
72.8571428571429
 20
50.5
 30
0.0
 11
36.4285714285715
 21
50.5
 31
0.0
 13
72.5823979591837
 23
48
 14
72.8571428571429
 24
48
 33
0.0
 34
0.0
53
90
  0
DIMENSION
  8
2D_DIM
  2
*D1
  3
ROUTEDIM
  1
0.077
 10
72.9336734693878
 20
50.5
 30
0.0
 11
36.4668367346939
 21
50.5
 31
0.0
 13
72.8571428571429
 23
48
 14
72.9336734693878
 24
48
 33
0.0
 34
0.0
53
90
  0
DIMENSION
  8
2D_DIM
  2
*D1
  3
ROUTEDIM
  1
0.352
 10
73.2857142857143
 20
50.5
 30
0.0
 11
36.6428571428572
 21
50.5
 31
0.0
 13
72.9336734693878
 23
48
 14
73.2857142857143
 24
48
 33
0.0
 34
0.0
53
90
  0
DIMENSION
  8
2D_DIM
  2
*D1
  3
ROUTEDIM
  1
0.061
 10
73.3469387755103
 20
50.5
 30
0.0
 11
36.6734693877551
 21
50.5
 31
0.0
 13
73.2857142857143
 23
48
 14
73.3469387755103
 24
48
 33
0.0
 34
0.0
53
90
  0
DIMENSION
  8
2D_DIM
  2
*D1
  3
ROUTEDIM
  1
0.367
 10
73.7142857142857
 20
50.5
 30
0.0
 11
36.8571428571428
 21
50.5
 31
0.0
 13
73.3469387755103
 23
48
 14
73.7142857142857
 24
48
 33
0.0
 34
0.0
53
90
  0
DIMENSION
  8
2D_DIM
  2
*D1
  3
ROUTEDIM
  1
0.046
 10
73.7602040816327
 20
50.5
 30
0.0
 11
36.8801020408163
 21
50.5
 31
0.0
 13
73.7142857142857
 23
48
 14
73.7602040816327
 24
48
 33
0.0
 34
0.0
53
90
  0
DIMENSION
  8
2D_DIM
  2
*D1
  3
ROUTEDIM
  1
0.383
 10
74.1428571428571
 20
50.5
 30
0.0
 11
37.0714285714285
 21
50.5
 31
0.0
 13
73.7602040816327
 23
48
 14
74.1428571428571
 24
48
 33
0.0
 34
0.0
53
90
  0
DIMENSION
  8
2D_DIM
  2
*D1
  3
ROUTEDIM
  1
0.031
 10
74.1734693877551
 20
50.5
 30
0.0
 11
37.0867346938776
 21
50.5
 31
0.0
 13
74.1428571428571
 23
48
 14
74.1734693877551
 24
48
 33
0.0
 34
0.0
53
90
  0
DIMENSION
  8
2D_DIM
  2
*D1
  3
ROUTEDIM
  1
0.398
 10
74.5714285714286
 20
50.5
 30
0.0
 11
37.2857142857143
 21
50.5
 31
0.0
 13
74.1734693877551
 23
48
 14
74.5714285714286
 24
48
 33
0.0
 34
0.0
53
90
  0
DIMENSION
  8
2D_DIM
  2
*D1
  3
ROUTEDIM
  1
0.015
 10
74.5867346938776
 20
50.5
 30
0.0
 11
37.2933673469388
 21
50.5
 31
0.0
 13
74.5714285714286
 23
48
 14
74.5867346938776
 24
48
 33
0.0
 34
0.0
53
90
  0
DIMENSION
  8
2D_DIM
  2
*D1
  3
ROUTEDIM
  1
0.413
 10
75
 20
50.5
 30
0.0
 11
37.5
 21
50.5
 31
0.0
 13
74.5867346938776
 23
48
 14
75
 24
48
 33
0.0
 34
0.0
53
90
  0
DIMENSION
  8
2D_DIM
  2
*D1
  3
ROUTEDIM
  1
8.188
 10
83.1875
 20
50.5
 30
0.0
 11
41.59375
 21
50.5
 31
0.0
 13
75
 23
48
 14
83.1875
 24
48
 33
0.0
 34
0.0
53
90
  0
DIMENSION
  8
2D_DIM
  2
*D1
  3
ROUTEDIM
  1
0.812
 10
84
 20
50.5
 30
0.0
 11
42
 21
50.5
 31
0.0
 13
83.1875
 23
48
 14
84
 24
48
 33
0.0
 34
0.0
53
90
  0
DIMENSION
  8
2D_DIM
  2
*D1
  3
ROUTEDIM
  1
0
 10
84
 20
50.5
 30
0.0
 11
42
 21
50.5
 31
0.0
 13
84
 23
48
 14
84
 24
48
 33
0.0
 34
0.0
53
90
  0
DIMENSION
  8
2D_DIM
  2
*D1
  3
ROUTEDIM
  1
0.407
 10
-2.5
 20
-0.406795000000002
 30
0.0
 11
-2.5
 21
-0.203397500000001
 31
0
 13
0.0
 23
0
 14
0.0
 24
-0.406795000000002
 50
90.0
53
0
 33
0.0
 34
0.0
  0
DIMENSION
  8
2D_DIM
  2
*D1
  3
ROUTEDIM
  1
0.323
 10
-2.5
 20
-0.0834049999999991
 30
0.0
 11
-2.5
 21
-0.0417024999999996
 31
0
 13
0.0
 23
-0.406795000000002
 14
0.0
 24
-0.0834049999999991
 50
90.0
53
0
 33
0.0
 34
0.0
  0
DIMENSION
  8
2D_DIM
  2
*D1
  3
ROUTEDIM
  1
0.083
 10
-2.5
 20
0
 30
0.0
 11
-2.5
 21
0
 31
0
 13
0.0
 23
-0.0834049999999991
 14
0.0
 24
0
 50
90.0
53
0
 33
0.0
 34
0.0
  0
DIMENSION
  8
2D_DIM
  2
*D1
  3
ROUTEDIM
  1
0.312
 10
-2.5
 20
0.3125
 30
0.0
 11
-2.5
 21
0.15625
 31
0
 13
0.0
 23
0
 14
0.0
 24
0.3125
 50
90.0
53
0
 33
0.0
 34
0.0
  0
DIMENSION
  8
2D_DIM
  2
*D1
  3
ROUTEDIM
  1
5.375
 10
-2.5
 20
5.6875
 30
0.0
 11
-2.5
 21
2.84375
 31
0
 13
0.0
 23
0.3125
 14
0.0
 24
5.6875
 50
90.0
53
0
 33
0.0
 34
0.0
  0
DIMENSION
  8
2D_DIM
  2
*D1
  3
ROUTEDIM
  1
0.134
 10
-2.5
 20
5.82168
 30
0.0
 11
-2.5
 21
2.91084
 31
0
 13
0.0
 23
5.6875
 14
0.0
 24
5.82168
 50
90.0
53
0
 33
0.0
 34
0.0
  0
DIMENSION
  8
2D_DIM
  2
*D1
  3
ROUTEDIM
  1
0.071
 10
-2.5
 20
5.89285714285716
 30
0.0
 11
-2.5
 21
2.94642857142858
 31
0
 13
0.0
 23
5.82168
 14
0.0
 24
5.89285714285716
 50
90.0
53
0
 33
0.0
 34
0.0
  0
DIMENSION
  8
2D_DIM
  2
*D1
  3
ROUTEDIM
  1
0.103
 10
-2.5
 20
5.99617346938777
 30
0.0
 11
-2.5
 21
2.99808673469389
 31
0
 13
0.0
 23
5.89285714285716
 14
0.0
 24
5.99617346938777
 50
90.0
53
0
 33
0.0
 34
0.0
  0
DIMENSION
  8
2D_DIM
  2
*D1
  3
ROUTEDIM
  1
0.004
 10
-2.5
 20
6
 30
0.0
 11
-2.5
 21
3
 31
0
 13
0.0
 23
5.99617346938777
 14
0.0
 24
6
 50
90.0
53
0
 33
0.0
 34
0.0
  0
DIMENSION
  8
2D_DIM
  2
*D1
  3
ROUTEDIM
  1
0.107
 10
-2.5
 20
6.10714285714286
 30
0.0
 11
-2.5
 21
3.05357142857143
 31
0
 13
0.0
 23
6
 14
0.0
 24
6.10714285714286
 50
90.0
53
0
 33
0.0
 34
0.0
  0
DIMENSION
  8
2D_DIM
  2
*D1
  3
ROUTEDIM
  1
0.074
 10
-2.5
 20
6.18147029877669
 30
0.0
 11
-2.5
 21
3.09073514938834
 31
0
 13
0.0
 23
6.10714285714286
 14
0.0
 24
6.18147029877669
 50
90.0
53
0
 33
0.0
 34
0.0
  0
DIMENSION
  8
2D_DIM
  2
*D1
  3
ROUTEDIM
  1
0.032
 10
-2.5
 20
6.213348
 30
0.0
 11
-2.5
 21
3.106674
 31
0
 13
0.0
 23
6.18147029877669
 14
0.0
 24
6.213348
 50
90.0
53
0
 33
0.0
 34
0.0
  0
DIMENSION
  8
2D_DIM
  2
*D1
  3
ROUTEDIM
  1
0.093
 10
-2.5
 20
6.30635978558747
 30
0.0
 11
-2.5
 21
3.15317989279374
 31
0
 13
0.0
 23
6.213348
 14
0.0
 24
6.30635978558747
 50
90.0
53
0
 33
0.0
 34
0.0
  0
DIMENSION
  8
2D_DIM
  2
*D1
  3
ROUTEDIM
  1
0.103
 10
-2.5
 20
6.40943877551022
 30
0.0
 11
-2.5
 21
3.20471938775511
 31
0
 13
0.0
 23
6.30635978558747
 14
0.0
 24
6.40943877551022
 50
90.0
53
0
 33
0.0
 34
0.0
  0
DIMENSION
  8
2D_DIM
  2
*D1
  3
ROUTEDIM
  1
0.126
 10
-2.5
 20
6.53571428571428
 30
0.0
 11
-2.5
 21
3.26785714285714
 31
0
 13
0.0
 23
6.40943877551022
 14
0.0
 24
6.53571428571428
 50
90.0
53
0
 33
0.0
 34
0.0
  0
DIMENSION
  8
2D_DIM
  2
*D1
  3
ROUTEDIM
  1
0.103
 10
-2.5
 20
6.63830017568988
 30
0.0
 11
-2.5
 21
3.31915008784494
 31
0
 13
0.0
 23
6.53571428571428
 14
0.0
 24
6.63830017568988
 50
90.0
53
0
 33
0.0
 34
0.0
  0
DIMENSION
  8
2D_DIM
  2
*D1
  3
ROUTEDIM
  1
0.184
 10
-2.5
 20
6.82270408163266
 30
0.0
 11
-2.5
 21
3.41135204081633
 31
0
 13
0.0
 23
6.63830017568988
 14
0.0
 24
6.82270408163266
 50
90.0
53
0
 33
0.0
 34
0.0
  0
DIMENSION
  8
2D_DIM
  2
*D1
  3
ROUTEDIM
  1
0.008
 10
-2.5
 20
6.830774
 30
0.0
 11
-2.5
 21
3.415387
 31
0
 13
0.0
 23
6.82270408163266
 14
0.0
 24
6.830774
 50
90.0
53
0
 33
0.0
 34
0.0
  0
DIMENSION
  8
2D_DIM
  2
*D1
  3
ROUTEDIM
  1
0.134
 10
-2.5
 20
6.96428571428572
 30
0.0
 11
-2.5
 21
3.48214285714286
 31
0
 13
0.0
 23
6.830774
 14
0.0
 24
6.96428571428572
 50
90.0
53
0
 33
0.0
 34
0.0
  0
DIMENSION
  8
2D_DIM
  2
*D1
  3
ROUTEDIM
  1
0.197
 10
-2.5
 20
7.16157138678715
 30
0.0
 11
-2.5
 21
3.58078569339358
 31
0
 13
0.0
 23
6.96428571428572
 14
0.0
 24
7.16157138678715
 50
90.0
53
0
 33
0.0
 34
0.0
  0
DIMENSION
  8
2D_DIM
  2
*D1
  3
ROUTEDIM
  1
0.066
 10
-2.5
 20
7.227356
 30
0.0
 11
-2.5
 21
3.613678
 31
0
 13
0.0
 23
7.16157138678715
 14
0.0
 24
7.227356
 50
90.0
53
0
 33
0.0
 34
0.0
  0
DIMENSION
  8
2D_DIM
  2
*D1
  3
ROUTEDIM
  1
0.009
 10
-2.5
 20
7.23596938775512
 30
0.0
 11
-2.5
 21
3.61798469387756
 31
0
 13
0.0
 23
7.227356
 14
0.0
 24
7.23596938775512
 50
90.0
53
0
 33
0.0
 34
0.0
  0
DIMENSION
  8
2D_DIM
  2
*D1
  3
ROUTEDIM
  1
0.157
 10
-2.5
 20
7.39285714285715
 30
0.0
 11
-2.5
 21
3.69642857142858
 31
0
 13
0.0
 23
7.23596938775512
 14
0.0
 24
7.39285714285715
 50
90.0
53
0
 33
0.0
 34
0.0
  0
DIMENSION
  8
2D_DIM
  2
*D1
  3
ROUTEDIM
  1
0.105
 10
-2.5
 20
7.49767657713036
 30
0.0
 11
-2.5
 21
3.74883828856518
 31
0
 13
0.0
 23
7.39285714285715
 14
0.0
 24
7.49767657713036
 50
90.0
53
0
 33
0.0
 34
0.0
  0
DIMENSION
  8
2D_DIM
  2
*D1
  3
ROUTEDIM
  1
0.126
 10
-2.5
 20
7.623938
 30
0.0
 11
-2.5
 21
3.811969
 31
0
 13
0.0
 23
7.49767657713036
 14
0.0
 24
7.623938
 50
90.0
53
0
 33
0.0
 34
0.0
  0
DIMENSION
  8
2D_DIM
  2
*D1
  3
ROUTEDIM
  1
0.025
 10
-2.5
 20
7.64923469387757
 30
0.0
 11
-2.5
 21
3.82461734693879
 31
0
 13
0.0
 23
7.623938
 14
0.0
 24
7.64923469387757
 50
90.0
53
0
 33
0.0
 34
0.0
  0
DIMENSION
  8
2D_DIM
  2
*D1
  3
ROUTEDIM
  1
0.136
 10
-2.5
 20
7.7857142857143
 30
0.0
 11
-2.5
 21
3.89285714285715
 31
0
 13
0.0
 23
7.64923469387757
 14
0.0
 24
7.7857142857143
 50
90.0
53
0
 33
0.0
 34
0.0
  0
DIMENSION
  8
2D_DIM
  2
*D1
  3
ROUTEDIM
  1
0.036
 10
-2.5
 20
7.82142857142858
 30
0.0
 11
-2.5
 21
3.91071428571429
 31
0
 13
0.0
 23
7.7857142857143
 14
0.0
 24
7.82142857142858
 50
90.0
53
0
 33
0.0
 34
0.0
  0
DIMENSION
  8
2D_DIM
  2
*D1
  3
ROUTEDIM
  1
0.012
 10
-2.5
 20
7.83378162908981
 30
0.0
 11
-2.5
 21
3.9168908145449
 31
0
 13
0.0
 23
7.82142857142858
 14
0.0
 24
7.83378162908981
 50
90.0
53
0
 33
0.0
 34
0.0
  0
DIMENSION
  8
2D_DIM
  2
*D1
  3
ROUTEDIM
  1
0.166
 10
-2.5
 20
8
 30
0.0
 11
-2.5
 21
4
 31
0
 13
0.0
 23
7.83378162908981
 14
0.0
 24
8
 50
90.0
53
0
 33
0.0
 34
0.0
  0
DIMENSION
  8
2D_DIM
  2
*D1
  3
ROUTEDIM
  1
0.063
 10
-2.5
 20
8.06250000000001
 30
0.0
 11
-2.5
 21
4.03125000000001
 31
0
 13
0.0
 23
8
 14
0.0
 24
8.06250000000001
 50
90.0
53
0
 33
0.0
 34
0.0
  0
DIMENSION
  8
2D_DIM
  2
*D1
  3
ROUTEDIM
  1
0.187
 10
-2.5
 20
8.25
 30
0.0
 11
-2.5
 21
4.125
 31
0
 13
0.0
 23
8.06250000000001
 14
0.0
 24
8.25
 50
90.0
53
0
 33
0.0
 34
0.0
  0
DIMENSION
  8
2D_DIM
  2
*D1
  3
ROUTEDIM
  1
0.122
 10
-2.5
 20
8.37244897959185
 30
0.0
 11
-2.5
 21
4.18622448979592
 31
0
 13
0.0
 23
8.25
 14
0.0
 24
8.37244897959185
 50
90.0
53
0
 33
0.0
 34
0.0
  0
DIMENSION
  8
2D_DIM
  2
*D1
  3
ROUTEDIM
  1
0.156
 10
-2.5
 20
8.528582
 30
0.0
 11
-2.5
 21
4.264291
 31
0
 13
0.0
 23
8.37244897959185
 14
0.0
 24
8.528582
 50
90.0
53
0
 33
0.0
 34
0.0
  0
DIMENSION
  8
2D_DIM
  2
*D1
  3
ROUTEDIM
  1
0.043
 10
-2.5
 20
8.57142857142857
 30
0.0
 11
-2.5
 21
4.28571428571428
 31
0
 13
0.0
 23
8.528582
 14
0.0
 24
8.57142857142857
 50
90.0
53
0
 33
0.0
 34
0.0
  0
DIMENSION
  8
2D_DIM
  2
*D1
  3
ROUTEDIM
  1
0.029
 10
-2.5
 20
8.60047129109759
 30
0.0
 11
-2.5
 21
4.30023564554879
 31
0
 13
0.0
 23
8.57142857142857
 14
0.0
 24
8.60047129109759
 50
90.0
53
0
 33
0.0
 34
0.0
  0
DIMENSION
  8
2D_DIM
  2
*D1
  3
ROUTEDIM
  1
0.185
 10
-2.5
 20
8.7857142857143
 30
0.0
 11
-2.5
 21
4.39285714285715
 31
0
 13
0.0
 23
8.60047129109759
 14
0.0
 24
8.7857142857143
 50
90.0
53
0
 33
0.0
 34
0.0
  0
DIMENSION
  8
2D_DIM
  2
*D1
  3
ROUTEDIM
  1
0.214
 10
-2.5
 20
9
 30
0.0
 11
-2.5
 21
4.5
 31
0
 13
0.0
 23
8.7857142857143
 14
0.0
 24
9
 50
90.0
53
0
 33
0.0
 34
0.0
  0
DIMENSION
  8
2D_DIM
  2
*D1
  3
ROUTEDIM
  1
0.199
 10
-2.5
 20
9.19897959183675
 30
0.0
 11
-2.5
 21
4.59948979591837
 31
0
 13
0.0
 23
9
 14
0.0
 24
9.19897959183675
 50
90.0
53
0
 33
0.0
 34
0.0
  0
DIMENSION
  8
2D_DIM
  2
*D1
  3
ROUTEDIM
  1
0.103
 10
-2.5
 20
9.30229591836736
 30
0.0
 11
-2.5
 21
4.65114795918368
 31
0
 13
0.0
 23
9.19897959183675
 14
0.0
 24
9.30229591836736
 50
90.0
53
0
 33
0.0
 34
0.0
  0
DIMENSION
  8
2D_DIM
  2
*D1
  3
ROUTEDIM
  1
0.097
 10
-2.5
 20
9.39952870890241
 30
0.0
 11
-2.5
 21
4.69976435445121
 31
0
 13
0.0
 23
9.30229591836736
 14
0.0
 24
9.39952870890241
 50
90.0
53
0
 33
0.0
 34
0.0
  0
DIMENSION
  8
2D_DIM
  2
*D1
  3
ROUTEDIM
  1
0.029
 10
-2.5
 20
9.42857142857143
 30
0.0
 11
-2.5
 21
4.71428571428572
 31
0
 13
0.0
 23
9.39952870890241
 14
0.0
 24
9.42857142857143
 50
90.0
53
0
 33
0.0
 34
0.0
  0
DIMENSION
  8
2D_DIM
  2
*D1
  3
ROUTEDIM
  1
0.043
 10
-2.5
 20
9.471418
 30
0.0
 11
-2.5
 21
4.735709
 31
0
 13
0.0
 23
9.42857142857143
 14
0.0
 24
9.471418
 50
90.0
53
0
 33
0.0
 34
0.0
  0
DIMENSION
  8
2D_DIM
  2
*D1
  3
ROUTEDIM
  1
0.064
 10
-2.5
 20
9.53571428571428
 30
0.0
 11
-2.5
 21
4.76785714285714
 31
0
 13
0.0
 23
9.471418
 14
0.0
 24
9.53571428571428
 50
90.0
53
0
 33
0.0
 34
0.0
  0
DIMENSION
  8
2D_DIM
  2
*D1
  3
ROUTEDIM
  1
0.18
 10
-2.5
 20
9.7155612244898
 30
0.0
 11
-2.5
 21
4.8577806122449
 31
0
 13
0.0
 23
9.53571428571428
 14
0.0
 24
9.7155612244898
 50
90.0
53
0
 33
0.0
 34
0.0
  0
DIMENSION
  8
2D_DIM
  2
*D1
  3
ROUTEDIM
  1
0.249
 10
-2.5
 20
9.96428571428571
 30
0.0
 11
-2.5
 21
4.98214285714285
 31
0
 13
0.0
 23
9.7155612244898
 14
0.0
 24
9.96428571428571
 50
90.0
53
0
 33
0.0
 34
0.0
  0
DIMENSION
  8
2D_DIM
  2
*D1
  3
ROUTEDIM
  1
0.1
 10
-2.5
 20
10.064222
 30
0.0
 11
-2.5
 21
5.032111
 31
0
 13
0.0
 23
9.96428571428571
 14
0.0
 24
10.064222
 50
90.0
53
0
 33
0.0
 34
0.0
  0
DIMENSION
  8
2D_DIM
  2
*D1
  3
ROUTEDIM
  1
0.065
 10
-2.5
 20
10.1288265306123
 30
0.0
 11
-2.5
 21
5.06441326530615
 31
0
 13
0.0
 23
10.064222
 14
0.0
 24
10.1288265306123
 50
90.0
53
0
 33
0.0
 34
0.0
  0
DIMENSION
  8
2D_DIM
  2
*D1
  3
ROUTEDIM
  1
0.037
 10
-2.5
 20
10.1662183709102
 30
0.0
 11
-2.5
 21
5.0831091854551
 31
0
 13
0.0
 23
10.1288265306123
 14
0.0
 24
10.1662183709102
 50
90.0
53
0
 33
0.0
 34
0.0
  0
DIMENSION
  8
2D_DIM
  2
*D1
  3
ROUTEDIM
  1
0.179
 10
-2.5
 20
10.34565
 30
0.0
 11
-2.5
 21
5.172825
 31
0
 13
0.0
 23
10.1662183709102
 14
0.0
 24
10.34565
 50
90.0
53
0
 33
0.0
 34
0.0
  0
DIMENSION
  8
2D_DIM
  2
*D1
  3
ROUTEDIM
  1
0.03
 10
-2.5
 20
10.376062
 30
0.0
 11
-2.5
 21
5.188031
 31
0
 13
0.0
 23
10.34565
 14
0.0
 24
10.376062
 50
90.0
53
0
 33
0.0
 34
0.0
  0
DIMENSION
  8
2D_DIM
  2
*D1
  3
ROUTEDIM
  1
0.017
 10
-2.5
 20
10.3928571428571
 30
0.0
 11
-2.5
 21
5.19642857142855
 31
0
 13
0.0
 23
10.376062
 14
0.0
 24
10.3928571428571
 50
90.0
53
0
 33
0.0
 34
0.0
  0
DIMENSION
  8
2D_DIM
  2
*D1
  3
ROUTEDIM
  1
0.149
 10
-2.5
 20
10.5420918367347
 30
0.0
 11
-2.5
 21
5.27104591836735
 31
0
 13
0.0
 23
10.3928571428571
 14
0.0
 24
10.5420918367347
 50
90.0
53
0
 33
0.0
 34
0.0
  0
DIMENSION
  8
2D_DIM
  2
*D1
  3
ROUTEDIM
  1
0.279
 10
-2.5
 20
10.8214285714286
 30
0.0
 11
-2.5
 21
5.4107142857143
 31
0
 13
0.0
 23
10.5420918367347
 14
0.0
 24
10.8214285714286
 50
90.0
53
0
 33
0.0
 34
0.0
  0
DIMENSION
  8
2D_DIM
  2
*D1
  3
ROUTEDIM
  1
0.017
 10
-2.5
 20
10.8384286132128
 30
0.0
 11
-2.5
 21
5.4192143066064
 31
0
 13
0.0
 23
10.8214285714286
 14
0.0
 24
10.8384286132128
 50
90.0
53
0
 33
0.0
 34
0.0
  0
DIMENSION
  8
2D_DIM
  2
*D1
  3
ROUTEDIM
  1
0.117
 10
-2.5
 20
10.9553571428572
 30
0.0
 11
-2.5
 21
5.4776785714286
 31
0
 13
0.0
 23
10.8384286132128
 14
0.0
 24
10.9553571428572
 50
90.0
53
0
 33
0.0
 34
0.0
  0
DIMENSION
  8
2D_DIM
  2
*D1
  3
ROUTEDIM
  1
0.214
 10
-2.5
 20
11.169226
 30
0.0
 11
-2.5
 21
5.584613
 31
0
 13
0.0
 23
10.9553571428572
 14
0.0
 24
11.169226
 50
90.0
53
0
 33
0.0
 34
0.0
  0
DIMENSION
  8
2D_DIM
  2
*D1
  3
ROUTEDIM
  1
0.081
 10
-2.5
 20
11.25
 30
0.0
 11
-2.5
 21
5.625
 31
0
 13
0.0
 23
11.169226
 14
0.0
 24
11.25
 50
90.0
53
0
 33
0.0
 34
0.0
  0
DIMENSION
  8
2D_DIM
  2
*D1
  3
ROUTEDIM
  1
0.112
 10
-2.5
 20
11.3616998243101
 30
0.0
 11
-2.5
 21
5.68084991215505
 31
0
 13
0.0
 23
11.25
 14
0.0
 24
11.3616998243101
 50
90.0
53
0
 33
0.0
 34
0.0
  0
DIMENSION
  8
2D_DIM
  2
*D1
  3
ROUTEDIM
  1
0.007
 10
-2.5
 20
11.3686224489796
 30
0.0
 11
-2.5
 21
5.6843112244898
 31
0
 13
0.0
 23
11.3616998243101
 14
0.0
 24
11.3686224489796
 50
90.0
53
0
 33
0.0
 34
0.0
  0
DIMENSION
  8
2D_DIM
  2
*D1
  3
ROUTEDIM
  1
0.31
 10
-2.5
 20
11.6785714285714
 30
0.0
 11
-2.5
 21
5.8392857142857
 31
0
 13
0.0
 23
11.3686224489796
 14
0.0
 24
11.6785714285714
 50
90.0
53
0
 33
0.0
 34
0.0
  0
DIMENSION
  8
2D_DIM
  2
*D1
  3
ROUTEDIM
  1
0.015
 10
-2.5
 20
11.6936402144125
 30
0.0
 11
-2.5
 21
5.84682010720625
 31
0
 13
0.0
 23
11.6785714285714
 14
0.0
 24
11.6936402144125
 50
90.0
53
0
 33
0.0
 34
0.0
  0
DIMENSION
  8
2D_DIM
  2
*D1
  3
ROUTEDIM
  1
0.093
 10
-2.5
 20
11.786652
 30
0.0
 11
-2.5
 21
5.893326
 31
0
 13
0.0
 23
11.6936402144125
 14
0.0
 24
11.786652
 50
90.0
53
0
 33
0.0
 34
0.0
  0
DIMENSION
  8
2D_DIM
  2
*D1
  3
ROUTEDIM
  1
0.032
 10
-2.5
 20
11.8185297012233
 30
0.0
 11
-2.5
 21
5.90926485061165
 31
0
 13
0.0
 23
11.786652
 14
0.0
 24
11.8185297012233
 50
90.0
53
0
 33
0.0
 34
0.0
  0
DIMENSION
  8
2D_DIM
  2
*D1
  3
ROUTEDIM
  1
0.181
 10
-2.5
 20
12
 30
0.0
 11
-2.5
 21
6
 31
0
 13
0.0
 23
11.8185297012233
 14
0.0
 24
12
 50
90.0
53
0
 33
0.0
 34
0.0
  0
DIMENSION
  8
2D_DIM
  2
*D1
  3
ROUTEDIM
  1
0.178
 10
-2.5
 20
12.17832
 30
0.0
 11
-2.5
 21
6.08916
 31
0
 13
0.0
 23
12
 14
0.0
 24
12.17832
 50
90.0
53
0
 33
0.0
 34
0.0
  0
DIMENSION
  8
2D_DIM
  2
*D1
  3
ROUTEDIM
  1
0.134
 10
-2.5
 20
12.3125
 30
0.0
 11
-2.5
 21
6.15625
 31
0
 13
0.0
 23
12.17832
 14
0.0
 24
12.3125
 50
90.0
53
0
 33
0.0
 34
0.0
  0
DIMENSION
  8
2D_DIM
  2
*D1
  3
ROUTEDIM
  1
7.076
 10
-2.5
 20
19.388649
 30
0.0
 11
-2.5
 21
9.6943245
 31
0
 13
0.0
 23
12.3125
 14
0.0
 24
19.388649
 50
90.0
53
0
 33
0.0
 34
0.0
  0
DIMENSION
  8
2D_DIM
  2
*D1
  3
ROUTEDIM
  1
0.281
 10
-2.5
 20
19.670077
 30
0.0
 11
-2.5
 21
9.8350385
 31
0
 13
0.0
 23
19.388649
 14
0.0
 24
19.670077
 50
90.0
53
0
 33
0.0
 34
0.0
  0
DIMENSION
  8
2D_DIM
  2
*D1
  3
ROUTEDIM
  1
6.017
 10
-2.5
 20
25.6875
 30
0.0
 11
-2.5
 21
12.84375
 31
0
 13
0.0
 23
19.670077
 14
0.0
 24
25.6875
 50
90.0
53
0
 33
0.0
 34
0.0
  0
DIMENSION
  8
2D_DIM
  2
*D1
  3
ROUTEDIM
  1
0.134
 10
-2.5
 20
25.82168
 30
0.0
 11
-2.5
 21
12.91084
 31
0
 13
0.0
 23
25.6875
 14
0.0
 24
25.82168
 50
90.0
53
0
 33
0.0
 34
0.0
  0
DIMENSION
  8
2D_DIM
  2
*D1
  3
ROUTEDIM
  1
0.071
 10
-2.5
 20
25.8928571428572
 30
0.0
 11
-2.5
 21
12.9464285714286
 31
0
 13
0.0
 23
25.82168
 14
0.0
 24
25.8928571428572
 50
90.0
53
0
 33
0.0
 34
0.0
  0
DIMENSION
  8
2D_DIM
  2
*D1
  3
ROUTEDIM
  1
0.103
 10
-2.5
 20
25.9961734693878
 30
0.0
 11
-2.5
 21
12.9980867346939
 31
0
 13
0.0
 23
25.8928571428572
 14
0.0
 24
25.9961734693878
 50
90.0
53
0
 33
0.0
 34
0.0
  0
DIMENSION
  8
2D_DIM
  2
*D1
  3
ROUTEDIM
  1
0.004
 10
-2.5
 20
26
 30
0.0
 11
-2.5
 21
13
 31
0
 13
0.0
 23
25.9961734693878
 14
0.0
 24
26
 50
90.0
53
0
 33
0.0
 34
0.0
  0
DIMENSION
  8
2D_DIM
  2
*D1
  3
ROUTEDIM
  1
0.107
 10
-2.5
 20
26.1071428571429
 30
0.0
 11
-2.5
 21
13.0535714285715
 31
0
 13
0.0
 23
26
 14
0.0
 24
26.1071428571429
 50
90.0
53
0
 33
0.0
 34
0.0
  0
DIMENSION
  8
2D_DIM
  2
*D1
  3
ROUTEDIM
  1
0.074
 10
-2.5
 20
26.1814702987767
 30
0.0
 11
-2.5
 21
13.0907351493883
 31
0
 13
0.0
 23
26.1071428571429
 14
0.0
 24
26.1814702987767
 50
90.0
53
0
 33
0.0
 34
0.0
  0
DIMENSION
  8
2D_DIM
  2
*D1
  3
ROUTEDIM
  1
0.032
 10
-2.5
 20
26.213348
 30
0.0
 11
-2.5
 21
13.106674
 31
0
 13
0.0
 23
26.1814702987767
 14
0.0
 24
26.213348
 50
90.0
53
0
 33
0.0
 34
0.0
  0
DIMENSION
  8
2D_DIM
  2
*D1
  3
ROUTEDIM
  1
0.093
 10
-2.5
 20
26.3063597855875
 30
0.0
 11
-2.5
 21
13.1531798927937
 31
0
 13
0.0
 23
26.213348
 14
0.0
 24
26.3063597855875
 50
90.0
53
0
 33
0.0
 34
0.0
  0
DIMENSION
  8
2D_DIM
  2
*D1
  3
ROUTEDIM
  1
0.103
 10
-2.5
 20
26.4094387755102
 30
0.0
 11
-2.5
 21
13.2047193877551
 31
0
 13
0.0
 23
26.3063597855875
 14
0.0
 24
26.4094387755102
 50
90.0
53
0
 33
0.0
 34
0.0
  0
DIMENSION
  8
2D_DIM
  2
*D1
  3
ROUTEDIM
  1
0.126
 10
-2.5
 20
26.5357142857143
 30
0.0
 11
-2.5
 21
13.2678571428571
 31
0
 13
0.0
 23
26.4094387755102
 14
0.0
 24
26.5357142857143
 50
90.0
53
0
 33
0.0
 34
0.0
  0
DIMENSION
  8
2D_DIM
  2
*D1
  3
ROUTEDIM
  1
0.103
 10
-2.5
 20
26.6383001756899
 30
0.0
 11
-2.5
 21
13.3191500878449
 31
0
 13
0.0
 23
26.5357142857143
 14
0.0
 24
26.6383001756899
 50
90.0
53
0
 33
0.0
 34
0.0
  0
DIMENSION
  8
2D_DIM
  2
*D1
  3
ROUTEDIM
  1
0.184
 10
-2.5
 20
26.8227040816327
 30
0.0
 11
-2.5
 21
13.4113520408164
 31
0
 13
0.0
 23
26.6383001756899
 14
0.0
 24
26.8227040816327
 50
90.0
53
0
 33
0.0
 34
0.0
  0
DIMENSION
  8
2D_DIM
  2
*D1
  3
ROUTEDIM
  1
0.008
 10
-2.5
 20
26.830774
 30
0.0
 11
-2.5
 21
13.415387
 31
0
 13
0.0
 23
26.8227040816327
 14
0.0
 24
26.830774
 50
90.0
53
0
 33
0.0
 34
0.0
  0
DIMENSION
  8
2D_DIM
  2
*D1
  3
ROUTEDIM
  1
0.134
 10
-2.5
 20
26.9642857142857
 30
0.0
 11
-2.5
 21
13.4821428571429
 31
0
 13
0.0
 23
26.830774
 14
0.0
 24
26.9642857142857
 50
90.0
53
0
 33
0.0
 34
0.0
  0
DIMENSION
  8
2D_DIM
  2
*D1
  3
ROUTEDIM
  1
0.197
 10
-2.5
 20
27.1615713867871
 30
0.0
 11
-2.5
 21
13.5807856933935
 31
0
 13
0.0
 23
26.9642857142857
 14
0.0
 24
27.1615713867871
 50
90.0
53
0
 33
0.0
 34
0.0
  0
DIMENSION
  8
2D_DIM
  2
*D1
  3
ROUTEDIM
  1
0.024
 10
-2.5
 20
27.185072
 30
0.0
 11
-2.5
 21
13.592536
 31
0
 13
0.0
 23
27.1615713867871
 14
0.0
 24
27.185072
 50
90.0
53
0
 33
0.0
 34
0.0
  0
DIMENSION
  8
2D_DIM
  2
*D1
  3
ROUTEDIM
  1
0.042
 10
-2.5
 20
27.227356
 30
0.0
 11
-2.5
 21
13.613678
 31
0
 13
0.0
 23
27.185072
 14
0.0
 24
27.227356
 50
90.0
53
0
 33
0.0
 34
0.0
  0
DIMENSION
  8
2D_DIM
  2
*D1
  3
ROUTEDIM
  1
0.009
 10
-2.5
 20
27.2359693877551
 30
0.0
 11
-2.5
 21
13.6179846938776
 31
0
 13
0.0
 23
27.227356
 14
0.0
 24
27.2359693877551
 50
90.0
53
0
 33
0.0
 34
0.0
  0
DIMENSION
  8
2D_DIM
  2
*D1
  3
ROUTEDIM
  1
0.013
 10
-2.5
 20
27.248927
 30
0.0
 11
-2.5
 21
13.6244635
 31
0
 13
0.0
 23
27.2359693877551
 14
0.0
 24
27.248927
 50
90.0
53
0
 33
0.0
 34
0.0
  0
DIMENSION
  8
2D_DIM
  2
*D1
  3
ROUTEDIM
  1
0.144
 10
-2.5
 20
27.3928571428571
 30
0.0
 11
-2.5
 21
13.6964285714285
 31
0
 13
0.0
 23
27.248927
 14
0.0
 24
27.3928571428571
 50
90.0
53
0
 33
0.0
 34
0.0
  0
DIMENSION
  8
2D_DIM
  2
*D1
  3
ROUTEDIM
  1
0.105
 10
-2.5
 20
27.4976765771304
 30
0.0
 11
-2.5
 21
13.7488382885652
 31
0
 13
0.0
 23
27.3928571428571
 14
0.0
 24
27.4976765771304
 50
90.0
53
0
 33
0.0
 34
0.0
  0
DIMENSION
  8
2D_DIM
  2
*D1
  3
ROUTEDIM
  1
0.126
 10
-2.5
 20
27.623938
 30
0.0
 11
-2.5
 21
13.811969
 31
0
 13
0.0
 23
27.4976765771304
 14
0.0
 24
27.623938
 50
90.0
53
0
 33
0.0
 34
0.0
  0
DIMENSION
  8
2D_DIM
  2
*D1
  3
ROUTEDIM
  1
0.025
 10
-2.5
 20
27.6492346938776
 30
0.0
 11
-2.5
 21
13.8246173469388
 31
0
 13
0.0
 23
27.623938
 14
0.0
 24
27.6492346938776
 50
90.0
53
0
 33
0.0
 34
0.0
  0
DIMENSION
  8
2D_DIM
  2
*D1
  3
ROUTEDIM
  1
0.136
 10
-2.5
 20
27.7857142857143
 30
0.0
 11
-2.5
 21
13.8928571428571
 31
0
 13
0.0
 23
27.6492346938776
 14
0.0
 24
27.7857142857143
 50
90.0
53
0
 33
0.0
 34
0.0
  0
DIMENSION
  8
2D_DIM
  2
*D1
  3
ROUTEDIM
  1
0.036
 10
-2.5
 20
27.8214285714286
 30
0.0
 11
-2.5
 21
13.9107142857143
 31
0
 13
0.0
 23
27.7857142857143
 14
0.0
 24
27.8214285714286
 50
90.0
53
0
 33
0.0
 34
0.0
  0
DIMENSION
  8
2D_DIM
  2
*D1
  3
ROUTEDIM
  1
0.012
 10
-2.5
 20
27.8337816290898
 30
0.0
 11
-2.5
 21
13.9168908145449
 31
0
 13
0.0
 23
27.8214285714286
 14
0.0
 24
27.8337816290898
 50
90.0
53
0
 33
0.0
 34
0.0
  0
DIMENSION
  8
2D_DIM
  2
*D1
  3
ROUTEDIM
  1
0.166
 10
-2.5
 20
28
 30
0.0
 11
-2.5
 21
14
 31
0
 13
0.0
 23
27.8337816290898
 14
0.0
 24
28
 50
90.0
53
0
 33
0.0
 34
0.0
  0
DIMENSION
  8
2D_DIM
  2
*D1
  3
ROUTEDIM
  1
0.062
 10
-2.5
 20
28.0625
 30
0.0
 11
-2.5
 21
14.03125
 31
0
 13
0.0
 23
28
 14
0.0
 24
28.0625
 50
90.0
53
0
 33
0.0
 34
0.0
  0
DIMENSION
  8
2D_DIM
  2
*D1
  3
ROUTEDIM
  1
0.188
 10
-2.5
 20
28.25
 30
0.0
 11
-2.5
 21
14.125
 31
0
 13
0.0
 23
28.0625
 14
0.0
 24
28.25
 50
90.0
53
0
 33
0.0
 34
0.0
  0
DIMENSION
  8
2D_DIM
  2
*D1
  3
ROUTEDIM
  1
0.122
 10
-2.5
 20
28.3724489795919
 30
0.0
 11
-2.5
 21
14.186224489796
 31
0
 13
0.0
 23
28.25
 14
0.0
 24
28.3724489795919
 50
90.0
53
0
 33
0.0
 34
0.0
  0
DIMENSION
  8
2D_DIM
  2
*D1
  3
ROUTEDIM
  1
0.156
 10
-2.5
 20
28.528582
 30
0.0
 11
-2.5
 21
14.264291
 31
0
 13
0.0
 23
28.3724489795919
 14
0.0
 24
28.528582
 50
90.0
53
0
 33
0.0
 34
0.0
  0
DIMENSION
  8
2D_DIM
  2
*D1
  3
ROUTEDIM
  1
0.043
 10
-2.5
 20
28.5714285714286
 30
0.0
 11
-2.5
 21
14.2857142857143
 31
0
 13
0.0
 23
28.528582
 14
0.0
 24
28.5714285714286
 50
90.0
53
0
 33
0.0
 34
0.0
  0
DIMENSION
  8
2D_DIM
  2
*D1
  3
ROUTEDIM
  1
0.029
 10
-2.5
 20
28.6004712910976
 30
0.0
 11
-2.5
 21
14.3002356455488
 31
0
 13
0.0
 23
28.5714285714286
 14
0.0
 24
28.6004712910976
 50
90.0
53
0
 33
0.0
 34
0.0
  0
DIMENSION
  8
2D_DIM
  2
*D1
  3
ROUTEDIM
  1
0.185
 10
-2.5
 20
28.7857142857143
 30
0.0
 11
-2.5
 21
14.3928571428571
 31
0
 13
0.0
 23
28.6004712910976
 14
0.0
 24
28.7857142857143
 50
90.0
53
0
 33
0.0
 34
0.0
  0
DIMENSION
  8
2D_DIM
  2
*D1
  3
ROUTEDIM
  1
0.214
 10
-2.5
 20
29
 30
0.0
 11
-2.5
 21
14.5
 31
0
 13
0.0
 23
28.7857142857143
 14
0.0
 24
29
 50
90.0
53
0
 33
0.0
 34
0.0
  0
DIMENSION
  8
2D_DIM
  2
*D1
  3
ROUTEDIM
  1
0.047
 10
-2.5
 20
29.0473799999998
 30
0.0
 11
-2.5
 21
14.5236899999999
 31
0
 13
0.0
 23
29
 14
0.0
 24
29.0473799999998
 50
90.0
53
0
 33
0.0
 34
0.0
  0
DIMENSION
  8
2D_DIM
  2
*D1
  3
ROUTEDIM
  1
0.111
 10
-2.5
 20
29.1584899999998
 30
0.0
 11
-2.5
 21
14.5792449999999
 31
0
 13
0.0
 23
29.0473799999998
 14
0.0
 24
29.1584899999998
 50
90.0
53
0
 33
0.0
 34
0.0
  0
DIMENSION
  8
2D_DIM
  2
*D1
  3
ROUTEDIM
  1
0.04
 10
-2.5
 20
29.1989795918367
 30
0.0
 11
-2.5
 21
14.5994897959184
 31
0
 13
0.0
 23
29.1584899999998
 14
0.0
 24
29.1989795918367
 50
90.0
53
0
 33
0.0
 34
0.0
  0
DIMENSION
  8
2D_DIM
  2
*D1
  3
ROUTEDIM
  1
0.103
 10
-2.5
 20
29.3022959183674
 30
0.0
 11
-2.5
 21
14.6511479591837
 31
0
 13
0.0
 23
29.1989795918367
 14
0.0
 24
29.3022959183674
 50
90.0
53
0
 33
0.0
 34
0.0
  0
DIMENSION
  8
2D_DIM
  2
*D1
  3
ROUTEDIM
  1
0.097
 10
-2.5
 20
29.3995287089024
 30
0.0
 11
-2.5
 21
14.6997643544512
 31
0
 13
0.0
 23
29.3022959183674
 14
0.0
 24
29.3995287089024
 50
90.0
53
0
 33
0.0
 34
0.0
  0
DIMENSION
  8
2D_DIM
  2
*D1
  3
ROUTEDIM
  1
0.029
 10
-2.5
 20
29.4285714285714
 30
0.0
 11
-2.5
 21
14.7142857142857
 31
0
 13
0.0
 23
29.3995287089024
 14
0.0
 24
29.4285714285714
 50
90.0
53
0
 33
0.0
 34
0.0
  0
DIMENSION
  8
2D_DIM
  2
*D1
  3
ROUTEDIM
  1
0.043
 10
-2.5
 20
29.471418
 30
0.0
 11
-2.5
 21
14.735709
 31
0
 13
0.0
 23
29.4285714285714
 14
0.0
 24
29.471418
 50
90.0
53
0
 33
0.0
 34
0.0
  0
DIMENSION
  8
2D_DIM
  2
*D1
  3
ROUTEDIM
  1
0.064
 10
-2.5
 20
29.5357142857143
 30
0.0
 11
-2.5
 21
14.7678571428571
 31
0
 13
0.0
 23
29.471418
 14
0.0
 24
29.5357142857143
 50
90.0
53
0
 33
0.0
 34
0.0
  0
DIMENSION
  8
2D_DIM
  2
*D1
  3
ROUTEDIM
  1
0.067
 10
-2.5
 20
29.6029299999998
 30
0.0
 11
-2.5
 21
14.8014649999999
 31
0
 13
0.0
 23
29.5357142857143
 14
0.0
 24
29.6029299999998
 50
90.0
53
0
 33
0.0
 34
0.0
  0
DIMENSION
  8
2D_DIM
  2
*D1
  3
ROUTEDIM
  1
0.113
 10
-2.5
 20
29.7155612244898
 30
0.0
 11
-2.5
 21
14.8577806122449
 31
0
 13
0.0
 23
29.6029299999998
 14
0.0
 24
29.7155612244898
 50
90.0
53
0
 33
0.0
 34
0.0
  0
DIMENSION
  8
2D_DIM
  2
*D1
  3
ROUTEDIM
  1
0.249
 10
-2.5
 20
29.9642857142857
 30
0.0
 11
-2.5
 21
14.9821428571429
 31
0
 13
0.0
 23
29.7155612244898
 14
0.0
 24
29.9642857142857
 50
90.0
53
0
 33
0.0
 34
0.0
  0
DIMENSION
  8
2D_DIM
  2
*D1
  3
ROUTEDIM
  1
0.083
 10
-2.5
 20
30.0473699999998
 30
0.0
 11
-2.5
 21
15.0236849999999
 31
0
 13
0.0
 23
29.9642857142857
 14
0.0
 24
30.0473699999998
 50
90.0
53
0
 33
0.0
 34
0.0
  0
DIMENSION
  8
2D_DIM
  2
*D1
  3
ROUTEDIM
  1
0.081
 10
-2.5
 20
30.1288265306123
 30
0.0
 11
-2.5
 21
15.0644132653062
 31
0
 13
0.0
 23
30.0473699999998
 14
0.0
 24
30.1288265306123
 50
90.0
53
0
 33
0.0
 34
0.0
  0
DIMENSION
  8
2D_DIM
  2
*D1
  3
ROUTEDIM
  1
0.037
 10
-2.5
 20
30.1662183709102
 30
0.0
 11
-2.5
 21
15.0831091854551
 31
0
 13
0.0
 23
30.1288265306123
 14
0.0
 24
30.1662183709102
 50
90.0
53
0
 33
0.0
 34
0.0
  0
DIMENSION
  8
2D_DIM
  2
*D1
  3
ROUTEDIM
  1
0.21
 10
-2.5
 20
30.376062
 30
0.0
 11
-2.5
 21
15.188031
 31
0
 13
0.0
 23
30.1662183709102
 14
0.0
 24
30.376062
 50
90.0
53
0
 33
0.0
 34
0.0
  0
DIMENSION
  8
2D_DIM
  2
*D1
  3
ROUTEDIM
  1
0.017
 10
-2.5
 20
30.3928571428571
 30
0.0
 11
-2.5
 21
15.1964285714285
 31
0
 13
0.0
 23
30.376062
 14
0.0
 24
30.3928571428571
 50
90.0
53
0
 33
0.0
 34
0.0
  0
DIMENSION
  8
2D_DIM
  2
*D1
  3
ROUTEDIM
  1
0.099
 10
-2.5
 20
30.4918099999998
 30
0.0
 11
-2.5
 21
15.2459049999999
 31
0
 13
0.0
 23
30.3928571428571
 14
0.0
 24
30.4918099999998
 50
90.0
53
0
 33
0.0
 34
0.0
  0
DIMENSION
  8
2D_DIM
  2
*D1
  3
ROUTEDIM
  1
0.05
 10
-2.5
 20
30.5420918367347
 30
0.0
 11
-2.5
 21
15.2710459183673
 31
0
 13
0.0
 23
30.4918099999998
 14
0.0
 24
30.5420918367347
 50
90.0
53
0
 33
0.0
 34
0.0
  0
DIMENSION
  8
2D_DIM
  2
*D1
  3
ROUTEDIM
  1
0.279
 10
-2.5
 20
30.8214285714286
 30
0.0
 11
-2.5
 21
15.4107142857143
 31
0
 13
0.0
 23
30.5420918367347
 14
0.0
 24
30.8214285714286
 50
90.0
53
0
 33
0.0
 34
0.0
  0
DIMENSION
  8
2D_DIM
  2
*D1
  3
ROUTEDIM
  1
0.017
 10
-2.5
 20
30.8384286132129
 30
0.0
 11
-2.5
 21
15.4192143066065
 31
0
 13
0.0
 23
30.8214285714286
 14
0.0
 24
30.8384286132129
 50
90.0
53
0
 33
0.0
 34
0.0
  0
DIMENSION
  8
2D_DIM
  2
*D1
  3
ROUTEDIM
  1
0.098
 10
-2.5
 20
30.9362499999998
 30
0.0
 11
-2.5
 21
15.4681249999999
 31
0
 13
0.0
 23
30.8384286132129
 14
0.0
 24
30.9362499999998
 50
90.0
53
0
 33
0.0
 34
0.0
  0
DIMENSION
  8
2D_DIM
  2
*D1
  3
ROUTEDIM
  1
0.019
 10
-2.5
 20
30.9553571428572
 30
0.0
 11
-2.5
 21
15.4776785714286
 31
0
 13
0.0
 23
30.9362499999998
 14
0.0
 24
30.9553571428572
 50
90.0
53
0
 33
0.0
 34
0.0
  0
DIMENSION
  8
2D_DIM
  2
*D1
  3
ROUTEDIM
  1
0.214
 10
-2.5
 20
31.169226
 30
0.0
 11
-2.5
 21
15.584613
 31
0
 13
0.0
 23
30.9553571428572
 14
0.0
 24
31.169226
 50
90.0
53
0
 33
0.0
 34
0.0
  0
DIMENSION
  8
2D_DIM
  2
*D1
  3
ROUTEDIM
  1
0.081
 10
-2.5
 20
31.25
 30
0.0
 11
-2.5
 21
15.625
 31
0
 13
0.0
 23
31.169226
 14
0.0
 24
31.25
 50
90.0
53
0
 33
0.0
 34
0.0
  0
DIMENSION
  8
2D_DIM
  2
*D1
  3
ROUTEDIM
  1
0.112
 10
-2.5
 20
31.3616998243101
 30
0.0
 11
-2.5
 21
15.6808499121551
 31
0
 13
0.0
 23
31.25
 14
0.0
 24
31.3616998243101
 50
90.0
53
0
 33
0.0
 34
0.0
  0
DIMENSION
  8
2D_DIM
  2
*D1
  3
ROUTEDIM
  1
0.007
 10
-2.5
 20
31.3686224489796
 30
0.0
 11
-2.5
 21
15.6843112244898
 31
0
 13
0.0
 23
31.3616998243101
 14
0.0
 24
31.3686224489796
 50
90.0
53
0
 33
0.0
 34
0.0
  0
DIMENSION
  8
2D_DIM
  2
*D1
  3
ROUTEDIM
  1
0.012
 10
-2.5
 20
31.3806899999999
 30
0.0
 11
-2.5
 21
15.6903449999999
 31
0
 13
0.0
 23
31.3686224489796
 14
0.0
 24
31.3806899999999
 50
90.0
53
0
 33
0.0
 34
0.0
  0
DIMENSION
  8
2D_DIM
  2
*D1
  3
ROUTEDIM
  1
0.298
 10
-2.5
 20
31.6785714285714
 30
0.0
 11
-2.5
 21
15.8392857142857
 31
0
 13
0.0
 23
31.3806899999999
 14
0.0
 24
31.6785714285714
 50
90.0
53
0
 33
0.0
 34
0.0
  0
DIMENSION
  8
2D_DIM
  2
*D1
  3
ROUTEDIM
  1
0.015
 10
-2.5
 20
31.6936402144125
 30
0.0
 11
-2.5
 21
15.8468201072063
 31
0
 13
0.0
 23
31.6785714285714
 14
0.0
 24
31.6936402144125
 50
90.0
53
0
 33
0.0
 34
0.0
  0
DIMENSION
  8
2D_DIM
  2
*D1
  3
ROUTEDIM
  1
0.093
 10
-2.5
 20
31.786652
 30
0.0
 11
-2.5
 21
15.893326
 31
0
 13
0.0
 23
31.6936402144125
 14
0.0
 24
31.786652
 50
90.0
53
0
 33
0.0
 34
0.0
  0
DIMENSION
  8
2D_DIM
  2
*D1
  3
ROUTEDIM
  1
0.032
 10
-2.5
 20
31.8185297012233
 30
0.0
 11
-2.5
 21
15.9092648506117
 31
0
 13
0.0
 23
31.786652
 14
0.0
 24
31.8185297012233
 50
90.0
53
0
 33
0.0
 34
0.0
  0
DIMENSION
  8
2D_DIM
  2
*D1
  3
ROUTEDIM
  1
0.007
 10
-2.5
 20
31.8251299999999
 30
0.0
 11
-2.5
 21
15.9125649999999
 31
0
 13
0.0
 23
31.8185297012233
 14
0.0
 24
31.8251299999999
 50
90.0
53
0
 33
0.0
 34
0.0
  0
DIMENSION
  8
2D_DIM
  2
*D1
  3
ROUTEDIM
  1
0.175
 10
-2.5
 20
32
 30
0.0
 11
-2.5
 21
16
 31
0
 13
0.0
 23
31.8251299999999
 14
0.0
 24
32
 50
90.0
53
0
 33
0.0
 34
0.0
  0
DIMENSION
  8
2D_DIM
  2
*D1
  3
ROUTEDIM
  1
0.178
 10
-2.5
 20
32.17832
 30
0.0
 11
-2.5
 21
16.08916
 31
0
 13
0.0
 23
32
 14
0.0
 24
32.17832
 50
90.0
53
0
 33
0.0
 34
0.0
  0
DIMENSION
  8
2D_DIM
  2
*D1
  3
ROUTEDIM
  1
0.091
 10
-2.5
 20
32.2695699999999
 30
0.0
 11
-2.5
 21
16.134785
 31
0
 13
0.0
 23
32.17832
 14
0.0
 24
32.2695699999999
 50
90.0
53
0
 33
0.0
 34
0.0
  0
DIMENSION
  8
2D_DIM
  2
*D1
  3
ROUTEDIM
  1
0.043
 10
-2.5
 20
32.3125
 30
0.0
 11
-2.5
 21
16.15625
 31
0
 13
0.0
 23
32.2695699999999
 14
0.0
 24
32.3125
 50
90.0
53
0
 33
0.0
 34
0.0
  0
DIMENSION
  8
2D_DIM
  2
*D1
  3
ROUTEDIM
  1
0.402
 10
-2.5
 20
32.7140099999999
 30
0.0
 11
-2.5
 21
16.357005
 31
0
 13
0.0
 23
32.3125
 14
0.0
 24
32.7140099999999
 50
90.0
53
0
 33
0.0
 34
0.0
  0
DIMENSION
  8
2D_DIM
  2
*D1
  3
ROUTEDIM
  1
0.444
 10
-2.5
 20
33.1584499999999
 30
0.0
 11
-2.5
 21
16.579225
 31
0
 13
0.0
 23
32.7140099999999
 14
0.0
 24
33.1584499999999
 50
90.0
53
0
 33
0.0
 34
0.0
  0
DIMENSION
  8
2D_DIM
  2
*D1
  3
ROUTEDIM
  1
0.444
 10
-2.5
 20
33.6028899999999
 30
0.0
 11
-2.5
 21
16.801445
 31
0
 13
0.0
 23
33.1584499999999
 14
0.0
 24
33.6028899999999
 50
90.0
53
0
 33
0.0
 34
0.0
  0
DIMENSION
  8
2D_DIM
  2
*D1
  3
ROUTEDIM
  1
0.444
 10
-2.5
 20
34.0473299999999
 30
0.0
 11
-2.5
 21
17.023665
 31
0
 13
0.0
 23
33.6028899999999
 14
0.0
 24
34.0473299999999
 50
90.0
53
0
 33
0.0
 34
0.0
  0
DIMENSION
  8
2D_DIM
  2
*D1
  3
ROUTEDIM
  1
0.444
 10
-2.5
 20
34.4917699999999
 30
0.0
 11
-2.5
 21
17.245885
 31
0
 13
0.0
 23
34.0473299999999
 14
0.0
 24
34.4917699999999
 50
90.0
53
0
 33
0.0
 34
0.0
  0
DIMENSION
  8
2D_DIM
  2
*D1
  3
ROUTEDIM
  1
0.444
 10
-2.5
 20
34.9362099999999
 30
0.0
 11
-2.5
 21
17.468105
 31
0
 13
0.0
 23
34.4917699999999
 14
0.0
 24
34.9362099999999
 50
90.0
53
0
 33
0.0
 34
0.0
  0
DIMENSION
  8
2D_DIM
  2
*D1
  3
ROUTEDIM
  1
0.444
 10
-2.5
 20
35.38065
 30
0.0
 11
-2.5
 21
17.690325
 31
0
 13
0.0
 23
34.9362099999999
 14
0.0
 24
35.38065
 50
90.0
53
0
 33
0.0
 34
0.0
  0
DIMENSION
  8
2D_DIM
  2
*D1
  3
ROUTEDIM
  1
0.444
 10
-2.5
 20
35.82509
 30
0.0
 11
-2.5
 21
17.912545
 31
0
 13
0.0
 23
35.38065
 14
0.0
 24
35.82509
 50
90.0
53
0
 33
0.0
 34
0.0
  0
DIMENSION
  8
2D_DIM
  2
*D1
  3
ROUTEDIM
  1
0.222
 10
-2.5
 20
36.0473
 30
0.0
 11
-2.5
 21
18.02365
 31
0
 13
0.0
 23
35.82509
 14
0.0
 24
36.0473
 50
90.0
53
0
 33
0.0
 34
0.0
  0
DIMENSION
  8
2D_DIM
  2
*D1
  3
ROUTEDIM
  1
0.222
 10
-2.5
 20
36.26953
 30
0.0
 11
-2.5
 21
18.134765
 31
0
 13
0.0
 23
36.0473
 14
0.0
 24
36.26953
 50
90.0
53
0
 33
0.0
 34
0.0
  0
DIMENSION
  8
2D_DIM
  2
*D1
  3
ROUTEDIM
  1
0.333
 10
-2.5
 20
36.60286
 30
0.0
 11
-2.5
 21
18.30143
 31
0
 13
0.0
 23
36.26953
 14
0.0
 24
36.60286
 50
90.0
53
0
 33
0.0
 34
0.0
  0
DIMENSION
  8
2D_DIM
  2
*D1
  3
ROUTEDIM
  1
0.444
 10
-2.5
 20
37.0473
 30
0.0
 11
-2.5
 21
18.52365
 31
0
 13
0.0
 23
36.60286
 14
0.0
 24
37.0473
 50
90.0
53
0
 33
0.0
 34
0.0
  0
DIMENSION
  8
2D_DIM
  2
*D1
  3
ROUTEDIM
  1
0.444
 10
-2.5
 20
37.49174
 30
0.0
 11
-2.5
 21
18.74587
 31
0
 13
0.0
 23
37.0473
 14
0.0
 24
37.49174
 50
90.0
53
0
 33
0.0
 34
0.0
  0
DIMENSION
  8
2D_DIM
  2
*D1
  3
ROUTEDIM
  1
0.111
 10
-2.5
 20
37.60285
 30
0.0
 11
-2.5
 21
18.801425
 31
0
 13
0.0
 23
37.49174
 14
0.0
 24
37.60285
 50
90.0
53
0
 33
0.0
 34
0.0
  0
DIMENSION
  8
2D_DIM
  2
*D1
  3
ROUTEDIM
  1
0.444
 10
-2.5
 20
38.04729
 30
0.0
 11
-2.5
 21
19.023645
 31
0
 13
0.0
 23
37.60285
 14
0.0
 24
38.04729
 50
90.0
53
0
 33
0.0
 34
0.0
  0
DIMENSION
  8
2D_DIM
  2
*D1
  3
ROUTEDIM
  1
0.444
 10
-2.5
 20
38.49173
 30
0.0
 11
-2.5
 21
19.245865
 31
0
 13
0.0
 23
38.04729
 14
0.0
 24
38.49173
 50
90.0
53
0
 33
0.0
 34
0.0
  0
DIMENSION
  8
2D_DIM
  2
*D1
  3
ROUTEDIM
  1
0.444
 10
-2.5
 20
38.93617
 30
0.0
 11
-2.5
 21
19.468085
 31
0
 13
0.0
 23
38.49173
 14
0.0
 24
38.93617
 50
90.0
53
0
 33
0.0
 34
0.0
  0
DIMENSION
  8
2D_DIM
  2
*D1
  3
ROUTEDIM
  1
0.444
 10
-2.5
 20
39.3806100000001
 30
0.0
 11
-2.5
 21
19.690305
 31
0
 13
0.0
 23
38.93617
 14
0.0
 24
39.3806100000001
 50
90.0
53
0
 33
0.0
 34
0.0
  0
DIMENSION
  8
2D_DIM
  2
*D1
  3
ROUTEDIM
  1
0.434
 10
-2.5
 20
39.81508
 30
0.0
 11
-2.5
 21
19.90754
 31
0
 13
0.0
 23
39.3806100000001
 14
0.0
 24
39.81508
 50
90.0
53
0
 33
0.0
 34
0.0
  0
DIMENSION
  8
2D_DIM
  2
*D1
  3
ROUTEDIM
  1
0.01
 10
-2.5
 20
39.8250500000001
 30
0.0
 11
-2.5
 21
19.912525
 31
0
 13
0.0
 23
39.81508
 14
0.0
 24
39.8250500000001
 50
90.0
53
0
 33
0.0
 34
0.0
  0
DIMENSION
  8
2D_DIM
  2
*D1
  3
ROUTEDIM
  1
0.124
 10
-2.5
 20
39.94926
 30
0.0
 11
-2.5
 21
19.97463
 31
0
 13
0.0
 23
39.8250500000001
 14
0.0
 24
39.94926
 50
90.0
53
0
 33
0.0
 34
0.0
  0
DIMENSION
  8
2D_DIM
  2
*D1
  3
ROUTEDIM
  1
0.071
 10
-2.5
 20
40.0204371428571
 30
0.0
 11
-2.5
 21
20.0102185714285
 31
0
 13
0.0
 23
39.94926
 14
0.0
 24
40.0204371428571
 50
90.0
53
0
 33
0.0
 34
0.0
  0
DIMENSION
  8
2D_DIM
  2
*D1
  3
ROUTEDIM
  1
0.103
 10
-2.5
 20
40.1237534693878
 30
0.0
 11
-2.5
 21
20.0618767346939
 31
0
 13
0.0
 23
40.0204371428571
 14
0.0
 24
40.1237534693878
 50
90.0
53
0
 33
0.0
 34
0.0
  0
DIMENSION
  8
2D_DIM
  2
*D1
  3
ROUTEDIM
  1
0.004
 10
-2.5
 20
40.12758
 30
0.0
 11
-2.5
 21
20.06379
 31
0
 13
0.0
 23
40.1237534693878
 14
0.0
 24
40.12758
 50
90.0
53
0
 33
0.0
 34
0.0
  0
DIMENSION
  8
2D_DIM
  2
*D1
  3
ROUTEDIM
  1
0.107
 10
-2.5
 20
40.2347228571429
 30
0.0
 11
-2.5
 21
20.1173614285714
 31
0
 13
0.0
 23
40.12758
 14
0.0
 24
40.2347228571429
 50
90.0
53
0
 33
0.0
 34
0.0
  0
DIMENSION
  8
2D_DIM
  2
*D1
  3
ROUTEDIM
  1
0.035
 10
-2.5
 20
40.2694900000001
 30
0.0
 11
-2.5
 21
20.134745
 31
0
 13
0.0
 23
40.2347228571429
 14
0.0
 24
40.2694900000001
 50
90.0
53
0
 33
0.0
 34
0.0
  0
DIMENSION
  8
2D_DIM
  2
*D1
  3
ROUTEDIM
  1
0.04
 10
-2.5
 20
40.3090502987767
 30
0.0
 11
-2.5
 21
20.1545251493883
 31
0
 13
0.0
 23
40.2694900000001
 14
0.0
 24
40.3090502987767
 50
90.0
53
0
 33
0.0
 34
0.0
  0
DIMENSION
  8
2D_DIM
  2
*D1
  3
ROUTEDIM
  1
0.032
 10
-2.5
 20
40.340928
 30
0.0
 11
-2.5
 21
20.170464
 31
0
 13
0.0
 23
40.3090502987767
 14
0.0
 24
40.340928
 50
90.0
53
0
 33
0.0
 34
0.0
  0
DIMENSION
  8
2D_DIM
  2
*D1
  3
ROUTEDIM
  1
0.093
 10
-2.5
 20
40.4339397855875
 30
0.0
 11
-2.5
 21
20.2169698927937
 31
0
 13
0.0
 23
40.340928
 14
0.0
 24
40.4339397855875
 50
90.0
53
0
 33
0.0
 34
0.0
  0
DIMENSION
  8
2D_DIM
  2
*D1
  3
ROUTEDIM
  1
0.103
 10
-2.5
 20
40.5370187755102
 30
0.0
 11
-2.5
 21
20.2685093877551
 31
0
 13
0.0
 23
40.4339397855875
 14
0.0
 24
40.5370187755102
 50
90.0
53
0
 33
0.0
 34
0.0
  0
DIMENSION
  8
2D_DIM
  2
*D1
  3
ROUTEDIM
  1
0.126
 10
-2.5
 20
40.6632942857143
 30
0.0
 11
-2.5
 21
20.3316471428572
 31
0
 13
0.0
 23
40.5370187755102
 14
0.0
 24
40.6632942857143
 50
90.0
53
0
 33
0.0
 34
0.0
  0
DIMENSION
  8
2D_DIM
  2
*D1
  3
ROUTEDIM
  1
0.051
 10
-2.5
 20
40.7139300000001
 30
0.0
 11
-2.5
 21
20.356965
 31
0
 13
0.0
 23
40.6632942857143
 14
0.0
 24
40.7139300000001
 50
90.0
53
0
 33
0.0
 34
0.0
  0
DIMENSION
  8
2D_DIM
  2
*D1
  3
ROUTEDIM
  1
0.052
 10
-2.5
 20
40.7658801756899
 30
0.0
 11
-2.5
 21
20.382940087845
 31
0
 13
0.0
 23
40.7139300000001
 14
0.0
 24
40.7658801756899
 50
90.0
53
0
 33
0.0
 34
0.0
  0
DIMENSION
  8
2D_DIM
  2
*D1
  3
ROUTEDIM
  1
0.184
 10
-2.5
 20
40.9502840816327
 30
0.0
 11
-2.5
 21
20.4751420408164
 31
0
 13
0.0
 23
40.7658801756899
 14
0.0
 24
40.9502840816327
 50
90.0
53
0
 33
0.0
 34
0.0
  0
DIMENSION
  8
2D_DIM
  2
*D1
  3
ROUTEDIM
  1
0.008
 10
-2.5
 20
40.958354
 30
0.0
 11
-2.5
 21
20.479177
 31
0
 13
0.0
 23
40.9502840816327
 14
0.0
 24
40.958354
 50
90.0
53
0
 33
0.0
 34
0.0
  0
DIMENSION
  8
2D_DIM
  2
*D1
  3
ROUTEDIM
  1
0.134
 10
-2.5
 20
41.0918657142857
 30
0.0
 11
-2.5
 21
20.5459328571429
 31
0
 13
0.0
 23
40.958354
 14
0.0
 24
41.0918657142857
 50
90.0
53
0
 33
0.0
 34
0.0
  0
DIMENSION
  8
2D_DIM
  2
*D1
  3
ROUTEDIM
  1
0.067
 10
-2.5
 20
41.1583700000001
 30
0.0
 11
-2.5
 21
20.579185
 31
0
 13
0.0
 23
41.0918657142857
 14
0.0
 24
41.1583700000001
 50
90.0
53
0
 33
0.0
 34
0.0
  0
DIMENSION
  8
2D_DIM
  2
*D1
  3
ROUTEDIM
  1
0.131
 10
-2.5
 20
41.2891513867872
 30
0.0
 11
-2.5
 21
20.6445756933936
 31
0
 13
0.0
 23
41.1583700000001
 14
0.0
 24
41.2891513867872
 50
90.0
53
0
 33
0.0
 34
0.0
  0
DIMENSION
  8
2D_DIM
  2
*D1
  3
ROUTEDIM
  1
0.066
 10
-2.5
 20
41.354936
 30
0.0
 11
-2.5
 21
20.677468
 31
0
 13
0.0
 23
41.2891513867872
 14
0.0
 24
41.354936
 50
90.0
53
0
 33
0.0
 34
0.0
  0
DIMENSION
  8
2D_DIM
  2
*D1
  3
ROUTEDIM
  1
0.009
 10
-2.5
 20
41.3635493877551
 30
0.0
 11
-2.5
 21
20.6817746938775
 31
0
 13
0.0
 23
41.354936
 14
0.0
 24
41.3635493877551
 50
90.0
53
0
 33
0.0
 34
0.0
  0
DIMENSION
  8
2D_DIM
  2
*D1
  3
ROUTEDIM
  1
0.157
 10
-2.5
 20
41.5204371428571
 30
0.0
 11
-2.5
 21
20.7602185714285
 31
0
 13
0.0
 23
41.3635493877551
 14
0.0
 24
41.5204371428571
 50
90.0
53
0
 33
0.0
 34
0.0
  0
DIMENSION
  8
2D_DIM
  2
*D1
  3
ROUTEDIM
  1
0.082
 10
-2.5
 20
41.6028100000001
 30
0.0
 11
-2.5
 21
20.801405
 31
0
 13
0.0
 23
41.5204371428571
 14
0.0
 24
41.6028100000001
 50
90.0
53
0
 33
0.0
 34
0.0
  0
DIMENSION
  8
2D_DIM
  2
*D1
  3
ROUTEDIM
  1
0.022
 10
-2.5
 20
41.6252565771304
 30
0.0
 11
-2.5
 21
20.8126282885652
 31
0
 13
0.0
 23
41.6028100000001
 14
0.0
 24
41.6252565771304
 50
90.0
53
0
 33
0.0
 34
0.0
  0
DIMENSION
  8
2D_DIM
  2
*D1
  3
ROUTEDIM
  1
0.126
 10
-2.5
 20
41.751518
 30
0.0
 11
-2.5
 21
20.875759
 31
0
 13
0.0
 23
41.6252565771304
 14
0.0
 24
41.751518
 50
90.0
53
0
 33
0.0
 34
0.0
  0
DIMENSION
  8
2D_DIM
  2
*D1
  3
ROUTEDIM
  1
0.025
 10
-2.5
 20
41.7768146938775
 30
0.0
 11
-2.5
 21
20.8884073469387
 31
0
 13
0.0
 23
41.751518
 14
0.0
 24
41.7768146938775
 50
90.0
53
0
 33
0.0
 34
0.0
  0
DIMENSION
  8
2D_DIM
  2
*D1
  3
ROUTEDIM
  1
0.136
 10
-2.5
 20
41.9132942857143
 30
0.0
 11
-2.5
 21
20.9566471428572
 31
0
 13
0.0
 23
41.7768146938775
 14
0.0
 24
41.9132942857143
 50
90.0
53
0
 33
0.0
 34
0.0
  0
DIMENSION
  8
2D_DIM
  2
*D1
  3
ROUTEDIM
  1
0.036
 10
-2.5
 20
41.9490085714286
 30
0.0
 11
-2.5
 21
20.9745042857143
 31
0
 13
0.0
 23
41.9132942857143
 14
0.0
 24
41.9490085714286
 50
90.0
53
0
 33
0.0
 34
0.0
  0
DIMENSION
  8
2D_DIM
  2
*D1
  3
ROUTEDIM
  1
0.012
 10
-2.5
 20
41.9613616290898
 30
0.0
 11
-2.5
 21
20.9806808145449
 31
0
 13
0.0
 23
41.9490085714286
 14
0.0
 24
41.9613616290898
 50
90.0
53
0
 33
0.0
 34
0.0
  0
DIMENSION
  8
2D_DIM
  2
*D1
  3
ROUTEDIM
  1
0.086
 10
-2.5
 20
42.0472500000001
 30
0.0
 11
-2.5
 21
21.023625
 31
0
 13
0.0
 23
41.9613616290898
 14
0.0
 24
42.0472500000001
 50
90.0
53
0
 33
0.0
 34
0.0
  0
DIMENSION
  8
2D_DIM
  2
*D1
  3
ROUTEDIM
  1
0.08
 10
-2.5
 20
42.12758
 30
0.0
 11
-2.5
 21
21.06379
 31
0
 13
0.0
 23
42.0472500000001
 14
0.0
 24
42.12758
 50
90.0
53
0
 33
0.0
 34
0.0
  0
DIMENSION
  8
2D_DIM
  2
*D1
  3
ROUTEDIM
  1
0.062
 10
-2.5
 20
42.19008
 30
0.0
 11
-2.5
 21
21.09504
 31
0
 13
0.0
 23
42.12758
 14
0.0
 24
42.19008
 50
90.0
53
0
 33
0.0
 34
0.0
  0
DIMENSION
  8
2D_DIM
  2
*D1
  3
ROUTEDIM
  1
0.188
 10
-2.5
 20
42.37758
 30
0.0
 11
-2.5
 21
21.18879
 31
0
 13
0.0
 23
42.19008
 14
0.0
 24
42.37758
 50
90.0
53
0
 33
0.0
 34
0.0
  0
DIMENSION
  8
2D_DIM
  2
*D1
  3
ROUTEDIM
  1
0.114
 10
-2.5
 20
42.4916900000001
 30
0.0
 11
-2.5
 21
21.245845
 31
0
 13
0.0
 23
42.37758
 14
0.0
 24
42.4916900000001
 50
90.0
53
0
 33
0.0
 34
0.0
  0
DIMENSION
  8
2D_DIM
  2
*D1
  3
ROUTEDIM
  1
0.008
 10
-2.5
 20
42.5000289795918
 30
0.0
 11
-2.5
 21
21.2500144897959
 31
0
 13
0.0
 23
42.4916900000001
 14
0.0
 24
42.5000289795918
 50
90.0
53
0
 33
0.0
 34
0.0
  0
DIMENSION
  8
2D_DIM
  2
*D1
  3
ROUTEDIM
  1
0.156
 10
-2.5
 20
42.656162
 30
0.0
 11
-2.5
 21
21.328081
 31
0
 13
0.0
 23
42.5000289795918
 14
0.0
 24
42.656162
 50
90.0
53
0
 33
0.0
 34
0.0
  0
DIMENSION
  8
2D_DIM
  2
*D1
  3
ROUTEDIM
  1
0.043
 10
-2.5
 20
42.6990085714286
 30
0.0
 11
-2.5
 21
21.3495042857143
 31
0
 13
0.0
 23
42.656162
 14
0.0
 24
42.6990085714286
 50
90.0
53
0
 33
0.0
 34
0.0
  0
DIMENSION
  8
2D_DIM
  2
*D1
  3
ROUTEDIM
  1
0.029
 10
-2.5
 20
42.7280512910976
 30
0.0
 11
-2.5
 21
21.3640256455488
 31
0
 13
0.0
 23
42.6990085714286
 14
0.0
 24
42.7280512910976
 50
90.0
53
0
 33
0.0
 34
0.0
  0
DIMENSION
  8
2D_DIM
  2
*D1
  3
ROUTEDIM
  1
0.185
 10
-2.5
 20
42.9132942857143
 30
0.0
 11
-2.5
 21
21.4566471428572
 31
0
 13
0.0
 23
42.7280512910976
 14
0.0
 24
42.9132942857143
 50
90.0
53
0
 33
0.0
 34
0.0
  0
DIMENSION
  8
2D_DIM
  2
*D1
  3
ROUTEDIM
  1
0.023
 10
-2.5
 20
42.9361300000001
 30
0.0
 11
-2.5
 21
21.468065
 31
0
 13
0.0
 23
42.9132942857143
 14
0.0
 24
42.9361300000001
 50
90.0
53
0
 33
0.0
 34
0.0
  0
DIMENSION
  8
2D_DIM
  2
*D1
  3
ROUTEDIM
  1
0.191
 10
-2.5
 20
43.12758
 30
0.0
 11
-2.5
 21
21.56379
 31
0
 13
0.0
 23
42.9361300000001
 14
0.0
 24
43.12758
 50
90.0
53
0
 33
0.0
 34
0.0
  0
DIMENSION
  8
2D_DIM
  2
*D1
  3
ROUTEDIM
  1
0.199
 10
-2.5
 20
43.3265595918367
 30
0.0
 11
-2.5
 21
21.6632797959183
 31
0
 13
0.0
 23
43.12758
 14
0.0
 24
43.3265595918367
 50
90.0
53
0
 33
0.0
 34
0.0
  0
DIMENSION
  8
2D_DIM
  2
*D1
  3
ROUTEDIM
  1
0.054
 10
-2.5
 20
43.3805700000002
 30
0.0
 11
-2.5
 21
21.6902850000001
 31
0
 13
0.0
 23
43.3265595918367
 14
0.0
 24
43.3805700000002
 50
90.0
53
0
 33
0.0
 34
0.0
  0
DIMENSION
  8
2D_DIM
  2
*D1
  3
ROUTEDIM
  1
0.049
 10
-2.5
 20
43.4298759183673
 30
0.0
 11
-2.5
 21
21.7149379591837
 31
0
 13
0.0
 23
43.3805700000002
 14
0.0
 24
43.4298759183673
 50
90.0
53
0
 33
0.0
 34
0.0
  0
DIMENSION
  8
2D_DIM
  2
*D1
  3
ROUTEDIM
  1
0.097
 10
-2.5
 20
43.5271087089024
 30
0.0
 11
-2.5
 21
21.7635543544512
 31
0
 13
0.0
 23
43.4298759183673
 14
0.0
 24
43.5271087089024
 50
90.0
53
0
 33
0.0
 34
0.0
  0
DIMENSION
  8
2D_DIM
  2
*D1
  3
ROUTEDIM
  1
0.029
 10
-2.5
 20
43.5561514285714
 30
0.0
 11
-2.5
 21
21.7780757142857
 31
0
 13
0.0
 23
43.5271087089024
 14
0.0
 24
43.5561514285714
 50
90.0
53
0
 33
0.0
 34
0.0
  0
DIMENSION
  8
2D_DIM
  2
*D1
  3
ROUTEDIM
  1
0.043
 10
-2.5
 20
43.598998
 30
0.0
 11
-2.5
 21
21.799499
 31
0
 13
0.0
 23
43.5561514285714
 14
0.0
 24
43.598998
 50
90.0
53
0
 33
0.0
 34
0.0
  0
DIMENSION
  8
2D_DIM
  2
*D1
  3
ROUTEDIM
  1
0.064
 10
-2.5
 20
43.6632942857143
 30
0.0
 11
-2.5
 21
21.8316471428572
 31
0
 13
0.0
 23
43.598998
 14
0.0
 24
43.6632942857143
 50
90.0
53
0
 33
0.0
 34
0.0
  0
DIMENSION
  8
2D_DIM
  2
*D1
  3
ROUTEDIM
  1
0.162
 10
-2.5
 20
43.8250100000002
 30
0.0
 11
-2.5
 21
21.9125050000001
 31
0
 13
0.0
 23
43.6632942857143
 14
0.0
 24
43.8250100000002
 50
90.0
53
0
 33
0.0
 34
0.0
  0
DIMENSION
  8
2D_DIM
  2
*D1
  3
ROUTEDIM
  1
0.018
 10
-2.5
 20
43.8431412244898
 30
0.0
 11
-2.5
 21
21.9215706122449
 31
0
 13
0.0
 23
43.8250100000002
 14
0.0
 24
43.8431412244898
 50
90.0
53
0
 33
0.0
 34
0.0
  0
DIMENSION
  8
2D_DIM
  2
*D1
  3
ROUTEDIM
  1
0.249
 10
-2.5
 20
44.0918657142857
 30
0.0
 11
-2.5
 21
22.0459328571429
 31
0
 13
0.0
 23
43.8431412244898
 14
0.0
 24
44.0918657142857
 50
90.0
53
0
 33
0.0
 34
0.0
  0
DIMENSION
  8
2D_DIM
  2
*D1
  3
ROUTEDIM
  1
0.165
 10
-2.5
 20
44.2564065306122
 30
0.0
 11
-2.5
 21
22.1282032653061
 31
0
 13
0.0
 23
44.0918657142857
 14
0.0
 24
44.2564065306122
 50
90.0
53
0
 33
0.0
 34
0.0
  0
DIMENSION
  8
2D_DIM
  2
*D1
  3
ROUTEDIM
  1
0.013
 10
-2.5
 20
44.2694500000002
 30
0.0
 11
-2.5
 21
22.1347250000001
 31
0
 13
0.0
 23
44.2564065306122
 14
0.0
 24
44.2694500000002
 50
90.0
53
0
 33
0.0
 34
0.0
  0
DIMENSION
  8
2D_DIM
  2
*D1
  3
ROUTEDIM
  1
0.024
 10
-2.5
 20
44.2937983709102
 30
0.0
 11
-2.5
 21
22.1468991854551
 31
0
 13
0.0
 23
44.2694500000002
 14
0.0
 24
44.2937983709102
 50
90.0
53
0
 33
0.0
 34
0.0
  0
DIMENSION
  8
2D_DIM
  2
*D1
  3
ROUTEDIM
  1
0.21
 10
-2.5
 20
44.503642
 30
0.0
 11
-2.5
 21
22.251821
 31
0
 13
0.0
 23
44.2937983709102
 14
0.0
 24
44.503642
 50
90.0
53
0
 33
0.0
 34
0.0
  0
DIMENSION
  8
2D_DIM
  2
*D1
  3
ROUTEDIM
  1
0.017
 10
-2.5
 20
44.5204371428571
 30
0.0
 11
-2.5
 21
22.2602185714285
 31
0
 13
0.0
 23
44.503642
 14
0.0
 24
44.5204371428571
 50
90.0
53
0
 33
0.0
 34
0.0
  0
DIMENSION
  8
2D_DIM
  2
*D1
  3
ROUTEDIM
  1
0.149
 10
-2.5
 20
44.6696718367347
 30
0.0
 11
-2.5
 21
22.3348359183674
 31
0
 13
0.0
 23
44.5204371428571
 14
0.0
 24
44.6696718367347
 50
90.0
53
0
 33
0.0
 34
0.0
  0
DIMENSION
  8
2D_DIM
  2
*D1
  3
ROUTEDIM
  1
0.044
 10
-2.5
 20
44.7138900000002
 30
0.0
 11
-2.5
 21
22.3569450000001
 31
0
 13
0.0
 23
44.6696718367347
 14
0.0
 24
44.7138900000002
 50
90.0
53
0
 33
0.0
 34
0.0
  0
DIMENSION
  8
2D_DIM
  2
*D1
  3
ROUTEDIM
  1
0.235
 10
-2.5
 20
44.9490085714286
 30
0.0
 11
-2.5
 21
22.4745042857143
 31
0
 13
0.0
 23
44.7138900000002
 14
0.0
 24
44.9490085714286
 50
90.0
53
0
 33
0.0
 34
0.0
  0
DIMENSION
  8
2D_DIM
  2
*D1
  3
ROUTEDIM
  1
0.017
 10
-2.5
 20
44.9660086132128
 30
0.0
 11
-2.5
 21
22.4830043066064
 31
0
 13
0.0
 23
44.9490085714286
 14
0.0
 24
44.9660086132128
 50
90.0
53
0
 33
0.0
 34
0.0
  0
DIMENSION
  8
2D_DIM
  2
*D1
  3
ROUTEDIM
  1
0.081
 10
-2.5
 20
45.0472200000002
 30
0.0
 11
-2.5
 21
22.5236100000001
 31
0
 13
0.0
 23
44.9660086132128
 14
0.0
 24
45.0472200000002
 50
90.0
53
0
 33
0.0
 34
0.0
  0
DIMENSION
  8
2D_DIM
  2
*D1
  3
ROUTEDIM
  1
0.036
 10
-2.5
 20
45.0829371428571
 30
0.0
 11
-2.5
 21
22.5414685714285
 31
0
 13
0.0
 23
45.0472200000002
 14
0.0
 24
45.0829371428571
 50
90.0
53
0
 33
0.0
 34
0.0
  0
DIMENSION
  8
2D_DIM
  2
*D1
  3
ROUTEDIM
  1
0.214
 10
-2.5
 20
45.296806
 30
0.0
 11
-2.5
 21
22.648403
 31
0
 13
0.0
 23
45.0829371428571
 14
0.0
 24
45.296806
 50
90.0
53
0
 33
0.0
 34
0.0
  0
DIMENSION
  8
2D_DIM
  2
*D1
  3
ROUTEDIM
  1
0.081
 10
-2.5
 20
45.37758
 30
0.0
 11
-2.5
 21
22.68879
 31
0
 13
0.0
 23
45.296806
 14
0.0
 24
45.37758
 50
90.0
53
0
 33
0.0
 34
0.0
  0
DIMENSION
  8
2D_DIM
  2
*D1
  3
ROUTEDIM
  1
0.112
 10
-2.5
 20
45.4892798243101
 30
0.0
 11
-2.5
 21
22.7446399121551
 31
0
 13
0.0
 23
45.37758
 14
0.0
 24
45.4892798243101
 50
90.0
53
0
 33
0.0
 34
0.0
  0
DIMENSION
  8
2D_DIM
  2
*D1
  3
ROUTEDIM
  1
0.007
 10
-2.5
 20
45.4962024489796
 30
0.0
 11
-2.5
 21
22.7481012244898
 31
0
 13
0.0
 23
45.4892798243101
 14
0.0
 24
45.4962024489796
 50
90.0
53
0
 33
0.0
 34
0.0
  0
DIMENSION
  8
2D_DIM
  2
*D1
  3
ROUTEDIM
  1
0.31
 10
-2.5
 20
45.8061514285714
 30
0.0
 11
-2.5
 21
22.9030757142857
 31
0
 13
0.0
 23
45.4962024489796
 14
0.0
 24
45.8061514285714
 50
90.0
53
0
 33
0.0
 34
0.0
  0
DIMENSION
  8
2D_DIM
  2
*D1
  3
ROUTEDIM
  1
0.015
 10
-2.5
 20
45.8212202144125
 30
0.0
 11
-2.5
 21
22.9106101072062
 31
0
 13
0.0
 23
45.8061514285714
 14
0.0
 24
45.8212202144125
 50
90.0
53
0
 33
0.0
 34
0.0
  0
DIMENSION
  8
2D_DIM
  2
*D1
  3
ROUTEDIM
  1
0.093
 10
-2.5
 20
45.914232
 30
0.0
 11
-2.5
 21
22.957116
 31
0
 13
0.0
 23
45.8212202144125
 14
0.0
 24
45.914232
 50
90.0
53
0
 33
0.0
 34
0.0
  0
DIMENSION
  8
2D_DIM
  2
*D1
  3
ROUTEDIM
  1
0.032
 10
-2.5
 20
45.9461097012233
 30
0.0
 11
-2.5
 21
22.9730548506116
 31
0
 13
0.0
 23
45.914232
 14
0.0
 24
45.9461097012233
 50
90.0
53
0
 33
0.0
 34
0.0
  0
DIMENSION
  8
2D_DIM
  2
*D1
  3
ROUTEDIM
  1
0.181
 10
-2.5
 20
46.12758
 30
0.0
 11
-2.5
 21
23.06379
 31
0
 13
0.0
 23
45.9461097012233
 14
0.0
 24
46.12758
 50
90.0
53
0
 33
0.0
 34
0.0
  0
DIMENSION
  8
2D_DIM
  2
*D1
  3
ROUTEDIM
  1
0.178
 10
-2.5
 20
46.3059
 30
0.0
 11
-2.5
 21
23.15295
 31
0
 13
0.0
 23
46.12758
 14
0.0
 24
46.3059
 50
90.0
53
0
 33
0.0
 34
0.0
  0
DIMENSION
  8
2D_DIM
  2
*D1
  3
ROUTEDIM
  1
0.134
 10
-2.5
 20
46.44008
 30
0.0
 11
-2.5
 21
23.22004
 31
0
 13
0.0
 23
46.3059
 14
0.0
 24
46.44008
 50
90.0
53
0
 33
0.0
 34
0.0
  0
DIMENSION
  8
2D_DIM
  2
*D1
  3
ROUTEDIM
  1
1.247
 10
-2.5
 20
47.6875
 30
0.0
 11
-2.5
 21
23.84375
 31
0
 13
0.0
 23
46.44008
 14
0.0
 24
47.6875
 50
90.0
53
0
 33
0.0
 34
0.0
  0
DIMENSION
  8
2D_DIM
  2
*D1
  3
ROUTEDIM
  1
0.312
 10
-2.5
 20
48
 30
0.0
 11
-2.5
 21
24
 31
0
 13
0.0
 23
47.6875
 14
0.0
 24
48
 50
90.0
53
0
 33
0.0
 34
0.0
  0
DIMENSION
  8
2D_DIM
  2
*D1
  3
ROUTEDIM
  1
0.098
 10
-2.5
 20
48.097801
 30
0.0
 11
-2.5
 21
24.0489005
 31
0
 13
0.0
 23
48
 14
0.0
 24
48.097801
 50
90.0
53
0
 33
0.0
 34
0.0
  0
DIMENSION
  8
2D_DIM
  2
*D1
  3
ROUTEDIM
  1
0.37
 10
-2.5
 20
48.467953
 30
0.0
 11
-2.5
 21
24.2339765
 31
0
 13
0.0
 23
48.097801
 14
0.0
 24
48.467953
 50
90.0
53
0
 33
0.0
 34
0.0
  0
DIMENSION
  8
2D_DIM
  2
*D1
  3
ROUTEDIM
  1
0.468
 10
-2.5
 20
48
 30
0.0
 11
-2.5
 21
24
 31
0
 13
0.0
 23
48.467953
 14
0.0
 24
48
 50
90.0
53
0
 33
0.0
 34
0.0
  0
DIMENSION
  8
2D_DIM
  2
*D1
  3
ROUTEDIM
  1
-2.156
 10
-2.15610494554754
 20
44.4383547094679
 30
0.0
 11
-1.07805247277377
 21
44.4383547094679
 31
0.0
 13
0
 23
44.4383547094679
 14
-2.15610494554754
 24
44.4383547094679
 33
0.0
 34
0.0
53
90
  0
DIMENSION
  8
2D_DIM
  2
*D1
  3
ROUTEDIM
  1
44.438
 10
-2.15610494554754
 20
44.4383547094679
 30
0.0
 11
-2.15610494554754
 21
22.2191773547339
 31
0
 13
-2.15610494554754
 23
0
 14
-2.15610494554754
 24
44.4383547094679
 50
90.0
53
0
 33
0.0
 34
0.0
  0
DIMENSION
  8
2D_DIM
  2
*D1
  3
ROUTEDIM
  1
6.337
 10
6.33716829323231
 20
14.8671495
 30
0.0
 11
3.16858414661615
 21
14.8671495
 31
0.0
 13
0
 23
14.8671495
 14
6.33716829323231
 24
14.8671495
 33
0.0
 34
0.0
53
90
  0
DIMENSION
  8
2D_DIM
  2
*D1
  3
ROUTEDIM
  1
14.867
 10
6.33716829323231
 20
14.8671495
 30
0.0
 11
6.33716829323231
 21
7.43357475
 31
0
 13
6.33716829323231
 23
0
 14
6.33716829323231
 24
14.8671495
 50
90.0
53
0
 33
0.0
 34
0.0
  0
DIMENSION
  8
2D_DIM
  2
*D1
  3
ROUTEDIM
  1
35.387
 10
35.3872155
 20
8.37196993490732
 30
0.0
 11
17.69360775
 21
8.37196993490732
 31
0.0
 13
0
 23
8.37196993490732
 14
35.3872155
 24
8.37196993490732
 33
0.0
 34
0.0
53
90
  0
DIMENSION
  8
2D_DIM
  2
*D1
  3
ROUTEDIM
  1
8.372
 10
35.3872155
 20
8.37196993490732
 30
0.0
 11
35.3872155
 21
4.18598496745366
 31
0
 13
35.3872155
 23
0
 14
35.3872155
 24
8.37196993490732
 50
90.0
53
0
 33
0.0
 34
0.0
  0
DIMENSION
  8
2D_DIM
  2
*D1
  3
ROUTEDIM
  1
72.563
 10
72.5625000000001
 20
29
 30
0.0
 11
36.28125
 21
29
 31
0.0
 13
0
 23
29
 14
72.5625000000001
 24
29
 33
0.0
 34
0.0
53
90
  0
DIMENSION
  8
2D_DIM
  2
*D1
  3
ROUTEDIM
  1
29
 10
72.5625000000001
 20
29
 30
0.0
 11
72.5625000000001
 21
14.5
 31
0
 13
72.5625000000001
 23
0
 14
72.5625000000001
 24
29
 50
90.0
53
0
 33
0.0
 34
0.0
  0
DIMENSION
  8
2D_DIM
  2
*D1
  3
ROUTEDIM
  1
47.942
 10
47.9417000000001
 20
43.12758
 30
0.0
 11
23.97085
 21
43.12758
 31
0.0
 13
0
 23
43.12758
 14
47.9417000000001
 24
43.12758
 33
0.0
 34
0.0
53
90
  0
DIMENSION
  8
2D_DIM
  2
*D1
  3
ROUTEDIM
  1
43.128
 10
47.9417000000001
 20
43.12758
 30
0.0
 11
47.9417000000001
 21
21.56379
 31
0
 13
47.9417000000001
 23
0
 14
47.9417000000001
 24
43.12758
 50
90.0
53
0
 33
0.0
 34
0.0
  0
DIMENSION
  8
2D_DIM
  2
*D1
  3
ROUTEDIM
  1
63.063
 10
63.0625000000001
 20
9
 30
0.0
 11
31.53125
 21
9
 31
0.0
 13
0
 23
9
 14
63.0625000000001
 24
9
 33
0.0
 34
0.0
53
90
  0
DIMENSION
  8
2D_DIM
  2
*D1
  3
ROUTEDIM
  1
9
 10
63.0625000000001
 20
9
 30
0.0
 11
63.0625000000001
 21
4.5
 31
0
 13
63.0625000000001
 23
0
 14
63.0625000000001
 24
9
 50
90.0
53
0
 33
0.0
 34
0.0
  0
DIMENSION
  8
2D_DIM
  2
*D1
  3
ROUTEDIM
  1
62.5
 10
62.4999999982638
 20
8.9999999982638
 30
0.0
 11
31.2499999991319
 21
8.9999999982638
 31
0.0
 13
0
 23
8.9999999982638
 14
62.4999999982638
 24
8.9999999982638
 33
0.0
 34
0.0
53
90
  0
DIMENSION
  8
2D_DIM
  2
*D1
  3
ROUTEDIM
  1
9
 10
62.4999999982638
 20
8.9999999982638
 30
0.0
 11
62.4999999982638
 21
4.4999999991319
 31
0
 13
62.4999999982638
 23
0
 14
62.4999999982638
 24
8.9999999982638
 50
90.0
53
0
 33
0.0
 34
0.0
  0
DIMENSION
  8
2D_DIM
  2
*D1
  3
ROUTEDIM
  1
62.5
 10
62.5000000017362
 20
8.9999999982638
 30
0.0
 11
31.2500000008681
 21
8.9999999982638
 31
0.0
 13
0
 23
8.9999999982638
 14
62.5000000017362
 24
8.9999999982638
 33
0.0
 34
0.0
53
90
  0
DIMENSION
  8
2D_DIM
  2
*D1
  3
ROUTEDIM
  1
9
 10
62.5000000017362
 20
8.9999999982638
 30
0.0
 11
62.5000000017362
 21
4.4999999991319
 31
0
 13
62.5000000017362
 23
0
 14
62.5000000017362
 24
8.9999999982638
 50
90.0
53
0
 33
0.0
 34
0.0
  0
DIMENSION
  8
2D_DIM
  2
*D1
  3
ROUTEDIM
  1
62.5
 10
62.5000000017362
 20
9.0000000017362
 30
0.0
 11
31.2500000008681
 21
9.0000000017362
 31
0.0
 13
0
 23
9.0000000017362
 14
62.5000000017362
 24
9.0000000017362
 33
0.0
 34
0.0
53
90
  0
DIMENSION
  8
2D_DIM
  2
*D1
  3
ROUTEDIM
  1
9
 10
62.5000000017362
 20
9.0000000017362
 30
0.0
 11
62.5000000017362
 21
4.5000000008681
 31
0
 13
62.5000000017362
 23
0
 14
62.5000000017362
 24
9.0000000017362
 50
90.0
53
0
 33
0.0
 34
0.0
  0
DIMENSION
  8
2D_DIM
  2
*D1
  3
ROUTEDIM
  1
62.532
 10
62.5321428554067
 20
9.03214285913949
 30
0.0
 11
31.2660714277033
 21
9.03214285913949
 31
0.0
 13
0
 23
9.03214285913949
 14
62.5321428554067
 24
9.03214285913949
 33
0.0
 34
0.0
53
90
  0
DIMENSION
  8
2D_DIM
  2
*D1
  3
ROUTEDIM
  1
9.032
 10
62.5321428554067
 20
9.03214285913949
 30
0.0
 11
62.5321428554067
 21
4.51607142956974
 31
0
 13
62.5321428554067
 23
0
 14
62.5321428554067
 24
9.03214285913949
 50
90.0
53
0
 33
0.0
 34
0.0
  0
DIMENSION
  8
2D_DIM
  2
*D1
  3
ROUTEDIM
  1
62.465
 10
62.4651785714286
 20
9.00910714285714
 30
0.0
 11
31.2325892857143
 21
9.00910714285714
 31
0.0
 13
0
 23
9.00910714285714
 14
62.4651785714286
 24
9.00910714285714
 33
0.0
 34
0.0
53
90
  0
DIMENSION
  8
2D_DIM
  2
*D1
  3
ROUTEDIM
  1
9.009
 10
62.4651785714286
 20
9.00910714285714
 30
0.0
 11
62.4651785714286
 21
4.50455357142857
 31
0
 13
62.4651785714286
 23
0
 14
62.4651785714286
 24
9.00910714285714
 50
90.0
53
0
 33
0.0
 34
0.0
  0
DIMENSION
  8
2D_DIM
  2
*D1
  3
ROUTEDIM
  1
62.46
 10
62.4598214285714
 20
8.93035714285714
 30
0.0
 11
31.2299107142857
 21
8.93035714285714
 31
0.0
 13
0
 23
8.93035714285714
 14
62.4598214285714
 24
8.93035714285714
 33
0.0
 34
0.0
53
90
  0
DIMENSION
  8
2D_DIM
  2
*D1
  3
ROUTEDIM
  1
8.93
 10
62.4598214285714
 20
8.93035714285714
 30
0.0
 11
62.4598214285714
 21
4.46517857142857
 31
0
 13
62.4598214285714
 23
0
 14
62.4598214285714
 24
8.93035714285714
 50
90.0
53
0
 33
0.0
 34
0.0
  0
DIMENSION
  8
2D_DIM
  2
*D1
  3
ROUTEDIM
  1
62.572
 10
62.5723214285714
 20
8.9625
 30
0.0
 11
31.2861607142857
 21
8.9625
 31
0.0
 13
0
 23
8.9625
 14
62.5723214285714
 24
8.9625
 33
0.0
 34
0.0
53
90
  0
DIMENSION
  8
2D_DIM
  2
*D1
  3
ROUTEDIM
  1
8.963
 10
62.5723214285714
 20
8.9625
 30
0.0
 11
62.5723214285714
 21
4.48125
 31
0
 13
62.5723214285714
 23
0
 14
62.5723214285714
 24
8.9625
 50
90.0
53
0
 33
0.0
 34
0.0
  0
DIMENSION
  8
2D_DIM
  2
*D1
  3
ROUTEDIM
  1
62.535
 10
62.5348214285714
 20
9.075
 30
0.0
 11
31.2674107142857
 21
9.075
 31
0.0
 13
0
 23
9.075
 14
62.5348214285714
 24
9.075
 33
0.0
 34
0.0
53
90
  0
DIMENSION
  8
2D_DIM
  2
*D1
  3
ROUTEDIM
  1
9.075
 10
62.5348214285714
 20
9.075
 30
0.0
 11
62.5348214285714
 21
4.5375
 31
0
 13
62.5348214285714
 23
0
 14
62.5348214285714
 24
9.075
 50
90.0
53
0
 33
0.0
 34
0.0
  0
DIMENSION
  8
2D_DIM
  2
*D1
  3
ROUTEDIM
  1
62.422
 10
62.4223214285714
 20
9.03214285714285
 30
0.0
 11
31.2111607142857
 21
9.03214285714285
 31
0.0
 13
0
 23
9.03214285714285
 14
62.4223214285714
 24
9.03214285714285
 33
0.0
 34
0.0
53
90
  0
DIMENSION
  8
2D_DIM
  2
*D1
  3
ROUTEDIM
  1
9.032
 10
62.4223214285714
 20
9.03214285714285
 30
0.0
 11
62.4223214285714
 21
4.51607142857143
 31
0
 13
62.4223214285714
 23
0
 14
62.4223214285714
 24
9.03214285714285
 50
90.0
53
0
 33
0.0
 34
0.0
  0
DIMENSION
  8
2D_DIM
  2
*D1
  3
ROUTEDIM
  1
62.471
 10
62.4705357142857
 20
8.91964285714286
 30
0.0
 11
31.2352678571429
 21
8.91964285714286
 31
0.0
 13
0
 23
8.91964285714286
 14
62.4705357142857
 24
8.91964285714286
 33
0.0
 34
0.0
53
90
  0
DIMENSION
  8
2D_DIM
  2
*D1
  3
ROUTEDIM
  1
8.92
 10
62.4705357142857
 20
8.91964285714286
 30
0.0
 11
62.4705357142857
 21
4.45982142857143
 31
0
 13
62.4705357142857
 23
0
 14
62.4705357142857
 24
8.91964285714286
 50
90.0
53
0
 33
0.0
 34
0.0
  0
DIMENSION
  8
2D_DIM
  2
*D1
  3
ROUTEDIM
  1
62.583
 10
62.5830357142857
 20
8.97321428571429
 30
0.0
 11
31.2915178571429
 21
8.97321428571429
 31
0.0
 13
0
 23
8.97321428571429
 14
62.5830357142857
 24
8.97321428571429
 33
0.0
 34
0.0
53
90
  0
DIMENSION
  8
2D_DIM
  2
*D1
  3
ROUTEDIM
  1
8.973
 10
62.5830357142857
 20
8.97321428571429
 30
0.0
 11
62.5830357142857
 21
4.48660714285714
 31
0
 13
62.5830357142857
 23
0
 14
62.5830357142857
 24
8.97321428571429
 50
90.0
53
0
 33
0.0
 34
0.0
  0
DIMENSION
  8
2D_DIM
  2
*D1
  3
ROUTEDIM
  1
62.524
 10
62.5241071428571
 20
9.08571428571429
 30
0.0
 11
31.2620535714286
 21
9.08571428571429
 31
0.0
 13
0
 23
9.08571428571429
 14
62.5241071428571
 24
9.08571428571429
 33
0.0
 34
0.0
53
90
  0
DIMENSION
  8
2D_DIM
  2
*D1
  3
ROUTEDIM
  1
9.086
 10
62.5241071428571
 20
9.08571428571429
 30
0.0
 11
62.5241071428571
 21
4.54285714285714
 31
0
 13
62.5241071428571
 23
0
 14
62.5241071428571
 24
9.08571428571429
 50
90.0
53
0
 33
0.0
 34
0.0
  0
DIMENSION
  8
2D_DIM
  2
*D1
  3
ROUTEDIM
  1
62.412
 10
62.4116071428571
 20
9.02142857142857
 30
0.0
 11
31.2058035714286
 21
9.02142857142857
 31
0.0
 13
0
 23
9.02142857142857
 14
62.4116071428571
 24
9.02142857142857
 33
0.0
 34
0.0
53
90
  0
DIMENSION
  8
2D_DIM
  2
*D1
  3
ROUTEDIM
  1
9.021
 10
62.4116071428571
 20
9.02142857142857
 30
0.0
 11
62.4116071428571
 21
4.51071428571429
 31
0
 13
62.4116071428571
 23
0
 14
62.4116071428571
 24
9.02142857142857
 50
90.0
53
0
 33
0.0
 34
0.0
  0
DIMENSION
  8
2D_DIM
  2
*D1
  3
ROUTEDIM
  1
62.481
 10
62.48125
 20
8.90892857142857
 30
0.0
 11
31.240625
 21
8.90892857142857
 31
0.0
 13
0
 23
8.90892857142857
 14
62.48125
 24
8.90892857142857
 33
0.0
 34
0.0
53
90
  0
DIMENSION
  8
2D_DIM
  2
*D1
  3
ROUTEDIM
  1
8.909
 10
62.48125
 20
8.90892857142857
 30
0.0
 11
62.48125
 21
4.45446428571428
 31
0
 13
62.48125
 23
0
 14
62.48125
 24
8.90892857142857
 50
90.0
53
0
 33
0.0
 34
0.0
  0
DIMENSION
  8
2D_DIM
  2
*D1
  3
ROUTEDIM
  1
62.594
 10
62.59375
 20
8.98392857142857
 30
0.0
 11
31.296875
 21
8.98392857142857
 31
0.0
 13
0
 23
8.98392857142857
 14
62.59375
 24
8.98392857142857
 33
0.0
 34
0.0
53
90
  0
DIMENSION
  8
2D_DIM
  2
*D1
  3
ROUTEDIM
  1
8.984
 10
62.59375
 20
8.98392857142857
 30
0.0
 11
62.59375
 21
4.49196428571429
 31
0
 13
62.59375
 23
0
 14
62.59375
 24
8.98392857142857
 50
90.0
53
0
 33
0.0
 34
0.0
  0
DIMENSION
  8
2D_DIM
  2
*D1
  3
ROUTEDIM
  1
62.513
 10
62.5133928571429
 20
9.09642857142857
 30
0.0
 11
31.2566964285714
 21
9.09642857142857
 31
0.0
 13
0
 23
9.09642857142857
 14
62.5133928571429
 24
9.09642857142857
 33
0.0
 34
0.0
53
90
  0
DIMENSION
  8
2D_DIM
  2
*D1
  3
ROUTEDIM
  1
9.096
 10
62.5133928571429
 20
9.09642857142857
 30
0.0
 11
62.5133928571429
 21
4.54821428571428
 31
0
 13
62.5133928571429
 23
0
 14
62.5133928571429
 24
9.09642857142857
 50
90.0
53
0
 33
0.0
 34
0.0
  0
DIMENSION
  8
2D_DIM
  2
*D1
  3
ROUTEDIM
  1
62.401
 10
62.4008928571429
 20
9.01071428571429
 30
0.0
 11
31.2004464285714
 21
9.01071428571429
 31
0.0
 13
0
 23
9.01071428571429
 14
62.4008928571429
 24
9.01071428571429
 33
0.0
 34
0.0
53
90
  0
DIMENSION
  8
2D_DIM
  2
*D1
  3
ROUTEDIM
  1
9.011
 10
62.4008928571429
 20
9.01071428571429
 30
0.0
 11
62.4008928571429
 21
4.50535714285714
 31
0
 13
62.4008928571429
 23
0
 14
62.4008928571429
 24
9.01071428571429
 50
90.0
53
0
 33
0.0
 34
0.0
  0
DIMENSION
  8
2D_DIM
  2
*D1
  3
ROUTEDIM
  1
62.492
 10
62.4919642857143
 20
8.89821428571428
 30
0.0
 11
31.2459821428571
 21
8.89821428571428
 31
0.0
 13
0
 23
8.89821428571428
 14
62.4919642857143
 24
8.89821428571428
 33
0.0
 34
0.0
53
90
  0
DIMENSION
  8
2D_DIM
  2
*D1
  3
ROUTEDIM
  1
8.898
 10
62.4919642857143
 20
8.89821428571428
 30
0.0
 11
62.4919642857143
 21
4.44910714285714
 31
0
 13
62.4919642857143
 23
0
 14
62.4919642857143
 24
8.89821428571428
 50
90.0
53
0
 33
0.0
 34
0.0
  0
DIMENSION
  8
2D_DIM
  2
*D1
  3
ROUTEDIM
  1
62.604
 10
62.6044642857143
 20
8.99464285714286
 30
0.0
 11
31.3022321428571
 21
8.99464285714286
 31
0.0
 13
0
 23
8.99464285714286
 14
62.6044642857143
 24
8.99464285714286
 33
0.0
 34
0.0
53
90
  0
DIMENSION
  8
2D_DIM
  2
*D1
  3
ROUTEDIM
  1
8.995
 10
62.6044642857143
 20
8.99464285714286
 30
0.0
 11
62.6044642857143
 21
4.49732142857143
 31
0
 13
62.6044642857143
 23
0
 14
62.6044642857143
 24
8.99464285714286
 50
90.0
53
0
 33
0.0
 34
0.0
  0
DIMENSION
  8
2D_DIM
  2
*D1
  3
ROUTEDIM
  1
62.503
 10
62.5026785714286
 20
9.10714285714286
 30
0.0
 11
31.2513392857143
 21
9.10714285714286
 31
0.0
 13
0
 23
9.10714285714286
 14
62.5026785714286
 24
9.10714285714286
 33
0.0
 34
0.0
53
90
  0
DIMENSION
  8
2D_DIM
  2
*D1
  3
ROUTEDIM
  1
9.107
 10
62.5026785714286
 20
9.10714285714286
 30
0.0
 11
62.5026785714286
 21
4.55357142857143
 31
0
 13
62.5026785714286
 23
0
 14
62.5026785714286
 24
9.10714285714286
 50
90.0
53
0
 33
0.0
 34
0.0
  0
DIMENSION
  8
2D_DIM
  2
*D1
  3
ROUTEDIM
  1
62.39
 10
62.3901785714286
 20
9
 30
0.0
 11
31.1950892857143
 21
9
 31
0.0
 13
0
 23
9
 14
62.3901785714286
 24
9
 33
0.0
 34
0.0
53
90
  0
DIMENSION
  8
2D_DIM
  2
*D1
  3
ROUTEDIM
  1
9
 10
62.3901785714286
 20
9
 30
0.0
 11
62.3901785714286
 21
4.5
 31
0
 13
62.3901785714286
 23
0
 14
62.3901785714286
 24
9
 50
90.0
53
0
 33
0.0
 34
0.0
  0
DIMENSION
  8
2D_DIM
  2
*D1
  3
ROUTEDIM
  1
62.503
 10
62.5026785714286
 20
8.8875
 30
0.0
 11
31.2513392857143
 21
8.8875
 31
0.0
 13
0
 23
8.8875
 14
62.5026785714286
 24
8.8875
 33
0.0
 34
0.0
53
90
  0
DIMENSION
  8
2D_DIM
  2
*D1
  3
ROUTEDIM
  1
8.887
 10
62.5026785714286
 20
8.8875
 30
0.0
 11
62.5026785714286
 21
4.44375
 31
0
 13
62.5026785714286
 23
0
 14
62.5026785714286
 24
8.8875
 50
90.0
53
0
 33
0.0
 34
0.0
  0
DIMENSION
  8
2D_DIM
  2
*D1
  3
ROUTEDIM
  1
62.615
 10
62.6151785714286
 20
9.00535714285714
 30
0.0
 11
31.3075892857143
 21
9.00535714285714
 31
0.0
 13
0
 23
9.00535714285714
 14
62.6151785714286
 24
9.00535714285714
 33
0.0
 34
0.0
53
90
  0
DIMENSION
  8
2D_DIM
  2
*D1
  3
ROUTEDIM
  1
9.005
 10
62.6151785714286
 20
9.00535714285714
 30
0.0
 11
62.6151785714286
 21
4.50267857142857
 31
0
 13
62.6151785714286
 23
0
 14
62.6151785714286
 24
9.00535714285714
 50
90.0
53
0
 33
0.0
 34
0.0
  0
DIMENSION
  8
2D_DIM
  2
*D1
  3
ROUTEDIM
  1
62.492
 10
62.4919642857143
 20
9.11785714285714
 30
0.0
 11
31.2459821428571
 21
9.11785714285714
 31
0.0
 13
0
 23
9.11785714285714
 14
62.4919642857143
 24
9.11785714285714
 33
0.0
 34
0.0
53
90
  0
DIMENSION
  8
2D_DIM
  2
*D1
  3
ROUTEDIM
  1
9.118
 10
62.4919642857143
 20
9.11785714285714
 30
0.0
 11
62.4919642857143
 21
4.55892857142857
 31
0
 13
62.4919642857143
 23
0
 14
62.4919642857143
 24
9.11785714285714
 50
90.0
53
0
 33
0.0
 34
0.0
  0
DIMENSION
  8
2D_DIM
  2
*D1
  3
ROUTEDIM
  1
62.379
 10
62.3794642857143
 20
8.98928571428571
 30
0.0
 11
31.1897321428571
 21
8.98928571428571
 31
0.0
 13
0
 23
8.98928571428571
 14
62.3794642857143
 24
8.98928571428571
 33
0.0
 34
0.0
53
90
  0
DIMENSION
  8
2D_DIM
  2
*D1
  3
ROUTEDIM
  1
8.989
 10
62.3794642857143
 20
8.98928571428571
 30
0.0
 11
62.3794642857143
 21
4.49464285714286
 31
0
 13
62.3794642857143
 23
0
 14
62.3794642857143
 24
8.98928571428571
 50
90.0
53
0
 33
0.0
 34
0.0
  0
DIMENSION
  8
2D_DIM
  2
*D1
  3
ROUTEDIM
  1
62.513
 10
62.5133928571428
 20
8.87678571428571
 30
0.0
 11
31.2566964285714
 21
8.87678571428571
 31
0.0
 13
0
 23
8.87678571428571
 14
62.5133928571428
 24
8.87678571428571
 33
0.0
 34
0.0
53
90
  0
DIMENSION
  8
2D_DIM
  2
*D1
  3
ROUTEDIM
  1
8.877
 10
62.5133928571428
 20
8.87678571428571
 30
0.0
 11
62.5133928571428
 21
4.43839285714286
 31
0
 13
62.5133928571428
 23
0
 14
62.5133928571428
 24
8.87678571428571
 50
90.0
53
0
 33
0.0
 34
0.0
  0
DIMENSION
  8
2D_DIM
  2
*D1
  3
ROUTEDIM
  1
62.626
 10
62.6258928571429
 20
9.01607142857143
 30
0.0
 11
31.3129464285714
 21
9.01607142857143
 31
0.0
 13
0
 23
9.01607142857143
 14
62.6258928571429
 24
9.01607142857143
 33
0.0
 34
0.0
53
90
  0
DIMENSION
  8
2D_DIM
  2
*D1
  3
ROUTEDIM
  1
9.016
 10
62.6258928571429
 20
9.01607142857143
 30
0.0
 11
62.6258928571429
 21
4.50803571428571
 31
0
 13
62.6258928571429
 23
0
 14
62.6258928571429
 24
9.01607142857143
 50
90.0
53
0
 33
0.0
 34
0.0
  0
DIMENSION
  8
2D_DIM
  2
*D1
  3
ROUTEDIM
  1
62.481
 10
62.48125
 20
9.12857142857143
 30
0.0
 11
31.240625
 21
9.12857142857143
 31
0.0
 13
0
 23
9.12857142857143
 14
62.48125
 24
9.12857142857143
 33
0.0
 34
0.0
53
90
  0
DIMENSION
  8
2D_DIM
  2
*D1
  3
ROUTEDIM
  1
9.129
 10
62.48125
 20
9.12857142857143
 30
0.0
 11
62.48125
 21
4.56428571428571
 31
0
 13
62.48125
 23
0
 14
62.48125
 24
9.12857142857143
 50
90.0
53
0
 33
0.0
 34
0.0
  0
DIMENSION
  8
2D_DIM
  2
*D1
  3
ROUTEDIM
  1
62.5
 10
62.4999999878466
 20
8.99999998784662
 30
0.0
 11
31.2499999939233
 21
8.99999998784662
 31
0.0
 13
0
 23
8.99999998784662
 14
62.4999999878466
 24
8.99999998784662
 33
0.0
 34
0.0
53
90
  0
DIMENSION
  8
2D_DIM
  2
*D1
  3
ROUTEDIM
  1
9
 10
62.4999999878466
 20
8.99999998784662
 30
0.0
 11
62.4999999878466
 21
4.49999999392331
 31
0
 13
62.4999999878466
 23
0
 14
62.4999999878466
 24
8.99999998784662
 50
90.0
53
0
 33
0.0
 34
0.0
  0
DIMENSION
  8
2D_DIM
  2
*D1
  3
ROUTEDIM
  1
62.5
 10
62.5000000121534
 20
8.99999998784662
 30
0.0
 11
31.2500000060767
 21
8.99999998784662
 31
0.0
 13
0
 23
8.99999998784662
 14
62.5000000121534
 24
8.99999998784662
 33
0.0
 34
0.0
53
90
  0
DIMENSION
  8
2D_DIM
  2
*D1
  3
ROUTEDIM
  1
9
 10
62.5000000121534
 20
8.99999998784662
 30
0.0
 11
62.5000000121534
 21
4.49999999392331
 31
0
 13
62.5000000121534
 23
0
 14
62.5000000121534
 24
8.99999998784662
 50
90.0
53
0
 33
0.0
 34
0.0
  0
DIMENSION
  8
2D_DIM
  2
*D1
  3
ROUTEDIM
  1
62.5
 10
62.5000000121534
 20
9.00000001215338
 30
0.0
 11
31.2500000060767
 21
9.00000001215338
 31
0.0
 13
0
 23
9.00000001215338
 14
62.5000000121534
 24
9.00000001215338
 33
0.0
 34
0.0
53
90
  0
DIMENSION
  8
2D_DIM
  2
*D1
  3
ROUTEDIM
  1
9
 10
62.5000000121534
 20
9.00000001215338
 30
0.0
 11
62.5000000121534
 21
4.50000000607669
 31
0
 13
62.5000000121534
 23
0
 14
62.5000000121534
 24
9.00000001215338
 50
90.0
53
0
 33
0.0
 34
0.0
  0
DIMENSION
  8
2D_DIM
  2
*D1
  3
ROUTEDIM
  1
62.5
 10
62.4999999878466
 20
9.00000001215338
 30
0.0
 11
31.2499999939233
 21
9.00000001215338
 31
0.0
 13
0
 23
9.00000001215338
 14
62.4999999878466
 24
9.00000001215338
 33
0.0
 34
0.0
53
90
  0
DIMENSION
  8
2D_DIM
  2
*D1
  3
ROUTEDIM
  1
9
 10
62.4999999878466
 20
9.00000001215338
 30
0.0
 11
62.4999999878466
 21
4.50000000607669
 31
0
 13
62.4999999878466
 23
0
 14
62.4999999878466
 24
9.00000001215338
 50
90.0
53
0
 33
0.0
 34
0.0
  0
DIMENSION
  8
2D_DIM
  2
*D1
  3
ROUTEDIM
  1
62.5
 10
62.4999999878466
 20
8.99999998784662
 30
0.0
 11
31.2499999939233
 21
8.99999998784662
 31
0.0
 13
0
 23
8.99999998784662
 14
62.4999999878466
 24
8.99999998784662
 33
0.0
 34
0.0
53
90
  0
DIMENSION
  8
2D_DIM
  2
*D1
  3
ROUTEDIM
  1
9
 10
62.4999999878466
 20
8.99999998784662
 30
0.0
 11
62.4999999878466
 21
4.49999999392331
 31
0
 13
62.4999999878466
 23
0
 14
62.4999999878466
 24
8.99999998784662
 50
90.0
53
0
 33
0.0
 34
0.0
  0
DIMENSION
  8
2D_DIM
  2
*D1
  3
ROUTEDIM
  1
62.554
 10
62.5535714407248
 20
9.0535714168521
 30
0.0
 11
31.2767857203624
 21
9.0535714168521
 31
0.0
 13
0
 23
9.0535714168521
 14
62.5535714407248
 24
9.0535714168521
 33
0.0
 34
0.0
53
90
  0
DIMENSION
  8
2D_DIM
  2
*D1
  3
ROUTEDIM
  1
9.054
 10
62.5535714407248
 20
9.0535714168521
 30
0.0
 11
62.5535714407248
 21
4.52678570842605
 31
0
 13
62.5535714407248
 23
0
 14
62.5535714407248
 24
9.0535714168521
 50
90.0
53
0
 33
0.0
 34
0.0
  0
DIMENSION
  8
2D_DIM
  2
*D1
  3
ROUTEDIM
  1
72
 10
71.9999999982638
 20
28.9999999982638
 30
0.0
 11
35.9999999991319
 21
28.9999999982638
 31
0.0
 13
0
 23
28.9999999982638
 14
71.9999999982638
 24
28.9999999982638
 33
0.0
 34
0.0
53
90
  0
DIMENSION
  8
2D_DIM
  2
*D1
  3
ROUTEDIM
  1
29
 10
71.9999999982638
 20
28.9999999982638
 30
0.0
 11
71.9999999982638
 21
14.4999999991319
 31
0
 13
71.9999999982638
 23
0
 14
71.9999999982638
 24
28.9999999982638
 50
90.0
53
0
 33
0.0
 34
0.0
  0
DIMENSION
  8
2D_DIM
  2
*D1
  3
ROUTEDIM
  1
72
 10
72.0000000017362
 20
28.9999999982638
 30
0.0
 11
36.0000000008681
 21
28.9999999982638
 31
0.0
 13
0
 23
28.9999999982638
 14
72.0000000017362
 24
28.9999999982638
 33
0.0
 34
0.0
53
90
  0
DIMENSION
  8
2D_DIM
  2
*D1
  3
ROUTEDIM
  1
29
 10
72.0000000017362
 20
28.9999999982638
 30
0.0
 11
72.0000000017362
 21
14.4999999991319
 31
0
 13
72.0000000017362
 23
0
 14
72.0000000017362
 24
28.9999999982638
 50
90.0
53
0
 33
0.0
 34
0.0
  0
DIMENSION
  8
2D_DIM
  2
*D1
  3
ROUTEDIM
  1
72
 10
72.0000000017362
 20
29.0000000017362
 30
0.0
 11
36.0000000008681
 21
29.0000000017362
 31
0.0
 13
0
 23
29.0000000017362
 14
72.0000000017362
 24
29.0000000017362
 33
0.0
 34
0.0
53
90
  0
DIMENSION
  8
2D_DIM
  2
*D1
  3
ROUTEDIM
  1
29
 10
72.0000000017362
 20
29.0000000017362
 30
0.0
 11
72.0000000017362
 21
14.5000000008681
 31
0
 13
72.0000000017362
 23
0
 14
72.0000000017362
 24
29.0000000017362
 50
90.0
53
0
 33
0.0
 34
0.0
  0
DIMENSION
  8
2D_DIM
  2
*D1
  3
ROUTEDIM
  1
72.032
 10
72.0321428554067
 20
29.0321428591395
 30
0.0
 11
36.0160714277033
 21
29.0321428591395
 31
0.0
 13
0
 23
29.0321428591395
 14
72.0321428554067
 24
29.0321428591395
 33
0.0
 34
0.0
53
90
  0
DIMENSION
  8
2D_DIM
  2
*D1
  3
ROUTEDIM
  1
29.032
 10
72.0321428554067
 20
29.0321428591395
 30
0.0
 11
72.0321428554067
 21
14.5160714295697
 31
0
 13
72.0321428554067
 23
0
 14
72.0321428554067
 24
29.0321428591395
 50
90.0
53
0
 33
0.0
 34
0.0
  0
DIMENSION
  8
2D_DIM
  2
*D1
  3
ROUTEDIM
  1
71.965
 10
71.9651785714286
 20
29.0091071428571
 30
0.0
 11
35.9825892857143
 21
29.0091071428571
 31
0.0
 13
0
 23
29.0091071428571
 14
71.9651785714286
 24
29.0091071428571
 33
0.0
 34
0.0
53
90
  0
DIMENSION
  8
2D_DIM
  2
*D1
  3
ROUTEDIM
  1
29.009
 10
71.9651785714286
 20
29.0091071428571
 30
0.0
 11
71.9651785714286
 21
14.5045535714286
 31
0
 13
71.9651785714286
 23
0
 14
71.9651785714286
 24
29.0091071428571
 50
90.0
53
0
 33
0.0
 34
0.0
  0
DIMENSION
  8
2D_DIM
  2
*D1
  3
ROUTEDIM
  1
71.96
 10
71.9598214285714
 20
28.9303571428571
 30
0.0
 11
35.9799107142857
 21
28.9303571428571
 31
0.0
 13
0
 23
28.9303571428571
 14
71.9598214285714
 24
28.9303571428571
 33
0.0
 34
0.0
53
90
  0
DIMENSION
  8
2D_DIM
  2
*D1
  3
ROUTEDIM
  1
28.93
 10
71.9598214285714
 20
28.9303571428571
 30
0.0
 11
71.9598214285714
 21
14.4651785714286
 31
0
 13
71.9598214285714
 23
0
 14
71.9598214285714
 24
28.9303571428571
 50
90.0
53
0
 33
0.0
 34
0.0
  0
DIMENSION
  8
2D_DIM
  2
*D1
  3
ROUTEDIM
  1
72.072
 10
72.0723214285714
 20
28.9625
 30
0.0
 11
36.0361607142857
 21
28.9625
 31
0.0
 13
0
 23
28.9625
 14
72.0723214285714
 24
28.9625
 33
0.0
 34
0.0
53
90
  0
DIMENSION
  8
2D_DIM
  2
*D1
  3
ROUTEDIM
  1
28.962
 10
72.0723214285714
 20
28.9625
 30
0.0
 11
72.0723214285714
 21
14.48125
 31
0
 13
72.0723214285714
 23
0
 14
72.0723214285714
 24
28.9625
 50
90.0
53
0
 33
0.0
 34
0.0
  0
DIMENSION
  8
2D_DIM
  2
*D1
  3
ROUTEDIM
  1
72.035
 10
72.0348214285714
 20
29.075
 30
0.0
 11
36.0174107142857
 21
29.075
 31
0.0
 13
0
 23
29.075
 14
72.0348214285714
 24
29.075
 33
0.0
 34
0.0
53
90
  0
DIMENSION
  8
2D_DIM
  2
*D1
  3
ROUTEDIM
  1
29.075
 10
72.0348214285714
 20
29.075
 30
0.0
 11
72.0348214285714
 21
14.5375
 31
0
 13
72.0348214285714
 23
0
 14
72.0348214285714
 24
29.075
 50
90.0
53
0
 33
0.0
 34
0.0
  0
DIMENSION
  8
2D_DIM
  2
*D1
  3
ROUTEDIM
  1
71.922
 10
71.9223214285714
 20
29.0321428571429
 30
0.0
 11
35.9611607142857
 21
29.0321428571429
 31
0.0
 13
0
 23
29.0321428571429
 14
71.9223214285714
 24
29.0321428571429
 33
0.0
 34
0.0
53
90
  0
DIMENSION
  8
2D_DIM
  2
*D1
  3
ROUTEDIM
  1
29.032
 10
71.9223214285714
 20
29.0321428571429
 30
0.0
 11
71.9223214285714
 21
14.5160714285714
 31
0
 13
71.9223214285714
 23
0
 14
71.9223214285714
 24
29.0321428571429
 50
90.0
53
0
 33
0.0
 34
0.0
  0
DIMENSION
  8
2D_DIM
  2
*D1
  3
ROUTEDIM
  1
71.971
 10
71.9705357142857
 20
28.9196428571429
 30
0.0
 11
35.9852678571429
 21
28.9196428571429
 31
0.0
 13
0
 23
28.9196428571429
 14
71.9705357142857
 24
28.9196428571429
 33
0.0
 34
0.0
53
90
  0
DIMENSION
  8
2D_DIM
  2
*D1
  3
ROUTEDIM
  1
28.92
 10
71.9705357142857
 20
28.9196428571429
 30
0.0
 11
71.9705357142857
 21
14.4598214285714
 31
0
 13
71.9705357142857
 23
0
 14
71.9705357142857
 24
28.9196428571429
 50
90.0
53
0
 33
0.0
 34
0.0
  0
DIMENSION
  8
2D_DIM
  2
*D1
  3
ROUTEDIM
  1
72.083
 10
72.0830357142857
 20
28.9732142857143
 30
0.0
 11
36.0415178571429
 21
28.9732142857143
 31
0.0
 13
0
 23
28.9732142857143
 14
72.0830357142857
 24
28.9732142857143
 33
0.0
 34
0.0
53
90
  0
DIMENSION
  8
2D_DIM
  2
*D1
  3
ROUTEDIM
  1
28.973
 10
72.0830357142857
 20
28.9732142857143
 30
0.0
 11
72.0830357142857
 21
14.4866071428571
 31
0
 13
72.0830357142857
 23
0
 14
72.0830357142857
 24
28.9732142857143
 50
90.0
53
0
 33
0.0
 34
0.0
  0
DIMENSION
  8
2D_DIM
  2
*D1
  3
ROUTEDIM
  1
72.024
 10
72.0241071428571
 20
29.0857142857143
 30
0.0
 11
36.0120535714286
 21
29.0857142857143
 31
0.0
 13
0
 23
29.0857142857143
 14
72.0241071428571
 24
29.0857142857143
 33
0.0
 34
0.0
53
90
  0
DIMENSION
  8
2D_DIM
  2
*D1
  3
ROUTEDIM
  1
29.086
 10
72.0241071428571
 20
29.0857142857143
 30
0.0
 11
72.0241071428571
 21
14.5428571428571
 31
0
 13
72.0241071428571
 23
0
 14
72.0241071428571
 24
29.0857142857143
 50
90.0
53
0
 33
0.0
 34
0.0
  0
DIMENSION
  8
2D_DIM
  2
*D1
  3
ROUTEDIM
  1
71.912
 10
71.9116071428571
 20
29.0214285714286
 30
0.0
 11
35.9558035714286
 21
29.0214285714286
 31
0.0
 13
0
 23
29.0214285714286
 14
71.9116071428571
 24
29.0214285714286
 33
0.0
 34
0.0
53
90
  0
DIMENSION
  8
2D_DIM
  2
*D1
  3
ROUTEDIM
  1
29.021
 10
71.9116071428571
 20
29.0214285714286
 30
0.0
 11
71.9116071428571
 21
14.5107142857143
 31
0
 13
71.9116071428571
 23
0
 14
71.9116071428571
 24
29.0214285714286
 50
90.0
53
0
 33
0.0
 34
0.0
  0
DIMENSION
  8
2D_DIM
  2
*D1
  3
ROUTEDIM
  1
71.981
 10
71.98125
 20
28.9089285714286
 30
0.0
 11
35.990625
 21
28.9089285714286
 31
0.0
 13
0
 23
28.9089285714286
 14
71.98125
 24
28.9089285714286
 33
0.0
 34
0.0
53
90
  0
DIMENSION
  8
2D_DIM
  2
*D1
  3
ROUTEDIM
  1
28.909
 10
71.98125
 20
28.9089285714286
 30
0.0
 11
71.98125
 21
14.4544642857143
 31
0
 13
71.98125
 23
0
 14
71.98125
 24
28.9089285714286
 50
90.0
53
0
 33
0.0
 34
0.0
  0
DIMENSION
  8
2D_DIM
  2
*D1
  3
ROUTEDIM
  1
72.094
 10
72.09375
 20
28.9839285714286
 30
0.0
 11
36.046875
 21
28.9839285714286
 31
0.0
 13
0
 23
28.9839285714286
 14
72.09375
 24
28.9839285714286
 33
0.0
 34
0.0
53
90
  0
DIMENSION
  8
2D_DIM
  2
*D1
  3
ROUTEDIM
  1
28.984
 10
72.09375
 20
28.9839285714286
 30
0.0
 11
72.09375
 21
14.4919642857143
 31
0
 13
72.09375
 23
0
 14
72.09375
 24
28.9839285714286
 50
90.0
53
0
 33
0.0
 34
0.0
  0
DIMENSION
  8
2D_DIM
  2
*D1
  3
ROUTEDIM
  1
72.013
 10
72.0133928571429
 20
29.0964285714286
 30
0.0
 11
36.0066964285714
 21
29.0964285714286
 31
0.0
 13
0
 23
29.0964285714286
 14
72.0133928571429
 24
29.0964285714286
 33
0.0
 34
0.0
53
90
  0
DIMENSION
  8
2D_DIM
  2
*D1
  3
ROUTEDIM
  1
29.096
 10
72.0133928571429
 20
29.0964285714286
 30
0.0
 11
72.0133928571429
 21
14.5482142857143
 31
0
 13
72.0133928571429
 23
0
 14
72.0133928571429
 24
29.0964285714286
 50
90.0
53
0
 33
0.0
 34
0.0
  0
DIMENSION
  8
2D_DIM
  2
*D1
  3
ROUTEDIM
  1
71.901
 10
71.9008928571429
 20
29.0107142857143
 30
0.0
 11
35.9504464285714
 21
29.0107142857143
 31
0.0
 13
0
 23
29.0107142857143
 14
71.9008928571429
 24
29.0107142857143
 33
0.0
 34
0.0
53
90
  0
DIMENSION
  8
2D_DIM
  2
*D1
  3
ROUTEDIM
  1
29.011
 10
71.9008928571429
 20
29.0107142857143
 30
0.0
 11
71.9008928571429
 21
14.5053571428571
 31
0
 13
71.9008928571429
 23
0
 14
71.9008928571429
 24
29.0107142857143
 50
90.0
53
0
 33
0.0
 34
0.0
  0
DIMENSION
  8
2D_DIM
  2
*D1
  3
ROUTEDIM
  1
71.992
 10
71.9919642857143
 20
28.8982142857143
 30
0.0
 11
35.9959821428571
 21
28.8982142857143
 31
0.0
 13
0
 23
28.8982142857143
 14
71.9919642857143
 24
28.8982142857143
 33
0.0
 34
0.0
53
90
  0
DIMENSION
  8
2D_DIM
  2
*D1
  3
ROUTEDIM
  1
28.898
 10
71.9919642857143
 20
28.8982142857143
 30
0.0
 11
71.9919642857143
 21
14.4491071428571
 31
0
 13
71.9919642857143
 23
0
 14
71.9919642857143
 24
28.8982142857143
 50
90.0
53
0
 33
0.0
 34
0.0
  0
DIMENSION
  8
2D_DIM
  2
*D1
  3
ROUTEDIM
  1
72.104
 10
72.1044642857143
 20
28.9946428571428
 30
0.0
 11
36.0522321428572
 21
28.9946428571428
 31
0.0
 13
0
 23
28.9946428571428
 14
72.1044642857143
 24
28.9946428571428
 33
0.0
 34
0.0
53
90
  0
DIMENSION
  8
2D_DIM
  2
*D1
  3
ROUTEDIM
  1
28.995
 10
72.1044642857143
 20
28.9946428571428
 30
0.0
 11
72.1044642857143
 21
14.4973214285714
 31
0
 13
72.1044642857143
 23
0
 14
72.1044642857143
 24
28.9946428571428
 50
90.0
53
0
 33
0.0
 34
0.0
  0
DIMENSION
  8
2D_DIM
  2
*D1
  3
ROUTEDIM
  1
72.003
 10
72.0026785714286
 20
29.1071428571429
 30
0.0
 11
36.0013392857143
 21
29.1071428571429
 31
0.0
 13
0
 23
29.1071428571429
 14
72.0026785714286
 24
29.1071428571429
 33
0.0
 34
0.0
53
90
  0
DIMENSION
  8
2D_DIM
  2
*D1
  3
ROUTEDIM
  1
29.107
 10
72.0026785714286
 20
29.1071428571429
 30
0.0
 11
72.0026785714286
 21
14.5535714285714
 31
0
 13
72.0026785714286
 23
0
 14
72.0026785714286
 24
29.1071428571429
 50
90.0
53
0
 33
0.0
 34
0.0
  0
DIMENSION
  8
2D_DIM
  2
*D1
  3
ROUTEDIM
  1
71.89
 10
71.8901785714286
 20
29
 30
0.0
 11
35.9450892857143
 21
29
 31
0.0
 13
0
 23
29
 14
71.8901785714286
 24
29
 33
0.0
 34
0.0
53
90
  0
DIMENSION
  8
2D_DIM
  2
*D1
  3
ROUTEDIM
  1
29
 10
71.8901785714286
 20
29
 30
0.0
 11
71.8901785714286
 21
14.5
 31
0
 13
71.8901785714286
 23
0
 14
71.8901785714286
 24
29
 50
90.0
53
0
 33
0.0
 34
0.0
  0
DIMENSION
  8
2D_DIM
  2
*D1
  3
ROUTEDIM
  1
72.003
 10
72.0026785714286
 20
28.8875
 30
0.0
 11
36.0013392857143
 21
28.8875
 31
0.0
 13
0
 23
28.8875
 14
72.0026785714286
 24
28.8875
 33
0.0
 34
0.0
53
90
  0
DIMENSION
  8
2D_DIM
  2
*D1
  3
ROUTEDIM
  1
28.888
 10
72.0026785714286
 20
28.8875
 30
0.0
 11
72.0026785714286
 21
14.44375
 31
0
 13
72.0026785714286
 23
0
 14
72.0026785714286
 24
28.8875
 50
90.0
53
0
 33
0.0
 34
0.0
  0
DIMENSION
  8
2D_DIM
  2
*D1
  3
ROUTEDIM
  1
72.115
 10
72.1151785714286
 20
29.0053571428571
 30
0.0
 11
36.0575892857143
 21
29.0053571428571
 31
0.0
 13
0
 23
29.0053571428571
 14
72.1151785714286
 24
29.0053571428571
 33
0.0
 34
0.0
53
90
  0
DIMENSION
  8
2D_DIM
  2
*D1
  3
ROUTEDIM
  1
29.005
 10
72.1151785714286
 20
29.0053571428571
 30
0.0
 11
72.1151785714286
 21
14.5026785714286
 31
0
 13
72.1151785714286
 23
0
 14
72.1151785714286
 24
29.0053571428571
 50
90.0
53
0
 33
0.0
 34
0.0
  0
DIMENSION
  8
2D_DIM
  2
*D1
  3
ROUTEDIM
  1
71.992
 10
71.9919642857143
 20
29.1178571428571
 30
0.0
 11
35.9959821428571
 21
29.1178571428571
 31
0.0
 13
0
 23
29.1178571428571
 14
71.9919642857143
 24
29.1178571428571
 33
0.0
 34
0.0
53
90
  0
DIMENSION
  8
2D_DIM
  2
*D1
  3
ROUTEDIM
  1
29.118
 10
71.9919642857143
 20
29.1178571428571
 30
0.0
 11
71.9919642857143
 21
14.5589285714286
 31
0
 13
71.9919642857143
 23
0
 14
71.9919642857143
 24
29.1178571428571
 50
90.0
53
0
 33
0.0
 34
0.0
  0
DIMENSION
  8
2D_DIM
  2
*D1
  3
ROUTEDIM
  1
71.879
 10
71.8794642857143
 20
28.9892857142857
 30
0.0
 11
35.9397321428571
 21
28.9892857142857
 31
0.0
 13
0
 23
28.9892857142857
 14
71.8794642857143
 24
28.9892857142857
 33
0.0
 34
0.0
53
90
  0
DIMENSION
  8
2D_DIM
  2
*D1
  3
ROUTEDIM
  1
28.989
 10
71.8794642857143
 20
28.9892857142857
 30
0.0
 11
71.8794642857143
 21
14.4946428571429
 31
0
 13
71.8794642857143
 23
0
 14
71.8794642857143
 24
28.9892857142857
 50
90.0
53
0
 33
0.0
 34
0.0
  0
DIMENSION
  8
2D_DIM
  2
*D1
  3
ROUTEDIM
  1
72.013
 10
72.0133928571429
 20
28.8767857142857
 30
0.0
 11
36.0066964285714
 21
28.8767857142857
 31
0.0
 13
0
 23
28.8767857142857
 14
72.0133928571429
 24
28.8767857142857
 33
0.0
 34
0.0
53
90
  0
DIMENSION
  8
2D_DIM
  2
*D1
  3
ROUTEDIM
  1
28.877
 10
72.0133928571429
 20
28.8767857142857
 30
0.0
 11
72.0133928571429
 21
14.4383928571429
 31
0
 13
72.0133928571429
 23
0
 14
72.0133928571429
 24
28.8767857142857
 50
90.0
53
0
 33
0.0
 34
0.0
  0
DIMENSION
  8
2D_DIM
  2
*D1
  3
ROUTEDIM
  1
72.126
 10
72.1258928571429
 20
29.0160714285714
 30
0.0
 11
36.0629464285714
 21
29.0160714285714
 31
0.0
 13
0
 23
29.0160714285714
 14
72.1258928571429
 24
29.0160714285714
 33
0.0
 34
0.0
53
90
  0
DIMENSION
  8
2D_DIM
  2
*D1
  3
ROUTEDIM
  1
29.016
 10
72.1258928571429
 20
29.0160714285714
 30
0.0
 11
72.1258928571429
 21
14.5080357142857
 31
0
 13
72.1258928571429
 23
0
 14
72.1258928571429
 24
29.0160714285714
 50
90.0
53
0
 33
0.0
 34
0.0
  0
DIMENSION
  8
2D_DIM
  2
*D1
  3
ROUTEDIM
  1
71.981
 10
71.98125
 20
29.1285714285714
 30
0.0
 11
35.990625
 21
29.1285714285714
 31
0.0
 13
0
 23
29.1285714285714
 14
71.98125
 24
29.1285714285714
 33
0.0
 34
0.0
53
90
  0
DIMENSION
  8
2D_DIM
  2
*D1
  3
ROUTEDIM
  1
29.129
 10
71.98125
 20
29.1285714285714
 30
0.0
 11
71.98125
 21
14.5642857142857
 31
0
 13
71.98125
 23
0
 14
71.98125
 24
29.1285714285714
 50
90.0
53
0
 33
0.0
 34
0.0
  0
DIMENSION
  8
2D_DIM
  2
*D1
  3
ROUTEDIM
  1
72
 10
71.9999999878466
 20
28.9999999878466
 30
0.0
 11
35.9999999939233
 21
28.9999999878466
 31
0.0
 13
0
 23
28.9999999878466
 14
71.9999999878466
 24
28.9999999878466
 33
0.0
 34
0.0
53
90
  0
DIMENSION
  8
2D_DIM
  2
*D1
  3
ROUTEDIM
  1
29
 10
71.9999999878466
 20
28.9999999878466
 30
0.0
 11
71.9999999878466
 21
14.4999999939233
 31
0
 13
71.9999999878466
 23
0
 14
71.9999999878466
 24
28.9999999878466
 50
90.0
53
0
 33
0.0
 34
0.0
  0
DIMENSION
  8
2D_DIM
  2
*D1
  3
ROUTEDIM
  1
72
 10
72.0000000121534
 20
28.9999999878466
 30
0.0
 11
36.0000000060767
 21
28.9999999878466
 31
0.0
 13
0
 23
28.9999999878466
 14
72.0000000121534
 24
28.9999999878466
 33
0.0
 34
0.0
53
90
  0
DIMENSION
  8
2D_DIM
  2
*D1
  3
ROUTEDIM
  1
29
 10
72.0000000121534
 20
28.9999999878466
 30
0.0
 11
72.0000000121534
 21
14.4999999939233
 31
0
 13
72.0000000121534
 23
0
 14
72.0000000121534
 24
28.9999999878466
 50
90.0
53
0
 33
0.0
 34
0.0
  0
DIMENSION
  8
2D_DIM
  2
*D1
  3
ROUTEDIM
  1
72
 10
72.0000000121534
 20
29.0000000121534
 30
0.0
 11
36.0000000060767
 21
29.0000000121534
 31
0.0
 13
0
 23
29.0000000121534
 14
72.0000000121534
 24
29.0000000121534
 33
0.0
 34
0.0
53
90
  0
DIMENSION
  8
2D_DIM
  2
*D1
  3
ROUTEDIM
  1
29
 10
72.0000000121534
 20
29.0000000121534
 30
0.0
 11
72.0000000121534
 21
14.5000000060767
 31
0
 13
72.0000000121534
 23
0
 14
72.0000000121534
 24
29.0000000121534
 50
90.0
53
0
 33
0.0
 34
0.0
  0
DIMENSION
  8
2D_DIM
  2
*D1
  3
ROUTEDIM
  1
72
 10
71.9999999878466
 20
29.0000000121534
 30
0.0
 11
35.9999999939233
 21
29.0000000121534
 31
0.0
 13
0
 23
29.0000000121534
 14
71.9999999878466
 24
29.0000000121534
 33
0.0
 34
0.0
53
90
  0
DIMENSION
  8
2D_DIM
  2
*D1
  3
ROUTEDIM
  1
29
 10
71.9999999878466
 20
29.0000000121534
 30
0.0
 11
71.9999999878466
 21
14.5000000060767
 31
0
 13
71.9999999878466
 23
0
 14
71.9999999878466
 24
29.0000000121534
 50
90.0
53
0
 33
0.0
 34
0.0
  0
DIMENSION
  8
2D_DIM
  2
*D1
  3
ROUTEDIM
  1
72
 10
71.9999999878466
 20
28.9999999878466
 30
0.0
 11
35.9999999939233
 21
28.9999999878466
 31
0.0
 13
0
 23
28.9999999878466
 14
71.9999999878466
 24
28.9999999878466
 33
0.0
 34
0.0
53
90
  0
DIMENSION
  8
2D_DIM
  2
*D1
  3
ROUTEDIM
  1
29
 10
71.9999999878466
 20
28.9999999878466
 30
0.0
 11
71.9999999878466
 21
14.4999999939233
 31
0
 13
71.9999999878466
 23
0
 14
71.9999999878466
 24
28.9999999878466
 50
90.0
53
0
 33
0.0
 34
0.0
  0
DIMENSION
  8
2D_DIM
  2
*D1
  3
ROUTEDIM
  1
72.054
 10
72.0535714407248
 20
29.0535714168521
 30
0.0
 11
36.0267857203624
 21
29.0535714168521
 31
0.0
 13
0
 23
29.0535714168521
 14
72.0535714407248
 24
29.0535714168521
 33
0.0
 34
0.0
53
90
  0
DIMENSION
  8
2D_DIM
  2
*D1
  3
ROUTEDIM
  1
29.054
 10
72.0535714407248
 20
29.0535714168521
 30
0.0
 11
72.0535714407248
 21
14.526785708426
 31
0
 13
72.0535714407248
 23
0
 14
72.0535714407248
 24
29.0535714168521
 50
90.0
53
0
 33
0.0
 34
0.0
  0
DIMENSION
  8
2D_DIM
  2
*D1
  3
ROUTEDIM
  1
47.379
 10
47.3791999982638
 20
43.1275799982638
 30
0.0
 11
23.6895999991319
 21
43.1275799982638
 31
0.0
 13
0
 23
43.1275799982638
 14
47.3791999982638
 24
43.1275799982638
 33
0.0
 34
0.0
53
90
  0
DIMENSION
  8
2D_DIM
  2
*D1
  3
ROUTEDIM
  1
43.128
 10
47.3791999982638
 20
43.1275799982638
 30
0.0
 11
47.3791999982638
 21
21.5637899991319
 31
0
 13
47.3791999982638
 23
0
 14
47.3791999982638
 24
43.1275799982638
 50
90.0
53
0
 33
0.0
 34
0.0
  0
DIMENSION
  8
2D_DIM
  2
*D1
  3
ROUTEDIM
  1
47.379
 10
47.3792000017362
 20
43.1275799982638
 30
0.0
 11
23.6896000008681
 21
43.1275799982638
 31
0.0
 13
0
 23
43.1275799982638
 14
47.3792000017362
 24
43.1275799982638
 33
0.0
 34
0.0
53
90
  0
DIMENSION
  8
2D_DIM
  2
*D1
  3
ROUTEDIM
  1
43.128
 10
47.3792000017362
 20
43.1275799982638
 30
0.0
 11
47.3792000017362
 21
21.5637899991319
 31
0
 13
47.3792000017362
 23
0
 14
47.3792000017362
 24
43.1275799982638
 50
90.0
53
0
 33
0.0
 34
0.0
  0
DIMENSION
  8
2D_DIM
  2
*D1
  3
ROUTEDIM
  1
47.379
 10
47.3792000017362
 20
43.1275800017362
 30
0.0
 11
23.6896000008681
 21
43.1275800017362
 31
0.0
 13
0
 23
43.1275800017362
 14
47.3792000017362
 24
43.1275800017362
 33
0.0
 34
0.0
53
90
  0
DIMENSION
  8
2D_DIM
  2
*D1
  3
ROUTEDIM
  1
43.128
 10
47.3792000017362
 20
43.1275800017362
 30
0.0
 11
47.3792000017362
 21
21.5637900008681
 31
0
 13
47.3792000017362
 23
0
 14
47.3792000017362
 24
43.1275800017362
 50
90.0
53
0
 33
0.0
 34
0.0
  0
DIMENSION
  8
2D_DIM
  2
*D1
  3
ROUTEDIM
  1
47.411
 10
47.4113428554067
 20
43.1597228591395
 30
0.0
 11
23.7056714277033
 21
43.1597228591395
 31
0.0
 13
0
 23
43.1597228591395
 14
47.4113428554067
 24
43.1597228591395
 33
0.0
 34
0.0
53
90
  0
DIMENSION
  8
2D_DIM
  2
*D1
  3
ROUTEDIM
  1
43.16
 10
47.4113428554067
 20
43.1597228591395
 30
0.0
 11
47.4113428554067
 21
21.5798614295697
 31
0
 13
47.4113428554067
 23
0
 14
47.4113428554067
 24
43.1597228591395
 50
90.0
53
0
 33
0.0
 34
0.0
  0
DIMENSION
  8
2D_DIM
  2
*D1
  3
ROUTEDIM
  1
47.344
 10
47.3443785714286
 20
43.1366871428571
 30
0.0
 11
23.6721892857143
 21
43.1366871428571
 31
0.0
 13
0
 23
43.1366871428571
 14
47.3443785714286
 24
43.1366871428571
 33
0.0
 34
0.0
53
90
  0
DIMENSION
  8
2D_DIM
  2
*D1
  3
ROUTEDIM
  1
43.137
 10
47.3443785714286
 20
43.1366871428571
 30
0.0
 11
47.3443785714286
 21
21.5683435714286
 31
0
 13
47.3443785714286
 23
0
 14
47.3443785714286
 24
43.1366871428571
 50
90.0
53
0
 33
0.0
 34
0.0
  0
DIMENSION
  8
2D_DIM
  2
*D1
  3
ROUTEDIM
  1
47.339
 10
47.3390214285714
 20
43.0579371428571
 30
0.0
 11
23.6695107142857
 21
43.0579371428571
 31
0.0
 13
0
 23
43.0579371428571
 14
47.3390214285714
 24
43.0579371428571
 33
0.0
 34
0.0
53
90
  0
DIMENSION
  8
2D_DIM
  2
*D1
  3
ROUTEDIM
  1
43.058
 10
47.3390214285714
 20
43.0579371428571
 30
0.0
 11
47.3390214285714
 21
21.5289685714286
 31
0
 13
47.3390214285714
 23
0
 14
47.3390214285714
 24
43.0579371428571
 50
90.0
53
0
 33
0.0
 34
0.0
  0
DIMENSION
  8
2D_DIM
  2
*D1
  3
ROUTEDIM
  1
47.452
 10
47.4515214285714
 20
43.09008
 30
0.0
 11
23.7257607142857
 21
43.09008
 31
0.0
 13
0
 23
43.09008
 14
47.4515214285714
 24
43.09008
 33
0.0
 34
0.0
53
90
  0
DIMENSION
  8
2D_DIM
  2
*D1
  3
ROUTEDIM
  1
43.09
 10
47.4515214285714
 20
43.09008
 30
0.0
 11
47.4515214285714
 21
21.54504
 31
0
 13
47.4515214285714
 23
0
 14
47.4515214285714
 24
43.09008
 50
90.0
53
0
 33
0.0
 34
0.0
  0
DIMENSION
  8
2D_DIM
  2
*D1
  3
ROUTEDIM
  1
47.414
 10
47.4140214285714
 20
43.20258
 30
0.0
 11
23.7070107142857
 21
43.20258
 31
0.0
 13
0
 23
43.20258
 14
47.4140214285714
 24
43.20258
 33
0.0
 34
0.0
53
90
  0
DIMENSION
  8
2D_DIM
  2
*D1
  3
ROUTEDIM
  1
43.203
 10
47.4140214285714
 20
43.20258
 30
0.0
 11
47.4140214285714
 21
21.60129
 31
0
 13
47.4140214285714
 23
0
 14
47.4140214285714
 24
43.20258
 50
90.0
53
0
 33
0.0
 34
0.0
  0
DIMENSION
  8
2D_DIM
  2
*D1
  3
ROUTEDIM
  1
47.302
 10
47.3015214285714
 20
43.1597228571429
 30
0.0
 11
23.6507607142857
 21
43.1597228571429
 31
0.0
 13
0
 23
43.1597228571429
 14
47.3015214285714
 24
43.1597228571429
 33
0.0
 34
0.0
53
90
  0
DIMENSION
  8
2D_DIM
  2
*D1
  3
ROUTEDIM
  1
43.16
 10
47.3015214285714
 20
43.1597228571429
 30
0.0
 11
47.3015214285714
 21
21.5798614285714
 31
0
 13
47.3015214285714
 23
0
 14
47.3015214285714
 24
43.1597228571429
 50
90.0
53
0
 33
0.0
 34
0.0
  0
DIMENSION
  8
2D_DIM
  2
*D1
  3
ROUTEDIM
  1
47.35
 10
47.3497357142857
 20
43.0472228571429
 30
0.0
 11
23.6748678571429
 21
43.0472228571429
 31
0.0
 13
0
 23
43.0472228571429
 14
47.3497357142857
 24
43.0472228571429
 33
0.0
 34
0.0
53
90
  0
DIMENSION
  8
2D_DIM
  2
*D1
  3
ROUTEDIM
  1
43.047
 10
47.3497357142857
 20
43.0472228571429
 30
0.0
 11
47.3497357142857
 21
21.5236114285714
 31
0
 13
47.3497357142857
 23
0
 14
47.3497357142857
 24
43.0472228571429
 50
90.0
53
0
 33
0.0
 34
0.0
  0
DIMENSION
  8
2D_DIM
  2
*D1
  3
ROUTEDIM
  1
47.462
 10
47.4622357142857
 20
43.1007942857143
 30
0.0
 11
23.7311178571429
 21
43.1007942857143
 31
0.0
 13
0
 23
43.1007942857143
 14
47.4622357142857
 24
43.1007942857143
 33
0.0
 34
0.0
53
90
  0
DIMENSION
  8
2D_DIM
  2
*D1
  3
ROUTEDIM
  1
43.101
 10
47.4622357142857
 20
43.1007942857143
 30
0.0
 11
47.4622357142857
 21
21.5503971428571
 31
0
 13
47.4622357142857
 23
0
 14
47.4622357142857
 24
43.1007942857143
 50
90.0
53
0
 33
0.0
 34
0.0
  0
DIMENSION
  8
2D_DIM
  2
*D1
  3
ROUTEDIM
  1
47.403
 10
47.4033071428571
 20
43.2132942857143
 30
0.0
 11
23.7016535714286
 21
43.2132942857143
 31
0.0
 13
0
 23
43.2132942857143
 14
47.4033071428571
 24
43.2132942857143
 33
0.0
 34
0.0
53
90
  0
DIMENSION
  8
2D_DIM
  2
*D1
  3
ROUTEDIM
  1
43.213
 10
47.4033071428571
 20
43.2132942857143
 30
0.0
 11
47.4033071428571
 21
21.6066471428571
 31
0
 13
47.4033071428571
 23
0
 14
47.4033071428571
 24
43.2132942857143
 50
90.0
53
0
 33
0.0
 34
0.0
  0
DIMENSION
  8
2D_DIM
  2
*D1
  3
ROUTEDIM
  1
47.291
 10
47.2908071428571
 20
43.1490085714286
 30
0.0
 11
23.6454035714286
 21
43.1490085714286
 31
0.0
 13
0
 23
43.1490085714286
 14
47.2908071428571
 24
43.1490085714286
 33
0.0
 34
0.0
53
90
  0
DIMENSION
  8
2D_DIM
  2
*D1
  3
ROUTEDIM
  1
43.149
 10
47.2908071428571
 20
43.1490085714286
 30
0.0
 11
47.2908071428571
 21
21.5745042857143
 31
0
 13
47.2908071428571
 23
0
 14
47.2908071428571
 24
43.1490085714286
 50
90.0
53
0
 33
0.0
 34
0.0
  0
DIMENSION
  8
2D_DIM
  2
*D1
  3
ROUTEDIM
  1
47.36
 10
47.36045
 20
43.0365085714286
 30
0.0
 11
23.680225
 21
43.0365085714286
 31
0.0
 13
0
 23
43.0365085714286
 14
47.36045
 24
43.0365085714286
 33
0.0
 34
0.0
53
90
  0
DIMENSION
  8
2D_DIM
  2
*D1
  3
ROUTEDIM
  1
43.037
 10
47.36045
 20
43.0365085714286
 30
0.0
 11
47.36045
 21
21.5182542857143
 31
0
 13
47.36045
 23
0
 14
47.36045
 24
43.0365085714286
 50
90.0
53
0
 33
0.0
 34
0.0
  0
DIMENSION
  8
2D_DIM
  2
*D1
  3
ROUTEDIM
  1
47.473
 10
47.47295
 20
43.1115085714286
 30
0.0
 11
23.736475
 21
43.1115085714286
 31
0.0
 13
0
 23
43.1115085714286
 14
47.47295
 24
43.1115085714286
 33
0.0
 34
0.0
53
90
  0
DIMENSION
  8
2D_DIM
  2
*D1
  3
ROUTEDIM
  1
43.112
 10
47.47295
 20
43.1115085714286
 30
0.0
 11
47.47295
 21
21.5557542857143
 31
0
 13
47.47295
 23
0
 14
47.47295
 24
43.1115085714286
 50
90.0
53
0
 33
0.0
 34
0.0
  0
DIMENSION
  8
2D_DIM
  2
*D1
  3
ROUTEDIM
  1
47.393
 10
47.3925928571429
 20
43.2240085714286
 30
0.0
 11
23.6962964285714
 21
43.2240085714286
 31
0.0
 13
0
 23
43.2240085714286
 14
47.3925928571429
 24
43.2240085714286
 33
0.0
 34
0.0
53
90
  0
DIMENSION
  8
2D_DIM
  2
*D1
  3
ROUTEDIM
  1
43.224
 10
47.3925928571429
 20
43.2240085714286
 30
0.0
 11
47.3925928571429
 21
21.6120042857143
 31
0
 13
47.3925928571429
 23
0
 14
47.3925928571429
 24
43.2240085714286
 50
90.0
53
0
 33
0.0
 34
0.0
  0
DIMENSION
  8
2D_DIM
  2
*D1
  3
ROUTEDIM
  1
47.28
 10
47.2800928571429
 20
43.1382942857143
 30
0.0
 11
23.6400464285714
 21
43.1382942857143
 31
0.0
 13
0
 23
43.1382942857143
 14
47.2800928571429
 24
43.1382942857143
 33
0.0
 34
0.0
53
90
  0
DIMENSION
  8
2D_DIM
  2
*D1
  3
ROUTEDIM
  1
43.138
 10
47.2800928571429
 20
43.1382942857143
 30
0.0
 11
47.2800928571429
 21
21.5691471428571
 31
0
 13
47.2800928571429
 23
0
 14
47.2800928571429
 24
43.1382942857143
 50
90.0
53
0
 33
0.0
 34
0.0
  0
DIMENSION
  8
2D_DIM
  2
*D1
  3
ROUTEDIM
  1
47.371
 10
47.3711642857143
 20
43.0257942857143
 30
0.0
 11
23.6855821428571
 21
43.0257942857143
 31
0.0
 13
0
 23
43.0257942857143
 14
47.3711642857143
 24
43.0257942857143
 33
0.0
 34
0.0
53
90
  0
DIMENSION
  8
2D_DIM
  2
*D1
  3
ROUTEDIM
  1
43.026
 10
47.3711642857143
 20
43.0257942857143
 30
0.0
 11
47.3711642857143
 21
21.5128971428571
 31
0
 13
47.3711642857143
 23
0
 14
47.3711642857143
 24
43.0257942857143
 50
90.0
53
0
 33
0.0
 34
0.0
  0
DIMENSION
  8
2D_DIM
  2
*D1
  3
ROUTEDIM
  1
47.484
 10
47.4836642857143
 20
43.1222228571429
 30
0.0
 11
23.7418321428571
 21
43.1222228571429
 31
0.0
 13
0
 23
43.1222228571429
 14
47.4836642857143
 24
43.1222228571429
 33
0.0
 34
0.0
53
90
  0
DIMENSION
  8
2D_DIM
  2
*D1
  3
ROUTEDIM
  1
43.122
 10
47.4836642857143
 20
43.1222228571429
 30
0.0
 11
47.4836642857143
 21
21.5611114285714
 31
0
 13
47.4836642857143
 23
0
 14
47.4836642857143
 24
43.1222228571429
 50
90.0
53
0
 33
0.0
 34
0.0
  0
DIMENSION
  8
2D_DIM
  2
*D1
  3
ROUTEDIM
  1
47.382
 10
47.3818785714286
 20
43.2347228571429
 30
0.0
 11
23.6909392857143
 21
43.2347228571429
 31
0.0
 13
0
 23
43.2347228571429
 14
47.3818785714286
 24
43.2347228571429
 33
0.0
 34
0.0
53
90
  0
DIMENSION
  8
2D_DIM
  2
*D1
  3
ROUTEDIM
  1
43.235
 10
47.3818785714286
 20
43.2347228571429
 30
0.0
 11
47.3818785714286
 21
21.6173614285714
 31
0
 13
47.3818785714286
 23
0
 14
47.3818785714286
 24
43.2347228571429
 50
90.0
53
0
 33
0.0
 34
0.0
  0
DIMENSION
  8
2D_DIM
  2
*D1
  3
ROUTEDIM
  1
47.269
 10
47.2693785714286
 20
43.12758
 30
0.0
 11
23.6346892857143
 21
43.12758
 31
0.0
 13
0
 23
43.12758
 14
47.2693785714286
 24
43.12758
 33
0.0
 34
0.0
53
90
  0
DIMENSION
  8
2D_DIM
  2
*D1
  3
ROUTEDIM
  1
43.128
 10
47.2693785714286
 20
43.12758
 30
0.0
 11
47.2693785714286
 21
21.56379
 31
0
 13
47.2693785714286
 23
0
 14
47.2693785714286
 24
43.12758
 50
90.0
53
0
 33
0.0
 34
0.0
  0
DIMENSION
  8
2D_DIM
  2
*D1
  3
ROUTEDIM
  1
47.382
 10
47.3818785714286
 20
43.01508
 30
0.0
 11
23.6909392857143
 21
43.01508
 31
0.0
 13
0
 23
43.01508
 14
47.3818785714286
 24
43.01508
 33
0.0
 34
0.0
53
90
  0
DIMENSION
  8
2D_DIM
  2
*D1
  3
ROUTEDIM
  1
43.015
 10
47.3818785714286
 20
43.01508
 30
0.0
 11
47.3818785714286
 21
21.50754
 31
0
 13
47.3818785714286
 23
0
 14
47.3818785714286
 24
43.01508
 50
90.0
53
0
 33
0.0
 34
0.0
  0
DIMENSION
  8
2D_DIM
  2
*D1
  3
ROUTEDIM
  1
47.494
 10
47.4943785714286
 20
43.1329371428571
 30
0.0
 11
23.7471892857143
 21
43.1329371428571
 31
0.0
 13
0
 23
43.1329371428571
 14
47.4943785714286
 24
43.1329371428571
 33
0.0
 34
0.0
53
90
  0
DIMENSION
  8
2D_DIM
  2
*D1
  3
ROUTEDIM
  1
43.133
 10
47.4943785714286
 20
43.1329371428571
 30
0.0
 11
47.4943785714286
 21
21.5664685714286
 31
0
 13
47.4943785714286
 23
0
 14
47.4943785714286
 24
43.1329371428571
 50
90.0
53
0
 33
0.0
 34
0.0
  0
DIMENSION
  8
2D_DIM
  2
*D1
  3
ROUTEDIM
  1
47.371
 10
47.3711642857143
 20
43.2454371428571
 30
0.0
 11
23.6855821428571
 21
43.2454371428571
 31
0.0
 13
0
 23
43.2454371428571
 14
47.3711642857143
 24
43.2454371428571
 33
0.0
 34
0.0
53
90
  0
DIMENSION
  8
2D_DIM
  2
*D1
  3
ROUTEDIM
  1
43.245
 10
47.3711642857143
 20
43.2454371428571
 30
0.0
 11
47.3711642857143
 21
21.6227185714286
 31
0
 13
47.3711642857143
 23
0
 14
47.3711642857143
 24
43.2454371428571
 50
90.0
53
0
 33
0.0
 34
0.0
  0
DIMENSION
  8
2D_DIM
  2
*D1
  3
ROUTEDIM
  1
47.259
 10
47.2586642857143
 20
43.1168657142857
 30
0.0
 11
23.6293321428571
 21
43.1168657142857
 31
0.0
 13
0
 23
43.1168657142857
 14
47.2586642857143
 24
43.1168657142857
 33
0.0
 34
0.0
53
90
  0
DIMENSION
  8
2D_DIM
  2
*D1
  3
ROUTEDIM
  1
43.117
 10
47.2586642857143
 20
43.1168657142857
 30
0.0
 11
47.2586642857143
 21
21.5584328571429
 31
0
 13
47.2586642857143
 23
0
 14
47.2586642857143
 24
43.1168657142857
 50
90.0
53
0
 33
0.0
 34
0.0
  0
DIMENSION
  8
2D_DIM
  2
*D1
  3
ROUTEDIM
  1
47.393
 10
47.3925928571428
 20
43.0043657142857
 30
0.0
 11
23.6962964285714
 21
43.0043657142857
 31
0.0
 13
0
 23
43.0043657142857
 14
47.3925928571428
 24
43.0043657142857
 33
0.0
 34
0.0
53
90
  0
DIMENSION
  8
2D_DIM
  2
*D1
  3
ROUTEDIM
  1
43.004
 10
47.3925928571428
 20
43.0043657142857
 30
0.0
 11
47.3925928571428
 21
21.5021828571429
 31
0
 13
47.3925928571428
 23
0
 14
47.3925928571428
 24
43.0043657142857
 50
90.0
53
0
 33
0.0
 34
0.0
  0
DIMENSION
  8
2D_DIM
  2
*D1
  3
ROUTEDIM
  1
47.505
 10
47.5050928571429
 20
43.1436514285714
 30
0.0
 11
23.7525464285714
 21
43.1436514285714
 31
0.0
 13
0
 23
43.1436514285714
 14
47.5050928571429
 24
43.1436514285714
 33
0.0
 34
0.0
53
90
  0
DIMENSION
  8
2D_DIM
  2
*D1
  3
ROUTEDIM
  1
43.144
 10
47.5050928571429
 20
43.1436514285714
 30
0.0
 11
47.5050928571429
 21
21.5718257142857
 31
0
 13
47.5050928571429
 23
0
 14
47.5050928571429
 24
43.1436514285714
 50
90.0
53
0
 33
0.0
 34
0.0
  0
DIMENSION
  8
2D_DIM
  2
*D1
  3
ROUTEDIM
  1
47.36
 10
47.36045
 20
43.2561514285714
 30
0.0
 11
23.680225
 21
43.2561514285714
 31
0.0
 13
0
 23
43.2561514285714
 14
47.36045
 24
43.2561514285714
 33
0.0
 34
0.0
53
90
  0
DIMENSION
  8
2D_DIM
  2
*D1
  3
ROUTEDIM
  1
43.256
 10
47.36045
 20
43.2561514285714
 30
0.0
 11
47.36045
 21
21.6280757142857
 31
0
 13
47.36045
 23
0
 14
47.36045
 24
43.2561514285714
 50
90.0
53
0
 33
0.0
 34
0.0
  0
DIMENSION
  8
2D_DIM
  2
*D1
  3
ROUTEDIM
  1
47.379
 10
47.3791999878466
 20
43.1275799878466
 30
0.0
 11
23.6895999939233
 21
43.1275799878466
 31
0.0
 13
0
 23
43.1275799878466
 14
47.3791999878466
 24
43.1275799878466
 33
0.0
 34
0.0
53
90
  0
DIMENSION
  8
2D_DIM
  2
*D1
  3
ROUTEDIM
  1
43.128
 10
47.3791999878466
 20
43.1275799878466
 30
0.0
 11
47.3791999878466
 21
21.5637899939233
 31
0
 13
47.3791999878466
 23
0
 14
47.3791999878466
 24
43.1275799878466
 50
90.0
53
0
 33
0.0
 34
0.0
  0
DIMENSION
  8
2D_DIM
  2
*D1
  3
ROUTEDIM
  1
47.379
 10
47.3792000121534
 20
43.1275799878466
 30
0.0
 11
23.6896000060767
 21
43.1275799878466
 31
0.0
 13
0
 23
43.1275799878466
 14
47.3792000121534
 24
43.1275799878466
 33
0.0
 34
0.0
53
90
  0
DIMENSION
  8
2D_DIM
  2
*D1
  3
ROUTEDIM
  1
43.128
 10
47.3792000121534
 20
43.1275799878466
 30
0.0
 11
47.3792000121534
 21
21.5637899939233
 31
0
 13
47.3792000121534
 23
0
 14
47.3792000121534
 24
43.1275799878466
 50
90.0
53
0
 33
0.0
 34
0.0
  0
DIMENSION
  8
2D_DIM
  2
*D1
  3
ROUTEDIM
  1
47.379
 10
47.3792000121534
 20
43.1275800121534
 30
0.0
 11
23.6896000060767
 21
43.1275800121534
 31
0.0
 13
0
 23
43.1275800121534
 14
47.3792000121534
 24
43.1275800121534
 33
0.0
 34
0.0
53
90
  0
DIMENSION
  8
2D_DIM
  2
*D1
  3
ROUTEDIM
  1
43.128
 10
47.3792000121534
 20
43.1275800121534
 30
0.0
 11
47.3792000121534
 21
21.5637900060767
 31
0
 13
47.3792000121534
 23
0
 14
47.3792000121534
 24
43.1275800121534
 50
90.0
53
0
 33
0.0
 34
0.0
  0
DIMENSION
  8
2D_DIM
  2
*D1
  3
ROUTEDIM
  1
47.379
 10
47.3791999878466
 20
43.1275800121534
 30
0.0
 11
23.6895999939233
 21
43.1275800121534
 31
0.0
 13
0
 23
43.1275800121534
 14
47.3791999878466
 24
43.1275800121534
 33
0.0
 34
0.0
53
90
  0
DIMENSION
  8
2D_DIM
  2
*D1
  3
ROUTEDIM
  1
43.128
 10
47.3791999878466
 20
43.1275800121534
 30
0.0
 11
47.3791999878466
 21
21.5637900060767
 31
0
 13
47.3791999878466
 23
0
 14
47.3791999878466
 24
43.1275800121534
 50
90.0
53
0
 33
0.0
 34
0.0
  0
DIMENSION
  8
2D_DIM
  2
*D1
  3
ROUTEDIM
  1
47.379
 10
47.3791999878466
 20
43.1275799878466
 30
0.0
 11
23.6895999939233
 21
43.1275799878466
 31
0.0
 13
0
 23
43.1275799878466
 14
47.3791999878466
 24
43.1275799878466
 33
0.0
 34
0.0
53
90
  0
DIMENSION
  8
2D_DIM
  2
*D1
  3
ROUTEDIM
  1
43.128
 10
47.3791999878466
 20
43.1275799878466
 30
0.0
 11
47.3791999878466
 21
21.5637899939233
 31
0
 13
47.3791999878466
 23
0
 14
47.3791999878466
 24
43.1275799878466
 50
90.0
53
0
 33
0.0
 34
0.0
  0
DIMENSION
  8
2D_DIM
  2
*D1
  3
ROUTEDIM
  1
47.433
 10
47.4327714407248
 20
43.1811514168521
 30
0.0
 11
23.7163857203624
 21
43.1811514168521
 31
0.0
 13
0
 23
43.1811514168521
 14
47.4327714407248
 24
43.1811514168521
 33
0.0
 34
0.0
53
90
  0
DIMENSION
  8
2D_DIM
  2
*D1
  3
ROUTEDIM
  1
43.181
 10
47.4327714407248
 20
43.1811514168521
 30
0.0
 11
47.4327714407248
 21
21.590575708426
 31
0
 13
47.4327714407248
 23
0
 14
47.4327714407248
 24
43.1811514168521
 50
90.0
53
0
 33
0.0
 34
0.0
  0
DIMENSION
  8
2D_DIM
  2
*D1
  3
ROUTEDIM
  1
72.107
 10
72.1071428554687
 20
28.7857142840401
 30
0.0
 11
36.0535714277344
 21
28.7857142840401
 31
0.0
 13
0
 23
28.7857142840401
 14
72.1071428554687
 24
28.7857142840401
 33
0.0
 34
0.0
53
90
  0
DIMENSION
  8
2D_DIM
  2
*D1
  3
ROUTEDIM
  1
28.786
 10
72.1071428554687
 20
28.7857142840401
 30
0.0
 11
72.1071428554687
 21
14.3928571420201
 31
0
 13
72.1071428554687
 23
0
 14
72.1071428554687
 24
28.7857142840401
 50
90.0
53
0
 33
0.0
 34
0.0
  0
DIMENSION
  8
2D_DIM
  2
*D1
  3
ROUTEDIM
  1
72.107
 10
72.1071428588171
 20
28.7857142840401
 30
0.0
 11
36.0535714294085
 21
28.7857142840401
 31
0.0
 13
0
 23
28.7857142840401
 14
72.1071428588171
 24
28.7857142840401
 33
0.0
 34
0.0
53
90
  0
DIMENSION
  8
2D_DIM
  2
*D1
  3
ROUTEDIM
  1
28.786
 10
72.1071428588171
 20
28.7857142840401
 30
0.0
 11
72.1071428588171
 21
14.3928571420201
 31
0
 13
72.1071428588171
 23
0
 14
72.1071428588171
 24
28.7857142840401
 50
90.0
53
0
 33
0.0
 34
0.0
  0
DIMENSION
  8
2D_DIM
  2
*D1
  3
ROUTEDIM
  1
72.107
 10
72.1071428588171
 20
28.7857142873885
 30
0.0
 11
36.0535714294085
 21
28.7857142873885
 31
0.0
 13
0
 23
28.7857142873885
 14
72.1071428588171
 24
28.7857142873885
 33
0.0
 34
0.0
53
90
  0
DIMENSION
  8
2D_DIM
  2
*D1
  3
ROUTEDIM
  1
28.786
 10
72.1071428588171
 20
28.7857142873885
 30
0.0
 11
72.1071428588171
 21
14.3928571436942
 31
0
 13
72.1071428588171
 23
0
 14
72.1071428588171
 24
28.7857142873885
 50
90.0
53
0
 33
0.0
 34
0.0
  0
DIMENSION
  8
2D_DIM
  2
*D1
  3
ROUTEDIM
  1
72.138
 10
72.1381377534279
 20
28.8167091855988
 30
0.0
 11
36.0690688767139
 21
28.8167091855988
 31
0.0
 13
0
 23
28.8167091855988
 14
72.1381377534279
 24
28.8167091855988
 33
0.0
 34
0.0
53
90
  0
DIMENSION
  8
2D_DIM
  2
*D1
  3
ROUTEDIM
  1
28.817
 10
72.1381377534279
 20
28.8167091855988
 30
0.0
 11
72.1381377534279
 21
14.4083545927994
 31
0
 13
72.1381377534279
 23
0
 14
72.1381377534279
 24
28.8167091855988
 50
90.0
53
0
 33
0.0
 34
0.0
  0
DIMENSION
  8
2D_DIM
  2
*D1
  3
ROUTEDIM
  1
72.074
 10
72.0735650510205
 20
28.7944961734694
 30
0.0
 11
36.0367825255102
 21
28.7944961734694
 31
0.0
 13
0
 23
28.7944961734694
 14
72.0735650510205
 24
28.7944961734694
 33
0.0
 34
0.0
53
90
  0
DIMENSION
  8
2D_DIM
  2
*D1
  3
ROUTEDIM
  1
28.794
 10
72.0735650510205
 20
28.7944961734694
 30
0.0
 11
72.0735650510205
 21
14.3972480867347
 31
0
 13
72.0735650510205
 23
0
 14
72.0735650510205
 24
28.7944961734694
 50
90.0
53
0
 33
0.0
 34
0.0
  0
DIMENSION
  8
2D_DIM
  2
*D1
  3
ROUTEDIM
  1
72.068
 10
72.0683992346939
 20
28.7185586734694
 30
0.0
 11
36.034199617347
 21
28.7185586734694
 31
0.0
 13
0
 23
28.7185586734694
 14
72.0683992346939
 24
28.7185586734694
 33
0.0
 34
0.0
53
90
  0
DIMENSION
  8
2D_DIM
  2
*D1
  3
ROUTEDIM
  1
28.719
 10
72.0683992346939
 20
28.7185586734694
 30
0.0
 11
72.0683992346939
 21
14.3592793367347
 31
0
 13
72.0683992346939
 23
0
 14
72.0683992346939
 24
28.7185586734694
 50
90.0
53
0
 33
0.0
 34
0.0
  0
DIMENSION
  8
2D_DIM
  2
*D1
  3
ROUTEDIM
  1
72.177
 10
72.1768813775511
 20
28.7495535714286
 30
0.0
 11
36.0884406887755
 21
28.7495535714286
 31
0.0
 13
0
 23
28.7495535714286
 14
72.1768813775511
 24
28.7495535714286
 33
0.0
 34
0.0
53
90
  0
DIMENSION
  8
2D_DIM
  2
*D1
  3
ROUTEDIM
  1
28.75
 10
72.1768813775511
 20
28.7495535714286
 30
0.0
 11
72.1768813775511
 21
14.3747767857143
 31
0
 13
72.1768813775511
 23
0
 14
72.1768813775511
 24
28.7495535714286
 50
90.0
53
0
 33
0.0
 34
0.0
  0
DIMENSION
  8
2D_DIM
  2
*D1
  3
ROUTEDIM
  1
72.141
 10
72.1407206632654
 20
28.8580357142857
 30
0.0
 11
36.0703603316327
 21
28.8580357142857
 31
0.0
 13
0
 23
28.8580357142857
 14
72.1407206632654
 24
28.8580357142857
 33
0.0
 34
0.0
53
90
  0
DIMENSION
  8
2D_DIM
  2
*D1
  3
ROUTEDIM
  1
28.858
 10
72.1407206632654
 20
28.8580357142857
 30
0.0
 11
72.1407206632654
 21
14.4290178571429
 31
0
 13
72.1407206632654
 23
0
 14
72.1407206632654
 24
28.8580357142857
 50
90.0
53
0
 33
0.0
 34
0.0
  0
DIMENSION
  8
2D_DIM
  2
*D1
  3
ROUTEDIM
  1
72.032
 10
72.0322385204082
 20
28.8167091836735
 30
0.0
 11
36.0161192602041
 21
28.8167091836735
 31
0.0
 13
0
 23
28.8167091836735
 14
72.0322385204082
 24
28.8167091836735
 33
0.0
 34
0.0
53
90
  0
DIMENSION
  8
2D_DIM
  2
*D1
  3
ROUTEDIM
  1
28.817
 10
72.0322385204082
 20
28.8167091836735
 30
0.0
 11
72.0322385204082
 21
14.4083545918367
 31
0
 13
72.0322385204082
 23
0
 14
72.0322385204082
 24
28.8167091836735
 50
90.0
53
0
 33
0.0
 34
0.0
  0
DIMENSION
  8
2D_DIM
  2
*D1
  3
ROUTEDIM
  1
72.079
 10
72.078730867347
 20
28.7082270408163
 30
0.0
 11
36.0393654336735
 21
28.7082270408163
 31
0.0
 13
0
 23
28.7082270408163
 14
72.078730867347
 24
28.7082270408163
 33
0.0
 34
0.0
53
90
  0
DIMENSION
  8
2D_DIM
  2
*D1
  3
ROUTEDIM
  1
28.708
 10
72.078730867347
 20
28.7082270408163
 30
0.0
 11
72.078730867347
 21
14.3541135204082
 31
0
 13
72.078730867347
 23
0
 14
72.078730867347
 24
28.7082270408163
 50
90.0
53
0
 33
0.0
 34
0.0
  0
DIMENSION
  8
2D_DIM
  2
*D1
  3
ROUTEDIM
  1
72.187
 10
72.1872130102041
 20
28.7598852040816
 30
0.0
 11
36.0936065051021
 21
28.7598852040816
 31
0.0
 13
0
 23
28.7598852040816
 14
72.1872130102041
 24
28.7598852040816
 33
0.0
 34
0.0
53
90
  0
DIMENSION
  8
2D_DIM
  2
*D1
  3
ROUTEDIM
  1
28.76
 10
72.1872130102041
 20
28.7598852040816
 30
0.0
 11
72.1872130102041
 21
14.3799426020408
 31
0
 13
72.1872130102041
 23
0
 14
72.1872130102041
 24
28.7598852040816
 50
90.0
53
0
 33
0.0
 34
0.0
  0
DIMENSION
  8
2D_DIM
  2
*D1
  3
ROUTEDIM
  1
72.13
 10
72.1303890306123
 20
28.8683673469388
 30
0.0
 11
36.0651945153061
 21
28.8683673469388
 31
0.0
 13
0
 23
28.8683673469388
 14
72.1303890306123
 24
28.8683673469388
 33
0.0
 34
0.0
53
90
  0
DIMENSION
  8
2D_DIM
  2
*D1
  3
ROUTEDIM
  1
28.868
 10
72.1303890306123
 20
28.8683673469388
 30
0.0
 11
72.1303890306123
 21
14.4341836734694
 31
0
 13
72.1303890306123
 23
0
 14
72.1303890306123
 24
28.8683673469388
 50
90.0
53
0
 33
0.0
 34
0.0
  0
DIMENSION
  8
2D_DIM
  2
*D1
  3
ROUTEDIM
  1
72.022
 10
72.0219068877552
 20
28.8063775510204
 30
0.0
 11
36.0109534438776
 21
28.8063775510204
 31
0.0
 13
0
 23
28.8063775510204
 14
72.0219068877552
 24
28.8063775510204
 33
0.0
 34
0.0
53
90
  0
DIMENSION
  8
2D_DIM
  2
*D1
  3
ROUTEDIM
  1
28.806
 10
72.0219068877552
 20
28.8063775510204
 30
0.0
 11
72.0219068877552
 21
14.4031887755102
 31
0
 13
72.0219068877552
 23
0
 14
72.0219068877552
 24
28.8063775510204
 50
90.0
53
0
 33
0.0
 34
0.0
  0
DIMENSION
  8
2D_DIM
  2
*D1
  3
ROUTEDIM
  1
72.089
 10
72.0890625
 20
28.6978954081633
 30
0.0
 11
36.04453125
 21
28.6978954081633
 31
0.0
 13
0
 23
28.6978954081633
 14
72.0890625
 24
28.6978954081633
 33
0.0
 34
0.0
53
90
  0
DIMENSION
  8
2D_DIM
  2
*D1
  3
ROUTEDIM
  1
28.698
 10
72.0890625
 20
28.6978954081633
 30
0.0
 11
72.0890625
 21
14.3489477040816
 31
0
 13
72.0890625
 23
0
 14
72.0890625
 24
28.6978954081633
 50
90.0
53
0
 33
0.0
 34
0.0
  0
DIMENSION
  8
2D_DIM
  2
*D1
  3
ROUTEDIM
  1
72.198
 10
72.1975446428572
 20
28.7702168367347
 30
0.0
 11
36.0987723214286
 21
28.7702168367347
 31
0.0
 13
0
 23
28.7702168367347
 14
72.1975446428572
 24
28.7702168367347
 33
0.0
 34
0.0
53
90
  0
DIMENSION
  8
2D_DIM
  2
*D1
  3
ROUTEDIM
  1
28.77
 10
72.1975446428572
 20
28.7702168367347
 30
0.0
 11
72.1975446428572
 21
14.3851084183674
 31
0
 13
72.1975446428572
 23
0
 14
72.1975446428572
 24
28.7702168367347
 50
90.0
53
0
 33
0.0
 34
0.0
  0
DIMENSION
  8
2D_DIM
  2
*D1
  3
ROUTEDIM
  1
72.12
 10
72.1200573979592
 20
28.8786989795919
 30
0.0
 11
36.0600286989796
 21
28.8786989795919
 31
0.0
 13
0
 23
28.8786989795919
 14
72.1200573979592
 24
28.8786989795919
 33
0.0
 34
0.0
53
90
  0
DIMENSION
  8
2D_DIM
  2
*D1
  3
ROUTEDIM
  1
28.879
 10
72.1200573979592
 20
28.8786989795919
 30
0.0
 11
72.1200573979592
 21
14.4393494897959
 31
0
 13
72.1200573979592
 23
0
 14
72.1200573979592
 24
28.8786989795919
 50
90.0
53
0
 33
0.0
 34
0.0
  0
DIMENSION
  8
2D_DIM
  2
*D1
  3
ROUTEDIM
  1
72.012
 10
72.0115752551021
 20
28.7960459183674
 30
0.0
 11
36.005787627551
 21
28.7960459183674
 31
0.0
 13
0
 23
28.7960459183674
 14
72.0115752551021
 24
28.7960459183674
 33
0.0
 34
0.0
53
90
  0
DIMENSION
  8
2D_DIM
  2
*D1
  3
ROUTEDIM
  1
28.796
 10
72.0115752551021
 20
28.7960459183674
 30
0.0
 11
72.0115752551021
 21
14.3980229591837
 31
0
 13
72.0115752551021
 23
0
 14
72.0115752551021
 24
28.7960459183674
 50
90.0
53
0
 33
0.0
 34
0.0
  0
DIMENSION
  8
2D_DIM
  2
*D1
  3
ROUTEDIM
  1
72.099
 10
72.0993941326531
 20
28.6875637755102
 30
0.0
 11
36.0496970663266
 21
28.6875637755102
 31
0.0
 13
0
 23
28.6875637755102
 14
72.0993941326531
 24
28.6875637755102
 33
0.0
 34
0.0
53
90
  0
DIMENSION
  8
2D_DIM
  2
*D1
  3
ROUTEDIM
  1
28.688
 10
72.0993941326531
 20
28.6875637755102
 30
0.0
 11
72.0993941326531
 21
14.3437818877551
 31
0
 13
72.0993941326531
 23
0
 14
72.0993941326531
 24
28.6875637755102
 50
90.0
53
0
 33
0.0
 34
0.0
  0
DIMENSION
  8
2D_DIM
  2
*D1
  3
ROUTEDIM
  1
72.208
 10
72.2078762755102
 20
28.7805484693878
 30
0.0
 11
36.1039381377551
 21
28.7805484693878
 31
0.0
 13
0
 23
28.7805484693878
 14
72.2078762755102
 24
28.7805484693878
 33
0.0
 34
0.0
53
90
  0
DIMENSION
  8
2D_DIM
  2
*D1
  3
ROUTEDIM
  1
28.781
 10
72.2078762755102
 20
28.7805484693878
 30
0.0
 11
72.2078762755102
 21
14.3902742346939
 31
0
 13
72.2078762755102
 23
0
 14
72.2078762755102
 24
28.7805484693878
 50
90.0
53
0
 33
0.0
 34
0.0
  0
DIMENSION
  8
2D_DIM
  2
*D1
  3
ROUTEDIM
  1
72.11
 10
72.1097257653062
 20
28.8890306122449
 30
0.0
 11
36.0548628826531
 21
28.8890306122449
 31
0.0
 13
0
 23
28.8890306122449
 14
72.1097257653062
 24
28.8890306122449
 33
0.0
 34
0.0
53
90
  0
DIMENSION
  8
2D_DIM
  2
*D1
  3
ROUTEDIM
  1
28.889
 10
72.1097257653062
 20
28.8890306122449
 30
0.0
 11
72.1097257653062
 21
14.4445153061225
 31
0
 13
72.1097257653062
 23
0
 14
72.1097257653062
 24
28.8890306122449
 50
90.0
53
0
 33
0.0
 34
0.0
  0
DIMENSION
  8
2D_DIM
  2
*D1
  3
ROUTEDIM
  1
72.001
 10
72.001243622449
 20
28.7857142857143
 30
0.0
 11
36.0006218112245
 21
28.7857142857143
 31
0.0
 13
0
 23
28.7857142857143
 14
72.001243622449
 24
28.7857142857143
 33
0.0
 34
0.0
53
90
  0
DIMENSION
  8
2D_DIM
  2
*D1
  3
ROUTEDIM
  1
28.786
 10
72.001243622449
 20
28.7857142857143
 30
0.0
 11
72.001243622449
 21
14.3928571428572
 31
0
 13
72.001243622449
 23
0
 14
72.001243622449
 24
28.7857142857143
 50
90.0
53
0
 33
0.0
 34
0.0
  0
DIMENSION
  8
2D_DIM
  2
*D1
  3
ROUTEDIM
  1
72.11
 10
72.1097257653062
 20
28.6772321428572
 30
0.0
 11
36.0548628826531
 21
28.6772321428572
 31
0.0
 13
0
 23
28.6772321428572
 14
72.1097257653062
 24
28.6772321428572
 33
0.0
 34
0.0
53
90
  0
DIMENSION
  8
2D_DIM
  2
*D1
  3
ROUTEDIM
  1
28.677
 10
72.1097257653062
 20
28.6772321428572
 30
0.0
 11
72.1097257653062
 21
14.3386160714286
 31
0
 13
72.1097257653062
 23
0
 14
72.1097257653062
 24
28.6772321428572
 50
90.0
53
0
 33
0.0
 34
0.0
  0
DIMENSION
  8
2D_DIM
  2
*D1
  3
ROUTEDIM
  1
72.218
 10
72.2182079081633
 20
28.7908801020408
 30
0.0
 11
36.1091039540817
 21
28.7908801020408
 31
0.0
 13
0
 23
28.7908801020408
 14
72.2182079081633
 24
28.7908801020408
 33
0.0
 34
0.0
53
90
  0
DIMENSION
  8
2D_DIM
  2
*D1
  3
ROUTEDIM
  1
28.791
 10
72.2182079081633
 20
28.7908801020408
 30
0.0
 11
72.2182079081633
 21
14.3954400510204
 31
0
 13
72.2182079081633
 23
0
 14
72.2182079081633
 24
28.7908801020408
 50
90.0
53
0
 33
0.0
 34
0.0
  0
DIMENSION
  8
2D_DIM
  2
*D1
  3
ROUTEDIM
  1
72.099
 10
72.0993941326531
 20
28.899362244898
 30
0.0
 11
36.0496970663266
 21
28.899362244898
 31
0.0
 13
0
 23
28.899362244898
 14
72.0993941326531
 24
28.899362244898
 33
0.0
 34
0.0
53
90
  0
DIMENSION
  8
2D_DIM
  2
*D1
  3
ROUTEDIM
  1
28.899
 10
72.0993941326531
 20
28.899362244898
 30
0.0
 11
72.0993941326531
 21
14.449681122449
 31
0
 13
72.0993941326531
 23
0
 14
72.0993941326531
 24
28.899362244898
 50
90.0
53
0
 33
0.0
 34
0.0
  0
DIMENSION
  8
2D_DIM
  2
*D1
  3
ROUTEDIM
  1
71.991
 10
71.990911989796
 20
28.7753826530612
 30
0.0
 11
35.995455994898
 21
28.7753826530612
 31
0.0
 13
0
 23
28.7753826530612
 14
71.990911989796
 24
28.7753826530612
 33
0.0
 34
0.0
53
90
  0
DIMENSION
  8
2D_DIM
  2
*D1
  3
ROUTEDIM
  1
28.775
 10
71.990911989796
 20
28.7753826530612
 30
0.0
 11
71.990911989796
 21
14.3876913265306
 31
0
 13
71.990911989796
 23
0
 14
71.990911989796
 24
28.7753826530612
 50
90.0
53
0
 33
0.0
 34
0.0
  0
DIMENSION
  8
2D_DIM
  2
*D1
  3
ROUTEDIM
  1
72.12
 10
72.1200573979592
 20
28.6669005102041
 30
0.0
 11
36.0600286989796
 21
28.6669005102041
 31
0.0
 13
0
 23
28.6669005102041
 14
72.1200573979592
 24
28.6669005102041
 33
0.0
 34
0.0
53
90
  0
DIMENSION
  8
2D_DIM
  2
*D1
  3
ROUTEDIM
  1
28.667
 10
72.1200573979592
 20
28.6669005102041
 30
0.0
 11
72.1200573979592
 21
14.3334502551021
 31
0
 13
72.1200573979592
 23
0
 14
72.1200573979592
 24
28.6669005102041
 50
90.0
53
0
 33
0.0
 34
0.0
  0
DIMENSION
  8
2D_DIM
  2
*D1
  3
ROUTEDIM
  1
72.229
 10
72.2285395408164
 20
28.8012117346939
 30
0.0
 11
36.1142697704082
 21
28.8012117346939
 31
0.0
 13
0
 23
28.8012117346939
 14
72.2285395408164
 24
28.8012117346939
 33
0.0
 34
0.0
53
90
  0
DIMENSION
  8
2D_DIM
  2
*D1
  3
ROUTEDIM
  1
28.801
 10
72.2285395408164
 20
28.8012117346939
 30
0.0
 11
72.2285395408164
 21
14.4006058673469
 31
0
 13
72.2285395408164
 23
0
 14
72.2285395408164
 24
28.8012117346939
 50
90.0
53
0
 33
0.0
 34
0.0
  0
DIMENSION
  8
2D_DIM
  2
*D1
  3
ROUTEDIM
  1
72.089
 10
72.0890625
 20
28.909693877551
 30
0.0
 11
36.04453125
 21
28.909693877551
 31
0.0
 13
0
 23
28.909693877551
 14
72.0890625
 24
28.909693877551
 33
0.0
 34
0.0
53
90
  0
DIMENSION
  8
2D_DIM
  2
*D1
  3
ROUTEDIM
  1
28.91
 10
72.0890625
 20
28.909693877551
 30
0.0
 11
72.0890625
 21
14.4548469387755
 31
0
 13
72.0890625
 23
0
 14
72.0890625
 24
28.909693877551
 50
90.0
53
0
 33
0.0
 34
0.0
  0
DIMENSION
  8
2D_DIM
  2
*D1
  3
ROUTEDIM
  1
72.107
 10
72.1071428454236
 20
28.785714273995
 30
0.0
 11
36.0535714227118
 21
28.785714273995
 31
0.0
 13
0
 23
28.785714273995
 14
72.1071428454236
 24
28.785714273995
 33
0.0
 34
0.0
53
90
  0
DIMENSION
  8
2D_DIM
  2
*D1
  3
ROUTEDIM
  1
28.786
 10
72.1071428454236
 20
28.785714273995
 30
0.0
 11
72.1071428454236
 21
14.3928571369975
 31
0
 13
72.1071428454236
 23
0
 14
72.1071428454236
 24
28.785714273995
 50
90.0
53
0
 33
0.0
 34
0.0
  0
DIMENSION
  8
2D_DIM
  2
*D1
  3
ROUTEDIM
  1
72.107
 10
72.1071428688622
 20
28.785714273995
 30
0.0
 11
36.0535714344311
 21
28.785714273995
 31
0.0
 13
0
 23
28.785714273995
 14
72.1071428688622
 24
28.785714273995
 33
0.0
 34
0.0
53
90
  0
DIMENSION
  8
2D_DIM
  2
*D1
  3
ROUTEDIM
  1
28.786
 10
72.1071428688622
 20
28.785714273995
 30
0.0
 11
72.1071428688622
 21
14.3928571369975
 31
0
 13
72.1071428688622
 23
0
 14
72.1071428688622
 24
28.785714273995
 50
90.0
53
0
 33
0.0
 34
0.0
  0
DIMENSION
  8
2D_DIM
  2
*D1
  3
ROUTEDIM
  1
72.107
 10
72.1071428688622
 20
28.7857142974336
 30
0.0
 11
36.0535714344311
 21
28.7857142974336
 31
0.0
 13
0
 23
28.7857142974336
 14
72.1071428688622
 24
28.7857142974336
 33
0.0
 34
0.0
53
90
  0
DIMENSION
  8
2D_DIM
  2
*D1
  3
ROUTEDIM
  1
28.786
 10
72.1071428688622
 20
28.7857142974336
 30
0.0
 11
72.1071428688622
 21
14.3928571487168
 31
0
 13
72.1071428688622
 23
0
 14
72.1071428688622
 24
28.7857142974336
 50
90.0
53
0
 33
0.0
 34
0.0
  0
DIMENSION
  8
2D_DIM
  2
*D1
  3
ROUTEDIM
  1
72.107
 10
72.1071428454236
 20
28.7857142974336
 30
0.0
 11
36.0535714227118
 21
28.7857142974336
 31
0.0
 13
0
 23
28.7857142974336
 14
72.1071428454236
 24
28.7857142974336
 33
0.0
 34
0.0
53
90
  0
DIMENSION
  8
2D_DIM
  2
*D1
  3
ROUTEDIM
  1
28.786
 10
72.1071428454236
 20
28.7857142974336
 30
0.0
 11
72.1071428454236
 21
14.3928571487168
 31
0
 13
72.1071428454236
 23
0
 14
72.1071428454236
 24
28.7857142974336
 50
90.0
53
0
 33
0.0
 34
0.0
  0
DIMENSION
  8
2D_DIM
  2
*D1
  3
ROUTEDIM
  1
72.107
 10
72.1071428454236
 20
28.785714273995
 30
0.0
 11
36.0535714227118
 21
28.785714273995
 31
0.0
 13
0
 23
28.785714273995
 14
72.1071428454236
 24
28.785714273995
 33
0.0
 34
0.0
53
90
  0
DIMENSION
  8
2D_DIM
  2
*D1
  3
ROUTEDIM
  1
28.786
 10
72.1071428454236
 20
28.785714273995
 30
0.0
 11
72.1071428454236
 21
14.3928571369975
 31
0
 13
72.1071428454236
 23
0
 14
72.1071428454236
 24
28.785714273995
 50
90.0
53
0
 33
0.0
 34
0.0
  0
DIMENSION
  8
2D_DIM
  2
*D1
  3
ROUTEDIM
  1
72.159
 10
72.1588010321275
 20
28.8373724376788
 30
0.0
 11
36.0794005160638
 21
28.8373724376788
 31
0.0
 13
0
 23
28.8373724376788
 14
72.1588010321275
 24
28.8373724376788
 33
0.0
 34
0.0
53
90
  0
DIMENSION
  8
2D_DIM
  2
*D1
  3
ROUTEDIM
  1
28.837
 10
72.1588010321275
 20
28.8373724376788
 30
0.0
 11
72.1588010321275
 21
14.4186862188394
 31
0
 13
72.1588010321275
 23
0
 14
72.1588010321275
 24
28.8373724376788
 50
90.0
53
0
 33
0.0
 34
0.0
  0
DIMENSION
  8
2D_DIM
  2
*D1
  3
ROUTEDIM
  1
62.607
 10
62.6071428554687
 20
8.78571428404011
 30
0.0
 11
31.3035714277344
 21
8.78571428404011
 31
0.0
 13
0
 23
8.78571428404011
 14
62.6071428554687
 24
8.78571428404011
 33
0.0
 34
0.0
53
90
  0
DIMENSION
  8
2D_DIM
  2
*D1
  3
ROUTEDIM
  1
8.786
 10
62.6071428554687
 20
8.78571428404011
 30
0.0
 11
62.6071428554687
 21
4.39285714202005
 31
0
 13
62.6071428554687
 23
0
 14
62.6071428554687
 24
8.78571428404011
 50
90.0
53
0
 33
0.0
 34
0.0
  0
DIMENSION
  8
2D_DIM
  2
*D1
  3
ROUTEDIM
  1
62.607
 10
62.6071428588171
 20
8.78571428404011
 30
0.0
 11
31.3035714294085
 21
8.78571428404011
 31
0.0
 13
0
 23
8.78571428404011
 14
62.6071428588171
 24
8.78571428404011
 33
0.0
 34
0.0
53
90
  0
DIMENSION
  8
2D_DIM
  2
*D1
  3
ROUTEDIM
  1
8.786
 10
62.6071428588171
 20
8.78571428404011
 30
0.0
 11
62.6071428588171
 21
4.39285714202005
 31
0
 13
62.6071428588171
 23
0
 14
62.6071428588171
 24
8.78571428404011
 50
90.0
53
0
 33
0.0
 34
0.0
  0
DIMENSION
  8
2D_DIM
  2
*D1
  3
ROUTEDIM
  1
62.607
 10
62.6071428588171
 20
8.78571428738849
 30
0.0
 11
31.3035714294085
 21
8.78571428738849
 31
0.0
 13
0
 23
8.78571428738849
 14
62.6071428588171
 24
8.78571428738849
 33
0.0
 34
0.0
53
90
  0
DIMENSION
  8
2D_DIM
  2
*D1
  3
ROUTEDIM
  1
8.786
 10
62.6071428588171
 20
8.78571428738849
 30
0.0
 11
62.6071428588171
 21
4.39285714369424
 31
0
 13
62.6071428588171
 23
0
 14
62.6071428588171
 24
8.78571428738849
 50
90.0
53
0
 33
0.0
 34
0.0
  0
DIMENSION
  8
2D_DIM
  2
*D1
  3
ROUTEDIM
  1
62.638
 10
62.6381377534279
 20
8.8167091855988
 30
0.0
 11
31.3190688767139
 21
8.8167091855988
 31
0.0
 13
0
 23
8.8167091855988
 14
62.6381377534279
 24
8.8167091855988
 33
0.0
 34
0.0
53
90
  0
DIMENSION
  8
2D_DIM
  2
*D1
  3
ROUTEDIM
  1
8.817
 10
62.6381377534279
 20
8.8167091855988
 30
0.0
 11
62.6381377534279
 21
4.4083545927994
 31
0
 13
62.6381377534279
 23
0
 14
62.6381377534279
 24
8.8167091855988
 50
90.0
53
0
 33
0.0
 34
0.0
  0
DIMENSION
  8
2D_DIM
  2
*D1
  3
ROUTEDIM
  1
62.574
 10
62.5735650510204
 20
8.7944961734694
 30
0.0
 11
31.2867825255102
 21
8.7944961734694
 31
0.0
 13
0
 23
8.7944961734694
 14
62.5735650510204
 24
8.7944961734694
 33
0.0
 34
0.0
53
90
  0
DIMENSION
  8
2D_DIM
  2
*D1
  3
ROUTEDIM
  1
8.794
 10
62.5735650510204
 20
8.7944961734694
 30
0.0
 11
62.5735650510204
 21
4.3972480867347
 31
0
 13
62.5735650510204
 23
0
 14
62.5735650510204
 24
8.7944961734694
 50
90.0
53
0
 33
0.0
 34
0.0
  0
DIMENSION
  8
2D_DIM
  2
*D1
  3
ROUTEDIM
  1
62.568
 10
62.5683992346939
 20
8.7185586734694
 30
0.0
 11
31.284199617347
 21
8.7185586734694
 31
0.0
 13
0
 23
8.7185586734694
 14
62.5683992346939
 24
8.7185586734694
 33
0.0
 34
0.0
53
90
  0
DIMENSION
  8
2D_DIM
  2
*D1
  3
ROUTEDIM
  1
8.719
 10
62.5683992346939
 20
8.7185586734694
 30
0.0
 11
62.5683992346939
 21
4.3592793367347
 31
0
 13
62.5683992346939
 23
0
 14
62.5683992346939
 24
8.7185586734694
 50
90.0
53
0
 33
0.0
 34
0.0
  0
DIMENSION
  8
2D_DIM
  2
*D1
  3
ROUTEDIM
  1
62.677
 10
62.6768813775511
 20
8.74955357142859
 30
0.0
 11
31.3384406887755
 21
8.74955357142859
 31
0.0
 13
0
 23
8.74955357142859
 14
62.6768813775511
 24
8.74955357142859
 33
0.0
 34
0.0
53
90
  0
DIMENSION
  8
2D_DIM
  2
*D1
  3
ROUTEDIM
  1
8.75
 10
62.6768813775511
 20
8.74955357142859
 30
0.0
 11
62.6768813775511
 21
4.37477678571429
 31
0
 13
62.6768813775511
 23
0
 14
62.6768813775511
 24
8.74955357142859
 50
90.0
53
0
 33
0.0
 34
0.0
  0
DIMENSION
  8
2D_DIM
  2
*D1
  3
ROUTEDIM
  1
62.641
 10
62.6407206632653
 20
8.85803571428573
 30
0.0
 11
31.3203603316327
 21
8.85803571428573
 31
0.0
 13
0
 23
8.85803571428573
 14
62.6407206632653
 24
8.85803571428573
 33
0.0
 34
0.0
53
90
  0
DIMENSION
  8
2D_DIM
  2
*D1
  3
ROUTEDIM
  1
8.858
 10
62.6407206632653
 20
8.85803571428573
 30
0.0
 11
62.6407206632653
 21
4.42901785714286
 31
0
 13
62.6407206632653
 23
0
 14
62.6407206632653
 24
8.85803571428573
 50
90.0
53
0
 33
0.0
 34
0.0
  0
DIMENSION
  8
2D_DIM
  2
*D1
  3
ROUTEDIM
  1
62.532
 10
62.5322385204082
 20
8.81670918367348
 30
0.0
 11
31.2661192602041
 21
8.81670918367348
 31
0.0
 13
0
 23
8.81670918367348
 14
62.5322385204082
 24
8.81670918367348
 33
0.0
 34
0.0
53
90
  0
DIMENSION
  8
2D_DIM
  2
*D1
  3
ROUTEDIM
  1
8.817
 10
62.5322385204082
 20
8.81670918367348
 30
0.0
 11
62.5322385204082
 21
4.40835459183674
 31
0
 13
62.5322385204082
 23
0
 14
62.5322385204082
 24
8.81670918367348
 50
90.0
53
0
 33
0.0
 34
0.0
  0
DIMENSION
  8
2D_DIM
  2
*D1
  3
ROUTEDIM
  1
62.579
 10
62.578730867347
 20
8.70822704081634
 30
0.0
 11
31.2893654336735
 21
8.70822704081634
 31
0.0
 13
0
 23
8.70822704081634
 14
62.578730867347
 24
8.70822704081634
 33
0.0
 34
0.0
53
90
  0
DIMENSION
  8
2D_DIM
  2
*D1
  3
ROUTEDIM
  1
8.708
 10
62.578730867347
 20
8.70822704081634
 30
0.0
 11
62.578730867347
 21
4.35411352040817
 31
0
 13
62.578730867347
 23
0
 14
62.578730867347
 24
8.70822704081634
 50
90.0
53
0
 33
0.0
 34
0.0
  0
DIMENSION
  8
2D_DIM
  2
*D1
  3
ROUTEDIM
  1
62.687
 10
62.6872130102041
 20
8.75988520408165
 30
0.0
 11
31.3436065051021
 21
8.75988520408165
 31
0.0
 13
0
 23
8.75988520408165
 14
62.6872130102041
 24
8.75988520408165
 33
0.0
 34
0.0
53
90
  0
DIMENSION
  8
2D_DIM
  2
*D1
  3
ROUTEDIM
  1
8.76
 10
62.6872130102041
 20
8.75988520408165
 30
0.0
 11
62.6872130102041
 21
4.37994260204082
 31
0
 13
62.6872130102041
 23
0
 14
62.6872130102041
 24
8.75988520408165
 50
90.0
53
0
 33
0.0
 34
0.0
  0
DIMENSION
  8
2D_DIM
  2
*D1
  3
ROUTEDIM
  1
62.63
 10
62.6303890306123
 20
8.86836734693879
 30
0.0
 11
31.3151945153061
 21
8.86836734693879
 31
0.0
 13
0
 23
8.86836734693879
 14
62.6303890306123
 24
8.86836734693879
 33
0.0
 34
0.0
53
90
  0
DIMENSION
  8
2D_DIM
  2
*D1
  3
ROUTEDIM
  1
8.868
 10
62.6303890306123
 20
8.86836734693879
 30
0.0
 11
62.6303890306123
 21
4.43418367346939
 31
0
 13
62.6303890306123
 23
0
 14
62.6303890306123
 24
8.86836734693879
 50
90.0
53
0
 33
0.0
 34
0.0
  0
DIMENSION
  8
2D_DIM
  2
*D1
  3
ROUTEDIM
  1
62.522
 10
62.5219068877551
 20
8.80637755102042
 30
0.0
 11
31.2609534438776
 21
8.80637755102042
 31
0.0
 13
0
 23
8.80637755102042
 14
62.5219068877551
 24
8.80637755102042
 33
0.0
 34
0.0
53
90
  0
DIMENSION
  8
2D_DIM
  2
*D1
  3
ROUTEDIM
  1
8.806
 10
62.5219068877551
 20
8.80637755102042
 30
0.0
 11
62.5219068877551
 21
4.40318877551021
 31
0
 13
62.5219068877551
 23
0
 14
62.5219068877551
 24
8.80637755102042
 50
90.0
53
0
 33
0.0
 34
0.0
  0
DIMENSION
  8
2D_DIM
  2
*D1
  3
ROUTEDIM
  1
62.589
 10
62.5890625
 20
8.69789540816328
 30
0.0
 11
31.29453125
 21
8.69789540816328
 31
0.0
 13
0
 23
8.69789540816328
 14
62.5890625
 24
8.69789540816328
 33
0.0
 34
0.0
53
90
  0
DIMENSION
  8
2D_DIM
  2
*D1
  3
ROUTEDIM
  1
8.698
 10
62.5890625
 20
8.69789540816328
 30
0.0
 11
62.5890625
 21
4.34894770408164
 31
0
 13
62.5890625
 23
0
 14
62.5890625
 24
8.69789540816328
 50
90.0
53
0
 33
0.0
 34
0.0
  0
DIMENSION
  8
2D_DIM
  2
*D1
  3
ROUTEDIM
  1
62.698
 10
62.6975446428572
 20
8.77021683673471
 30
0.0
 11
31.3487723214286
 21
8.77021683673471
 31
0.0
 13
0
 23
8.77021683673471
 14
62.6975446428572
 24
8.77021683673471
 33
0.0
 34
0.0
53
90
  0
DIMENSION
  8
2D_DIM
  2
*D1
  3
ROUTEDIM
  1
8.77
 10
62.6975446428572
 20
8.77021683673471
 30
0.0
 11
62.6975446428572
 21
4.38510841836735
 31
0
 13
62.6975446428572
 23
0
 14
62.6975446428572
 24
8.77021683673471
 50
90.0
53
0
 33
0.0
 34
0.0
  0
DIMENSION
  8
2D_DIM
  2
*D1
  3
ROUTEDIM
  1
62.62
 10
62.6200573979592
 20
8.87869897959185
 30
0.0
 11
31.3100286989796
 21
8.87869897959185
 31
0.0
 13
0
 23
8.87869897959185
 14
62.6200573979592
 24
8.87869897959185
 33
0.0
 34
0.0
53
90
  0
DIMENSION
  8
2D_DIM
  2
*D1
  3
ROUTEDIM
  1
8.879
 10
62.6200573979592
 20
8.87869897959185
 30
0.0
 11
62.6200573979592
 21
4.43934948979593
 31
0
 13
62.6200573979592
 23
0
 14
62.6200573979592
 24
8.87869897959185
 50
90.0
53
0
 33
0.0
 34
0.0
  0
DIMENSION
  8
2D_DIM
  2
*D1
  3
ROUTEDIM
  1
62.512
 10
62.5115752551021
 20
8.79604591836736
 30
0.0
 11
31.255787627551
 21
8.79604591836736
 31
0.0
 13
0
 23
8.79604591836736
 14
62.5115752551021
 24
8.79604591836736
 33
0.0
 34
0.0
53
90
  0
DIMENSION
  8
2D_DIM
  2
*D1
  3
ROUTEDIM
  1
8.796
 10
62.5115752551021
 20
8.79604591836736
 30
0.0
 11
62.5115752551021
 21
4.39802295918368
 31
0
 13
62.5115752551021
 23
0
 14
62.5115752551021
 24
8.79604591836736
 50
90.0
53
0
 33
0.0
 34
0.0
  0
DIMENSION
  8
2D_DIM
  2
*D1
  3
ROUTEDIM
  1
62.599
 10
62.5993941326531
 20
8.68756377551022
 30
0.0
 11
31.2996970663265
 21
8.68756377551022
 31
0.0
 13
0
 23
8.68756377551022
 14
62.5993941326531
 24
8.68756377551022
 33
0.0
 34
0.0
53
90
  0
DIMENSION
  8
2D_DIM
  2
*D1
  3
ROUTEDIM
  1
8.688
 10
62.5993941326531
 20
8.68756377551022
 30
0.0
 11
62.5993941326531
 21
4.34378188775511
 31
0
 13
62.5993941326531
 23
0
 14
62.5993941326531
 24
8.68756377551022
 50
90.0
53
0
 33
0.0
 34
0.0
  0
DIMENSION
  8
2D_DIM
  2
*D1
  3
ROUTEDIM
  1
62.708
 10
62.7078762755102
 20
8.78054846938777
 30
0.0
 11
31.3539381377551
 21
8.78054846938777
 31
0.0
 13
0
 23
8.78054846938777
 14
62.7078762755102
 24
8.78054846938777
 33
0.0
 34
0.0
53
90
  0
DIMENSION
  8
2D_DIM
  2
*D1
  3
ROUTEDIM
  1
8.781
 10
62.7078762755102
 20
8.78054846938777
 30
0.0
 11
62.7078762755102
 21
4.39027423469388
 31
0
 13
62.7078762755102
 23
0
 14
62.7078762755102
 24
8.78054846938777
 50
90.0
53
0
 33
0.0
 34
0.0
  0
DIMENSION
  8
2D_DIM
  2
*D1
  3
ROUTEDIM
  1
62.61
 10
62.6097257653062
 20
8.88903061224491
 30
0.0
 11
31.3048628826531
 21
8.88903061224491
 31
0.0
 13
0
 23
8.88903061224491
 14
62.6097257653062
 24
8.88903061224491
 33
0.0
 34
0.0
53
90
  0
DIMENSION
  8
2D_DIM
  2
*D1
  3
ROUTEDIM
  1
8.889
 10
62.6097257653062
 20
8.88903061224491
 30
0.0
 11
62.6097257653062
 21
4.44451530612246
 31
0
 13
62.6097257653062
 23
0
 14
62.6097257653062
 24
8.88903061224491
 50
90.0
53
0
 33
0.0
 34
0.0
  0
DIMENSION
  8
2D_DIM
  2
*D1
  3
ROUTEDIM
  1
62.501
 10
62.501243622449
 20
8.78571428571429
 30
0.0
 11
31.2506218112245
 21
8.78571428571429
 31
0.0
 13
0
 23
8.78571428571429
 14
62.501243622449
 24
8.78571428571429
 33
0.0
 34
0.0
53
90
  0
DIMENSION
  8
2D_DIM
  2
*D1
  3
ROUTEDIM
  1
8.786
 10
62.501243622449
 20
8.78571428571429
 30
0.0
 11
62.501243622449
 21
4.39285714285715
 31
0
 13
62.501243622449
 23
0
 14
62.501243622449
 24
8.78571428571429
 50
90.0
53
0
 33
0.0
 34
0.0
  0
DIMENSION
  8
2D_DIM
  2
*D1
  3
ROUTEDIM
  1
62.61
 10
62.6097257653062
 20
8.67723214285715
 30
0.0
 11
31.3048628826531
 21
8.67723214285715
 31
0.0
 13
0
 23
8.67723214285715
 14
62.6097257653062
 24
8.67723214285715
 33
0.0
 34
0.0
53
90
  0
DIMENSION
  8
2D_DIM
  2
*D1
  3
ROUTEDIM
  1
8.677
 10
62.6097257653062
 20
8.67723214285715
 30
0.0
 11
62.6097257653062
 21
4.33861607142858
 31
0
 13
62.6097257653062
 23
0
 14
62.6097257653062
 24
8.67723214285715
 50
90.0
53
0
 33
0.0
 34
0.0
  0
DIMENSION
  8
2D_DIM
  2
*D1
  3
ROUTEDIM
  1
62.718
 10
62.7182079081633
 20
8.79088010204083
 30
0.0
 11
31.3591039540817
 21
8.79088010204083
 31
0.0
 13
0
 23
8.79088010204083
 14
62.7182079081633
 24
8.79088010204083
 33
0.0
 34
0.0
53
90
  0
DIMENSION
  8
2D_DIM
  2
*D1
  3
ROUTEDIM
  1
8.791
 10
62.7182079081633
 20
8.79088010204083
 30
0.0
 11
62.7182079081633
 21
4.39544005102042
 31
0
 13
62.7182079081633
 23
0
 14
62.7182079081633
 24
8.79088010204083
 50
90.0
53
0
 33
0.0
 34
0.0
  0
DIMENSION
  8
2D_DIM
  2
*D1
  3
ROUTEDIM
  1
62.599
 10
62.5993941326531
 20
8.89936224489797
 30
0.0
 11
31.2996970663266
 21
8.89936224489797
 31
0.0
 13
0
 23
8.89936224489797
 14
62.5993941326531
 24
8.89936224489797
 33
0.0
 34
0.0
53
90
  0
DIMENSION
  8
2D_DIM
  2
*D1
  3
ROUTEDIM
  1
8.899
 10
62.5993941326531
 20
8.89936224489797
 30
0.0
 11
62.5993941326531
 21
4.44968112244899
 31
0
 13
62.5993941326531
 23
0
 14
62.5993941326531
 24
8.89936224489797
 50
90.0
53
0
 33
0.0
 34
0.0
  0
DIMENSION
  8
2D_DIM
  2
*D1
  3
ROUTEDIM
  1
62.491
 10
62.490911989796
 20
8.77538265306124
 30
0.0
 11
31.245455994898
 21
8.77538265306124
 31
0.0
 13
0
 23
8.77538265306124
 14
62.490911989796
 24
8.77538265306124
 33
0.0
 34
0.0
53
90
  0
DIMENSION
  8
2D_DIM
  2
*D1
  3
ROUTEDIM
  1
8.775
 10
62.490911989796
 20
8.77538265306124
 30
0.0
 11
62.490911989796
 21
4.38769132653062
 31
0
 13
62.490911989796
 23
0
 14
62.490911989796
 24
8.77538265306124
 50
90.0
53
0
 33
0.0
 34
0.0
  0
DIMENSION
  8
2D_DIM
  2
*D1
  3
ROUTEDIM
  1
62.62
 10
62.6200573979592
 20
8.66690051020409
 30
0.0
 11
31.3100286989796
 21
8.66690051020409
 31
0.0
 13
0
 23
8.66690051020409
 14
62.6200573979592
 24
8.66690051020409
 33
0.0
 34
0.0
53
90
  0
DIMENSION
  8
2D_DIM
  2
*D1
  3
ROUTEDIM
  1
8.667
 10
62.6200573979592
 20
8.66690051020409
 30
0.0
 11
62.6200573979592
 21
4.33345025510205
 31
0
 13
62.6200573979592
 23
0
 14
62.6200573979592
 24
8.66690051020409
 50
90.0
53
0
 33
0.0
 34
0.0
  0
DIMENSION
  8
2D_DIM
  2
*D1
  3
ROUTEDIM
  1
62.729
 10
62.7285395408164
 20
8.80121173469389
 30
0.0
 11
31.3642697704082
 21
8.80121173469389
 31
0.0
 13
0
 23
8.80121173469389
 14
62.7285395408164
 24
8.80121173469389
 33
0.0
 34
0.0
53
90
  0
DIMENSION
  8
2D_DIM
  2
*D1
  3
ROUTEDIM
  1
8.801
 10
62.7285395408164
 20
8.80121173469389
 30
0.0
 11
62.7285395408164
 21
4.40060586734695
 31
0
 13
62.7285395408164
 23
0
 14
62.7285395408164
 24
8.80121173469389
 50
90.0
53
0
 33
0.0
 34
0.0
  0
DIMENSION
  8
2D_DIM
  2
*D1
  3
ROUTEDIM
  1
62.589
 10
62.5890625
 20
8.90969387755104
 30
0.0
 11
31.29453125
 21
8.90969387755104
 31
0.0
 13
0
 23
8.90969387755104
 14
62.5890625
 24
8.90969387755104
 33
0.0
 34
0.0
53
90
  0
DIMENSION
  8
2D_DIM
  2
*D1
  3
ROUTEDIM
  1
8.91
 10
62.5890625
 20
8.90969387755104
 30
0.0
 11
62.5890625
 21
4.45484693877552
 31
0
 13
62.5890625
 23
0
 14
62.5890625
 24
8.90969387755104
 50
90.0
53
0
 33
0.0
 34
0.0
  0
DIMENSION
  8
2D_DIM
  2
*D1
  3
ROUTEDIM
  1
62.607
 10
62.6071428454236
 20
8.78571427399496
 30
0.0
 11
31.3035714227118
 21
8.78571427399496
 31
0.0
 13
0
 23
8.78571427399496
 14
62.6071428454236
 24
8.78571427399496
 33
0.0
 34
0.0
53
90
  0
DIMENSION
  8
2D_DIM
  2
*D1
  3
ROUTEDIM
  1
8.786
 10
62.6071428454236
 20
8.78571427399496
 30
0.0
 11
62.6071428454236
 21
4.39285713699748
 31
0
 13
62.6071428454236
 23
0
 14
62.6071428454236
 24
8.78571427399496
 50
90.0
53
0
 33
0.0
 34
0.0
  0
DIMENSION
  8
2D_DIM
  2
*D1
  3
ROUTEDIM
  1
62.607
 10
62.6071428688622
 20
8.78571427399497
 30
0.0
 11
31.3035714344311
 21
8.78571427399497
 31
0.0
 13
0
 23
8.78571427399497
 14
62.6071428688622
 24
8.78571427399497
 33
0.0
 34
0.0
53
90
  0
DIMENSION
  8
2D_DIM
  2
*D1
  3
ROUTEDIM
  1
8.786
 10
62.6071428688622
 20
8.78571427399497
 30
0.0
 11
62.6071428688622
 21
4.39285713699748
 31
0
 13
62.6071428688622
 23
0
 14
62.6071428688622
 24
8.78571427399497
 50
90.0
53
0
 33
0.0
 34
0.0
  0
DIMENSION
  8
2D_DIM
  2
*D1
  3
ROUTEDIM
  1
62.607
 10
62.6071428688622
 20
8.78571429743363
 30
0.0
 11
31.3035714344311
 21
8.78571429743363
 31
0.0
 13
0
 23
8.78571429743363
 14
62.6071428688622
 24
8.78571429743363
 33
0.0
 34
0.0
53
90
  0
DIMENSION
  8
2D_DIM
  2
*D1
  3
ROUTEDIM
  1
8.786
 10
62.6071428688622
 20
8.78571429743363
 30
0.0
 11
62.6071428688622
 21
4.39285714871682
 31
0
 13
62.6071428688622
 23
0
 14
62.6071428688622
 24
8.78571429743363
 50
90.0
53
0
 33
0.0
 34
0.0
  0
DIMENSION
  8
2D_DIM
  2
*D1
  3
ROUTEDIM
  1
62.607
 10
62.6071428454236
 20
8.78571429743363
 30
0.0
 11
31.3035714227118
 21
8.78571429743363
 31
0.0
 13
0
 23
8.78571429743363
 14
62.6071428454236
 24
8.78571429743363
 33
0.0
 34
0.0
53
90
  0
DIMENSION
  8
2D_DIM
  2
*D1
  3
ROUTEDIM
  1
8.786
 10
62.6071428454236
 20
8.78571429743363
 30
0.0
 11
62.6071428454236
 21
4.39285714871682
 31
0
 13
62.6071428454236
 23
0
 14
62.6071428454236
 24
8.78571429743363
 50
90.0
53
0
 33
0.0
 34
0.0
  0
DIMENSION
  8
2D_DIM
  2
*D1
  3
ROUTEDIM
  1
62.607
 10
62.6071428454236
 20
8.78571427399496
 30
0.0
 11
31.3035714227118
 21
8.78571427399496
 31
0.0
 13
0
 23
8.78571427399496
 14
62.6071428454236
 24
8.78571427399496
 33
0.0
 34
0.0
53
90
  0
DIMENSION
  8
2D_DIM
  2
*D1
  3
ROUTEDIM
  1
8.786
 10
62.6071428454236
 20
8.78571427399496
 30
0.0
 11
62.6071428454236
 21
4.39285713699748
 31
0
 13
62.6071428454236
 23
0
 14
62.6071428454236
 24
8.78571427399496
 50
90.0
53
0
 33
0.0
 34
0.0
  0
DIMENSION
  8
2D_DIM
  2
*D1
  3
ROUTEDIM
  1
62.659
 10
62.6588010321275
 20
8.83737243767882
 30
0.0
 11
31.3294005160638
 21
8.83737243767882
 31
0.0
 13
0
 23
8.83737243767882
 14
62.6588010321275
 24
8.83737243767882
 33
0.0
 34
0.0
53
90
  0
DIMENSION
  8
2D_DIM
  2
*D1
  3
ROUTEDIM
  1
8.837
 10
62.6588010321275
 20
8.83737243767882
 30
0.0
 11
62.6588010321275
 21
4.41868621883941
 31
0
 13
62.6588010321275
 23
0
 14
62.6588010321275
 24
8.83737243767882
 50
90.0
53
0
 33
0.0
 34
0.0
  0
DIMENSION
  8
2D_DIM
  2
*D1
  3
ROUTEDIM
  1
47.486
 10
47.4863428554687
 20
42.9132942840401
 30
0.0
 11
23.7431714277344
 21
42.9132942840401
 31
0.0
 13
0
 23
42.9132942840401
 14
47.4863428554687
 24
42.9132942840401
 33
0.0
 34
0.0
53
90
  0
DIMENSION
  8
2D_DIM
  2
*D1
  3
ROUTEDIM
  1
42.913
 10
47.4863428554687
 20
42.9132942840401
 30
0.0
 11
47.4863428554687
 21
21.45664714202
 31
0
 13
47.4863428554687
 23
0
 14
47.4863428554687
 24
42.9132942840401
 50
90.0
53
0
 33
0.0
 34
0.0
  0
DIMENSION
  8
2D_DIM
  2
*D1
  3
ROUTEDIM
  1
47.486
 10
47.4863428588171
 20
42.9132942840401
 30
0.0
 11
23.7431714294085
 21
42.9132942840401
 31
0.0
 13
0
 23
42.9132942840401
 14
47.4863428588171
 24
42.9132942840401
 33
0.0
 34
0.0
53
90
  0
DIMENSION
  8
2D_DIM
  2
*D1
  3
ROUTEDIM
  1
42.913
 10
47.4863428588171
 20
42.9132942840401
 30
0.0
 11
47.4863428588171
 21
21.45664714202
 31
0
 13
47.4863428588171
 23
0
 14
47.4863428588171
 24
42.9132942840401
 50
90.0
53
0
 33
0.0
 34
0.0
  0
DIMENSION
  8
2D_DIM
  2
*D1
  3
ROUTEDIM
  1
47.486
 10
47.4863428588171
 20
42.9132942873885
 30
0.0
 11
23.7431714294085
 21
42.9132942873885
 31
0.0
 13
0
 23
42.9132942873885
 14
47.4863428588171
 24
42.9132942873885
 33
0.0
 34
0.0
53
90
  0
DIMENSION
  8
2D_DIM
  2
*D1
  3
ROUTEDIM
  1
42.913
 10
47.4863428588171
 20
42.9132942873885
 30
0.0
 11
47.4863428588171
 21
21.4566471436942
 31
0
 13
47.4863428588171
 23
0
 14
47.4863428588171
 24
42.9132942873885
 50
90.0
53
0
 33
0.0
 34
0.0
  0
DIMENSION
  8
2D_DIM
  2
*D1
  3
ROUTEDIM
  1
47.517
 10
47.5173377534279
 20
42.9442891855988
 30
0.0
 11
23.7586688767139
 21
42.9442891855988
 31
0.0
 13
0
 23
42.9442891855988
 14
47.5173377534279
 24
42.9442891855988
 33
0.0
 34
0.0
53
90
  0
DIMENSION
  8
2D_DIM
  2
*D1
  3
ROUTEDIM
  1
42.944
 10
47.5173377534279
 20
42.9442891855988
 30
0.0
 11
47.5173377534279
 21
21.4721445927994
 31
0
 13
47.5173377534279
 23
0
 14
47.5173377534279
 24
42.9442891855988
 50
90.0
53
0
 33
0.0
 34
0.0
  0
DIMENSION
  8
2D_DIM
  2
*D1
  3
ROUTEDIM
  1
47.453
 10
47.4527650510204
 20
42.9220761734694
 30
0.0
 11
23.7263825255102
 21
42.9220761734694
 31
0.0
 13
0
 23
42.9220761734694
 14
47.4527650510204
 24
42.9220761734694
 33
0.0
 34
0.0
53
90
  0
DIMENSION
  8
2D_DIM
  2
*D1
  3
ROUTEDIM
  1
42.922
 10
47.4527650510204
 20
42.9220761734694
 30
0.0
 11
47.4527650510204
 21
21.4610380867347
 31
0
 13
47.4527650510204
 23
0
 14
47.4527650510204
 24
42.9220761734694
 50
90.0
53
0
 33
0.0
 34
0.0
  0
DIMENSION
  8
2D_DIM
  2
*D1
  3
ROUTEDIM
  1
47.448
 10
47.4475992346939
 20
42.8461386734694
 30
0.0
 11
23.723799617347
 21
42.8461386734694
 31
0.0
 13
0
 23
42.8461386734694
 14
47.4475992346939
 24
42.8461386734694
 33
0.0
 34
0.0
53
90
  0
DIMENSION
  8
2D_DIM
  2
*D1
  3
ROUTEDIM
  1
42.846
 10
47.4475992346939
 20
42.8461386734694
 30
0.0
 11
47.4475992346939
 21
21.4230693367347
 31
0
 13
47.4475992346939
 23
0
 14
47.4475992346939
 24
42.8461386734694
 50
90.0
53
0
 33
0.0
 34
0.0
  0
DIMENSION
  8
2D_DIM
  2
*D1
  3
ROUTEDIM
  1
47.556
 10
47.5560813775511
 20
42.8771335714286
 30
0.0
 11
23.7780406887755
 21
42.8771335714286
 31
0.0
 13
0
 23
42.8771335714286
 14
47.5560813775511
 24
42.8771335714286
 33
0.0
 34
0.0
53
90
  0
DIMENSION
  8
2D_DIM
  2
*D1
  3
ROUTEDIM
  1
42.877
 10
47.5560813775511
 20
42.8771335714286
 30
0.0
 11
47.5560813775511
 21
21.4385667857143
 31
0
 13
47.5560813775511
 23
0
 14
47.5560813775511
 24
42.8771335714286
 50
90.0
53
0
 33
0.0
 34
0.0
  0
DIMENSION
  8
2D_DIM
  2
*D1
  3
ROUTEDIM
  1
47.52
 10
47.5199206632653
 20
42.9856157142857
 30
0.0
 11
23.7599603316327
 21
42.9856157142857
 31
0.0
 13
0
 23
42.9856157142857
 14
47.5199206632653
 24
42.9856157142857
 33
0.0
 34
0.0
53
90
  0
DIMENSION
  8
2D_DIM
  2
*D1
  3
ROUTEDIM
  1
42.986
 10
47.5199206632653
 20
42.9856157142857
 30
0.0
 11
47.5199206632653
 21
21.4928078571429
 31
0
 13
47.5199206632653
 23
0
 14
47.5199206632653
 24
42.9856157142857
 50
90.0
53
0
 33
0.0
 34
0.0
  0
DIMENSION
  8
2D_DIM
  2
*D1
  3
ROUTEDIM
  1
47.411
 10
47.4114385204082
 20
42.9442891836735
 30
0.0
 11
23.7057192602041
 21
42.9442891836735
 31
0.0
 13
0
 23
42.9442891836735
 14
47.4114385204082
 24
42.9442891836735
 33
0.0
 34
0.0
53
90
  0
DIMENSION
  8
2D_DIM
  2
*D1
  3
ROUTEDIM
  1
42.944
 10
47.4114385204082
 20
42.9442891836735
 30
0.0
 11
47.4114385204082
 21
21.4721445918367
 31
0
 13
47.4114385204082
 23
0
 14
47.4114385204082
 24
42.9442891836735
 50
90.0
53
0
 33
0.0
 34
0.0
  0
DIMENSION
  8
2D_DIM
  2
*D1
  3
ROUTEDIM
  1
47.458
 10
47.457930867347
 20
42.8358070408163
 30
0.0
 11
23.7289654336735
 21
42.8358070408163
 31
0.0
 13
0
 23
42.8358070408163
 14
47.457930867347
 24
42.8358070408163
 33
0.0
 34
0.0
53
90
  0
DIMENSION
  8
2D_DIM
  2
*D1
  3
ROUTEDIM
  1
42.836
 10
47.457930867347
 20
42.8358070408163
 30
0.0
 11
47.457930867347
 21
21.4179035204082
 31
0
 13
47.457930867347
 23
0
 14
47.457930867347
 24
42.8358070408163
 50
90.0
53
0
 33
0.0
 34
0.0
  0
DIMENSION
  8
2D_DIM
  2
*D1
  3
ROUTEDIM
  1
47.566
 10
47.5664130102041
 20
42.8874652040816
 30
0.0
 11
23.7832065051021
 21
42.8874652040816
 31
0.0
 13
0
 23
42.8874652040816
 14
47.5664130102041
 24
42.8874652040816
 33
0.0
 34
0.0
53
90
  0
DIMENSION
  8
2D_DIM
  2
*D1
  3
ROUTEDIM
  1
42.887
 10
47.5664130102041
 20
42.8874652040816
 30
0.0
 11
47.5664130102041
 21
21.4437326020408
 31
0
 13
47.5664130102041
 23
0
 14
47.5664130102041
 24
42.8874652040816
 50
90.0
53
0
 33
0.0
 34
0.0
  0
DIMENSION
  8
2D_DIM
  2
*D1
  3
ROUTEDIM
  1
47.51
 10
47.5095890306123
 20
42.9959473469388
 30
0.0
 11
23.7547945153061
 21
42.9959473469388
 31
0.0
 13
0
 23
42.9959473469388
 14
47.5095890306123
 24
42.9959473469388
 33
0.0
 34
0.0
53
90
  0
DIMENSION
  8
2D_DIM
  2
*D1
  3
ROUTEDIM
  1
42.996
 10
47.5095890306123
 20
42.9959473469388
 30
0.0
 11
47.5095890306123
 21
21.4979736734694
 31
0
 13
47.5095890306123
 23
0
 14
47.5095890306123
 24
42.9959473469388
 50
90.0
53
0
 33
0.0
 34
0.0
  0
DIMENSION
  8
2D_DIM
  2
*D1
  3
ROUTEDIM
  1
47.401
 10
47.4011068877551
 20
42.9339575510204
 30
0.0
 11
23.7005534438776
 21
42.9339575510204
 31
0.0
 13
0
 23
42.9339575510204
 14
47.4011068877551
 24
42.9339575510204
 33
0.0
 34
0.0
53
90
  0
DIMENSION
  8
2D_DIM
  2
*D1
  3
ROUTEDIM
  1
42.934
 10
47.4011068877551
 20
42.9339575510204
 30
0.0
 11
47.4011068877551
 21
21.4669787755102
 31
0
 13
47.4011068877551
 23
0
 14
47.4011068877551
 24
42.9339575510204
 50
90.0
53
0
 33
0.0
 34
0.0
  0
DIMENSION
  8
2D_DIM
  2
*D1
  3
ROUTEDIM
  1
47.468
 10
47.4682625
 20
42.8254754081633
 30
0.0
 11
23.73413125
 21
42.8254754081633
 31
0.0
 13
0
 23
42.8254754081633
 14
47.4682625
 24
42.8254754081633
 33
0.0
 34
0.0
53
90
  0
DIMENSION
  8
2D_DIM
  2
*D1
  3
ROUTEDIM
  1
42.825
 10
47.4682625
 20
42.8254754081633
 30
0.0
 11
47.4682625
 21
21.4127377040816
 31
0
 13
47.4682625
 23
0
 14
47.4682625
 24
42.8254754081633
 50
90.0
53
0
 33
0.0
 34
0.0
  0
DIMENSION
  8
2D_DIM
  2
*D1
  3
ROUTEDIM
  1
47.577
 10
47.5767446428572
 20
42.8977968367347
 30
0.0
 11
23.7883723214286
 21
42.8977968367347
 31
0.0
 13
0
 23
42.8977968367347
 14
47.5767446428572
 24
42.8977968367347
 33
0.0
 34
0.0
53
90
  0
DIMENSION
  8
2D_DIM
  2
*D1
  3
ROUTEDIM
  1
42.898
 10
47.5767446428572
 20
42.8977968367347
 30
0.0
 11
47.5767446428572
 21
21.4488984183673
 31
0
 13
47.5767446428572
 23
0
 14
47.5767446428572
 24
42.8977968367347
 50
90.0
53
0
 33
0.0
 34
0.0
  0
DIMENSION
  8
2D_DIM
  2
*D1
  3
ROUTEDIM
  1
47.499
 10
47.4992573979592
 20
43.0062789795918
 30
0.0
 11
23.7496286989796
 21
43.0062789795918
 31
0.0
 13
0
 23
43.0062789795918
 14
47.4992573979592
 24
43.0062789795918
 33
0.0
 34
0.0
53
90
  0
DIMENSION
  8
2D_DIM
  2
*D1
  3
ROUTEDIM
  1
43.006
 10
47.4992573979592
 20
43.0062789795918
 30
0.0
 11
47.4992573979592
 21
21.5031394897959
 31
0
 13
47.4992573979592
 23
0
 14
47.4992573979592
 24
43.0062789795918
 50
90.0
53
0
 33
0.0
 34
0.0
  0
DIMENSION
  8
2D_DIM
  2
*D1
  3
ROUTEDIM
  1
47.391
 10
47.3907752551021
 20
42.9236259183673
 30
0.0
 11
23.695387627551
 21
42.9236259183673
 31
0.0
 13
0
 23
42.9236259183673
 14
47.3907752551021
 24
42.9236259183673
 33
0.0
 34
0.0
53
90
  0
DIMENSION
  8
2D_DIM
  2
*D1
  3
ROUTEDIM
  1
42.924
 10
47.3907752551021
 20
42.9236259183673
 30
0.0
 11
47.3907752551021
 21
21.4618129591837
 31
0
 13
47.3907752551021
 23
0
 14
47.3907752551021
 24
42.9236259183673
 50
90.0
53
0
 33
0.0
 34
0.0
  0
DIMENSION
  8
2D_DIM
  2
*D1
  3
ROUTEDIM
  1
47.479
 10
47.4785941326531
 20
42.8151437755102
 30
0.0
 11
23.7392970663266
 21
42.8151437755102
 31
0.0
 13
0
 23
42.8151437755102
 14
47.4785941326531
 24
42.8151437755102
 33
0.0
 34
0.0
53
90
  0
DIMENSION
  8
2D_DIM
  2
*D1
  3
ROUTEDIM
  1
42.815
 10
47.4785941326531
 20
42.8151437755102
 30
0.0
 11
47.4785941326531
 21
21.4075718877551
 31
0
 13
47.4785941326531
 23
0
 14
47.4785941326531
 24
42.8151437755102
 50
90.0
53
0
 33
0.0
 34
0.0
  0
DIMENSION
  8
2D_DIM
  2
*D1
  3
ROUTEDIM
  1
47.587
 10
47.5870762755102
 20
42.9081284693878
 30
0.0
 11
23.7935381377551
 21
42.9081284693878
 31
0.0
 13
0
 23
42.9081284693878
 14
47.5870762755102
 24
42.9081284693878
 33
0.0
 34
0.0
53
90
  0
DIMENSION
  8
2D_DIM
  2
*D1
  3
ROUTEDIM
  1
42.908
 10
47.5870762755102
 20
42.9081284693878
 30
0.0
 11
47.5870762755102
 21
21.4540642346939
 31
0
 13
47.5870762755102
 23
0
 14
47.5870762755102
 24
42.9081284693878
 50
90.0
53
0
 33
0.0
 34
0.0
  0
DIMENSION
  8
2D_DIM
  2
*D1
  3
ROUTEDIM
  1
47.489
 10
47.4889257653062
 20
43.0166106122449
 30
0.0
 11
23.7444628826531
 21
43.0166106122449
 31
0.0
 13
0
 23
43.0166106122449
 14
47.4889257653062
 24
43.0166106122449
 33
0.0
 34
0.0
53
90
  0
DIMENSION
  8
2D_DIM
  2
*D1
  3
ROUTEDIM
  1
43.017
 10
47.4889257653062
 20
43.0166106122449
 30
0.0
 11
47.4889257653062
 21
21.5083053061224
 31
0
 13
47.4889257653062
 23
0
 14
47.4889257653062
 24
43.0166106122449
 50
90.0
53
0
 33
0.0
 34
0.0
  0
DIMENSION
  8
2D_DIM
  2
*D1
  3
ROUTEDIM
  1
47.38
 10
47.380443622449
 20
42.9132942857143
 30
0.0
 11
23.6902218112245
 21
42.9132942857143
 31
0.0
 13
0
 23
42.9132942857143
 14
47.380443622449
 24
42.9132942857143
 33
0.0
 34
0.0
53
90
  0
DIMENSION
  8
2D_DIM
  2
*D1
  3
ROUTEDIM
  1
42.913
 10
47.380443622449
 20
42.9132942857143
 30
0.0
 11
47.380443622449
 21
21.4566471428571
 31
0
 13
47.380443622449
 23
0
 14
47.380443622449
 24
42.9132942857143
 50
90.0
53
0
 33
0.0
 34
0.0
  0
DIMENSION
  8
2D_DIM
  2
*D1
  3
ROUTEDIM
  1
47.489
 10
47.4889257653062
 20
42.8048121428571
 30
0.0
 11
23.7444628826531
 21
42.8048121428571
 31
0.0
 13
0
 23
42.8048121428571
 14
47.4889257653062
 24
42.8048121428571
 33
0.0
 34
0.0
53
90
  0
DIMENSION
  8
2D_DIM
  2
*D1
  3
ROUTEDIM
  1
42.805
 10
47.4889257653062
 20
42.8048121428571
 30
0.0
 11
47.4889257653062
 21
21.4024060714286
 31
0
 13
47.4889257653062
 23
0
 14
47.4889257653062
 24
42.8048121428571
 50
90.0
53
0
 33
0.0
 34
0.0
  0
DIMENSION
  8
2D_DIM
  2
*D1
  3
ROUTEDIM
  1
47.597
 10
47.5974079081633
 20
42.9184601020408
 30
0.0
 11
23.7987039540817
 21
42.9184601020408
 31
0.0
 13
0
 23
42.9184601020408
 14
47.5974079081633
 24
42.9184601020408
 33
0.0
 34
0.0
53
90
  0
DIMENSION
  8
2D_DIM
  2
*D1
  3
ROUTEDIM
  1
42.918
 10
47.5974079081633
 20
42.9184601020408
 30
0.0
 11
47.5974079081633
 21
21.4592300510204
 31
0
 13
47.5974079081633
 23
0
 14
47.5974079081633
 24
42.9184601020408
 50
90.0
53
0
 33
0.0
 34
0.0
  0
DIMENSION
  8
2D_DIM
  2
*D1
  3
ROUTEDIM
  1
47.479
 10
47.4785941326531
 20
43.026942244898
 30
0.0
 11
23.7392970663266
 21
43.026942244898
 31
0.0
 13
0
 23
43.026942244898
 14
47.4785941326531
 24
43.026942244898
 33
0.0
 34
0.0
53
90
  0
DIMENSION
  8
2D_DIM
  2
*D1
  3
ROUTEDIM
  1
43.027
 10
47.4785941326531
 20
43.026942244898
 30
0.0
 11
47.4785941326531
 21
21.513471122449
 31
0
 13
47.4785941326531
 23
0
 14
47.4785941326531
 24
43.026942244898
 50
90.0
53
0
 33
0.0
 34
0.0
  0
DIMENSION
  8
2D_DIM
  2
*D1
  3
ROUTEDIM
  1
47.37
 10
47.370111989796
 20
42.9029626530612
 30
0.0
 11
23.685055994898
 21
42.9029626530612
 31
0.0
 13
0
 23
42.9029626530612
 14
47.370111989796
 24
42.9029626530612
 33
0.0
 34
0.0
53
90
  0
DIMENSION
  8
2D_DIM
  2
*D1
  3
ROUTEDIM
  1
42.903
 10
47.370111989796
 20
42.9029626530612
 30
0.0
 11
47.370111989796
 21
21.4514813265306
 31
0
 13
47.370111989796
 23
0
 14
47.370111989796
 24
42.9029626530612
 50
90.0
53
0
 33
0.0
 34
0.0
  0
DIMENSION
  8
2D_DIM
  2
*D1
  3
ROUTEDIM
  1
47.499
 10
47.4992573979592
 20
42.7944805102041
 30
0.0
 11
23.7496286989796
 21
42.7944805102041
 31
0.0
 13
0
 23
42.7944805102041
 14
47.4992573979592
 24
42.7944805102041
 33
0.0
 34
0.0
53
90
  0
DIMENSION
  8
2D_DIM
  2
*D1
  3
ROUTEDIM
  1
42.794
 10
47.4992573979592
 20
42.7944805102041
 30
0.0
 11
47.4992573979592
 21
21.397240255102
 31
0
 13
47.4992573979592
 23
0
 14
47.4992573979592
 24
42.7944805102041
 50
90.0
53
0
 33
0.0
 34
0.0
  0
DIMENSION
  8
2D_DIM
  2
*D1
  3
ROUTEDIM
  1
47.608
 10
47.6077395408164
 20
42.9287917346939
 30
0.0
 11
23.8038697704082
 21
42.9287917346939
 31
0.0
 13
0
 23
42.9287917346939
 14
47.6077395408164
 24
42.9287917346939
 33
0.0
 34
0.0
53
90
  0
DIMENSION
  8
2D_DIM
  2
*D1
  3
ROUTEDIM
  1
42.929
 10
47.6077395408164
 20
42.9287917346939
 30
0.0
 11
47.6077395408164
 21
21.4643958673469
 31
0
 13
47.6077395408164
 23
0
 14
47.6077395408164
 24
42.9287917346939
 50
90.0
53
0
 33
0.0
 34
0.0
  0
DIMENSION
  8
2D_DIM
  2
*D1
  3
ROUTEDIM
  1
47.468
 10
47.4682625
 20
43.037273877551
 30
0.0
 11
23.73413125
 21
43.037273877551
 31
0.0
 13
0
 23
43.037273877551
 14
47.4682625
 24
43.037273877551
 33
0.0
 34
0.0
53
90
  0
DIMENSION
  8
2D_DIM
  2
*D1
  3
ROUTEDIM
  1
43.037
 10
47.4682625
 20
43.037273877551
 30
0.0
 11
47.4682625
 21
21.5186369387755
 31
0
 13
47.4682625
 23
0
 14
47.4682625
 24
43.037273877551
 50
90.0
53
0
 33
0.0
 34
0.0
  0
DIMENSION
  8
2D_DIM
  2
*D1
  3
ROUTEDIM
  1
47.486
 10
47.4863428454236
 20
42.9132942739949
 30
0.0
 11
23.7431714227118
 21
42.9132942739949
 31
0.0
 13
0
 23
42.9132942739949
 14
47.4863428454236
 24
42.9132942739949
 33
0.0
 34
0.0
53
90
  0
DIMENSION
  8
2D_DIM
  2
*D1
  3
ROUTEDIM
  1
42.913
 10
47.4863428454236
 20
42.9132942739949
 30
0.0
 11
47.4863428454236
 21
21.4566471369975
 31
0
 13
47.4863428454236
 23
0
 14
47.4863428454236
 24
42.9132942739949
 50
90.0
53
0
 33
0.0
 34
0.0
  0
DIMENSION
  8
2D_DIM
  2
*D1
  3
ROUTEDIM
  1
47.486
 10
47.4863428688622
 20
42.9132942739949
 30
0.0
 11
23.7431714344311
 21
42.9132942739949
 31
0.0
 13
0
 23
42.9132942739949
 14
47.4863428688622
 24
42.9132942739949
 33
0.0
 34
0.0
53
90
  0
DIMENSION
  8
2D_DIM
  2
*D1
  3
ROUTEDIM
  1
42.913
 10
47.4863428688622
 20
42.9132942739949
 30
0.0
 11
47.4863428688622
 21
21.4566471369975
 31
0
 13
47.4863428688622
 23
0
 14
47.4863428688622
 24
42.9132942739949
 50
90.0
53
0
 33
0.0
 34
0.0
  0
DIMENSION
  8
2D_DIM
  2
*D1
  3
ROUTEDIM
  1
47.486
 10
47.4863428688622
 20
42.9132942974336
 30
0.0
 11
23.7431714344311
 21
42.9132942974336
 31
0.0
 13
0
 23
42.9132942974336
 14
47.4863428688622
 24
42.9132942974336
 33
0.0
 34
0.0
53
90
  0
DIMENSION
  8
2D_DIM
  2
*D1
  3
ROUTEDIM
  1
42.913
 10
47.4863428688622
 20
42.9132942974336
 30
0.0
 11
47.4863428688622
 21
21.4566471487168
 31
0
 13
47.4863428688622
 23
0
 14
47.4863428688622
 24
42.9132942974336
 50
90.0
53
0
 33
0.0
 34
0.0
  0
DIMENSION
  8
2D_DIM
  2
*D1
  3
ROUTEDIM
  1
47.486
 10
47.4863428454236
 20
42.9132942974336
 30
0.0
 11
23.7431714227118
 21
42.9132942974336
 31
0.0
 13
0
 23
42.9132942974336
 14
47.4863428454236
 24
42.9132942974336
 33
0.0
 34
0.0
53
90
  0
DIMENSION
  8
2D_DIM
  2
*D1
  3
ROUTEDIM
  1
42.913
 10
47.4863428454236
 20
42.9132942974336
 30
0.0
 11
47.4863428454236
 21
21.4566471487168
 31
0
 13
47.4863428454236
 23
0
 14
47.4863428454236
 24
42.9132942974336
 50
90.0
53
0
 33
0.0
 34
0.0
  0
DIMENSION
  8
2D_DIM
  2
*D1
  3
ROUTEDIM
  1
47.486
 10
47.4863428454236
 20
42.9132942739949
 30
0.0
 11
23.7431714227118
 21
42.9132942739949
 31
0.0
 13
0
 23
42.9132942739949
 14
47.4863428454236
 24
42.9132942739949
 33
0.0
 34
0.0
53
90
  0
DIMENSION
  8
2D_DIM
  2
*D1
  3
ROUTEDIM
  1
42.913
 10
47.4863428454236
 20
42.9132942739949
 30
0.0
 11
47.4863428454236
 21
21.4566471369975
 31
0
 13
47.4863428454236
 23
0
 14
47.4863428454236
 24
42.9132942739949
 50
90.0
53
0
 33
0.0
 34
0.0
  0
DIMENSION
  8
2D_DIM
  2
*D1
  3
ROUTEDIM
  1
47.538
 10
47.5380010321275
 20
42.9649524376788
 30
0.0
 11
23.7690005160638
 21
42.9649524376788
 31
0.0
 13
0
 23
42.9649524376788
 14
47.5380010321275
 24
42.9649524376788
 33
0.0
 34
0.0
53
90
  0
DIMENSION
  8
2D_DIM
  2
*D1
  3
ROUTEDIM
  1
42.965
 10
47.5380010321275
 20
42.9649524376788
 30
0.0
 11
47.5380010321275
 21
21.4824762188394
 31
0
 13
47.5380010321275
 23
0
 14
47.5380010321275
 24
42.9649524376788
 50
90.0
53
0
 33
0.0
 34
0.0
  0
DIMENSION
  8
2D_DIM
  2
*D1
  3
ROUTEDIM
  1
63.063
 10
63.0625000000001
 20
9
 30
0.0
 11
31.53125
 21
9
 31
0.0
 13
0
 23
9
 14
63.0625000000001
 24
9
 33
0.0
 34
0.0
53
90
  0
DIMENSION
  8
2D_DIM
  2
*D1
  3
ROUTEDIM
  1
9
 10
63.0625000000001
 20
9
 30
0.0
 11
63.0625000000001
 21
4.5
 31
0
 13
63.0625000000001
 23
0
 14
63.0625000000001
 24
9
 50
90.0
53
0
 33
0.0
 34
0.0
  0
DIMENSION
  8
2D_DIM
  2
*D1
  3
ROUTEDIM
  1
47.942
 10
47.9417
 20
43.12758
 30
0.0
 11
23.97085
 21
43.12758
 31
0.0
 13
0
 23
43.12758
 14
47.9417
 24
43.12758
 33
0.0
 34
0.0
53
90
  0
DIMENSION
  8
2D_DIM
  2
*D1
  3
ROUTEDIM
  1
43.128
 10
47.9417
 20
43.12758
 30
0.0
 11
47.9417
 21
21.56379
 31
0
 13
47.9417
 23
0
 14
47.9417
 24
43.12758
 50
90.0
53
0
 33
0.0
 34
0.0
  0
DIMENSION
  8
2D_DIM
  2
*D1
  3
ROUTEDIM
  1
72.563
 10
72.5625000000001
 20
29
 30
0.0
 11
36.28125
 21
29
 31
0.0
 13
0
 23
29
 14
72.5625000000001
 24
29
 33
0.0
 34
0.0
53
90
  0
DIMENSION
  8
2D_DIM
  2
*D1
  3
ROUTEDIM
  1
29
 10
72.5625000000001
 20
29
 30
0.0
 11
72.5625000000001
 21
14.5
 31
0
 13
72.5625000000001
 23
0
 14
72.5625000000001
 24
29
 50
90.0
53
0
 33
0.0
 34
0.0
  0
DIMENSION
  8
2D_DIM
  2
*D1
  3
ROUTEDIM
  1
28.613
 10
28.6125599981995
 20
37.0472999981995
 30
0.0
 11
14.3062799990998
 21
37.0472999981995
 31
0.0
 13
0
 23
37.0472999981995
 14
28.6125599981995
 24
37.0472999981995
 33
0.0
 34
0.0
53
90
  0
DIMENSION
  8
2D_DIM
  2
*D1
  3
ROUTEDIM
  1
37.047
 10
28.6125599981995
 20
37.0472999981995
 30
0.0
 11
28.6125599981995
 21
18.5236499990998
 31
0
 13
28.6125599981995
 23
0
 14
28.6125599981995
 24
37.0472999981995
 50
90.0
53
0
 33
0.0
 34
0.0
  0
DIMENSION
  8
2D_DIM
  2
*D1
  3
ROUTEDIM
  1
28.613
 10
28.6125600018005
 20
37.0472999981995
 30
0.0
 11
14.3062800009002
 21
37.0472999981995
 31
0.0
 13
0
 23
37.0472999981995
 14
28.6125600018005
 24
37.0472999981995
 33
0.0
 34
0.0
53
90
  0
DIMENSION
  8
2D_DIM
  2
*D1
  3
ROUTEDIM
  1
37.047
 10
28.6125600018005
 20
37.0472999981995
 30
0.0
 11
28.6125600018005
 21
18.5236499990998
 31
0
 13
28.6125600018005
 23
0
 14
28.6125600018005
 24
37.0472999981995
 50
90.0
53
0
 33
0.0
 34
0.0
  0
DIMENSION
  8
2D_DIM
  2
*D1
  3
ROUTEDIM
  1
28.613
 10
28.6125600018005
 20
37.0473000018005
 30
0.0
 11
14.3062800009002
 21
37.0473000018005
 31
0.0
 13
0
 23
37.0473000018005
 14
28.6125600018005
 24
37.0473000018005
 33
0.0
 34
0.0
53
90
  0
DIMENSION
  8
2D_DIM
  2
*D1
  3
ROUTEDIM
  1
37.047
 10
28.6125600018005
 20
37.0473000018005
 30
0.0
 11
28.6125600018005
 21
18.5236500009002
 31
0
 13
28.6125600018005
 23
0
 14
28.6125600018005
 24
37.0473000018005
 50
90.0
53
0
 33
0.0
 34
0.0
  0
DIMENSION
  8
2D_DIM
  2
*D1
  3
ROUTEDIM
  1
28.646
 10
28.6458929981995
 20
37.0806330020706
 30
0.0
 11
14.3229464990998
 21
37.0806330020706
 31
0.0
 13
0
 23
37.0806330020706
 14
28.6458929981995
 24
37.0806330020706
 33
0.0
 34
0.0
53
90
  0
DIMENSION
  8
2D_DIM
  2
*D1
  3
ROUTEDIM
  1
37.081
 10
28.6458929981995
 20
37.0806330020706
 30
0.0
 11
28.6458929981995
 21
18.5403165010353
 31
0
 13
28.6458929981995
 23
0
 14
28.6458929981995
 24
37.0806330020706
 50
90.0
53
0
 33
0.0
 34
0.0
  0
DIMENSION
  8
2D_DIM
  2
*D1
  3
ROUTEDIM
  1
28.576
 10
28.57644925
 20
37.05674435
 30
0.0
 11
14.288224625
 21
37.05674435
 31
0.0
 13
0
 23
37.05674435
 14
28.57644925
 24
37.05674435
 33
0.0
 34
0.0
53
90
  0
DIMENSION
  8
2D_DIM
  2
*D1
  3
ROUTEDIM
  1
37.057
 10
28.57644925
 20
37.05674435
 30
0.0
 11
28.57644925
 21
18.528372175
 31
0
 13
28.57644925
 23
0
 14
28.57644925
 24
37.05674435
 50
90.0
53
0
 33
0.0
 34
0.0
  0
DIMENSION
  8
2D_DIM
  2
*D1
  3
ROUTEDIM
  1
28.571
 10
28.57089375
 20
36.9750785
 30
0.0
 11
14.285446875
 21
36.9750785
 31
0.0
 13
0
 23
36.9750785
 14
28.57089375
 24
36.9750785
 33
0.0
 34
0.0
53
90
  0
DIMENSION
  8
2D_DIM
  2
*D1
  3
ROUTEDIM
  1
36.975
 10
28.57089375
 20
36.9750785
 30
0.0
 11
28.57089375
 21
18.48753925
 31
0
 13
28.57089375
 23
0
 14
28.57089375
 24
36.9750785
 50
90.0
53
0
 33
0.0
 34
0.0
  0
DIMENSION
  8
2D_DIM
  2
*D1
  3
ROUTEDIM
  1
28.688
 10
28.68755925
 20
37.0084115
 30
0.0
 11
14.343779625
 21
37.0084115
 31
0.0
 13
0
 23
37.0084115
 14
28.68755925
 24
37.0084115
 33
0.0
 34
0.0
53
90
  0
DIMENSION
  8
2D_DIM
  2
*D1
  3
ROUTEDIM
  1
37.008
 10
28.68755925
 20
37.0084115
 30
0.0
 11
28.68755925
 21
18.50420575
 31
0
 13
28.68755925
 23
0
 14
28.68755925
 24
37.0084115
 50
90.0
53
0
 33
0.0
 34
0.0
  0
DIMENSION
  8
2D_DIM
  2
*D1
  3
ROUTEDIM
  1
28.649
 10
28.64867075
 20
37.125077
 30
0.0
 11
14.324335375
 21
37.125077
 31
0.0
 13
0
 23
37.125077
 14
28.64867075
 24
37.125077
 33
0.0
 34
0.0
53
90
  0
DIMENSION
  8
2D_DIM
  2
*D1
  3
ROUTEDIM
  1
37.125
 10
28.64867075
 20
37.125077
 30
0.0
 11
28.64867075
 21
18.5625385
 31
0
 13
28.64867075
 23
0
 14
28.64867075
 24
37.125077
 50
90.0
53
0
 33
0.0
 34
0.0
  0
DIMENSION
  8
2D_DIM
  2
*D1
  3
ROUTEDIM
  1
28.532
 10
28.53200525
 20
37.080633
 30
0.0
 11
14.266002625
 21
37.080633
 31
0.0
 13
0
 23
37.080633
 14
28.53200525
 24
37.080633
 33
0.0
 34
0.0
53
90
  0
DIMENSION
  8
2D_DIM
  2
*D1
  3
ROUTEDIM
  1
37.081
 10
28.53200525
 20
37.080633
 30
0.0
 11
28.53200525
 21
18.5403165
 31
0
 13
28.53200525
 23
0
 14
28.53200525
 24
37.080633
 50
90.0
53
0
 33
0.0
 34
0.0
  0
DIMENSION
  8
2D_DIM
  2
*D1
  3
ROUTEDIM
  1
28.582
 10
28.58200475
 20
36.9639675
 30
0.0
 11
14.291002375
 21
36.9639675
 31
0.0
 13
0
 23
36.9639675
 14
28.58200475
 24
36.9639675
 33
0.0
 34
0.0
53
90
  0
DIMENSION
  8
2D_DIM
  2
*D1
  3
ROUTEDIM
  1
36.964
 10
28.58200475
 20
36.9639675
 30
0.0
 11
28.58200475
 21
18.48198375
 31
0
 13
28.58200475
 23
0
 14
28.58200475
 24
36.9639675
 50
90.0
53
0
 33
0.0
 34
0.0
  0
DIMENSION
  8
2D_DIM
  2
*D1
  3
ROUTEDIM
  1
28.699
 10
28.69867025
 20
37.0195225
 30
0.0
 11
14.349335125
 21
37.0195225
 31
0.0
 13
0
 23
37.0195225
 14
28.69867025
 24
37.0195225
 33
0.0
 34
0.0
53
90
  0
DIMENSION
  8
2D_DIM
  2
*D1
  3
ROUTEDIM
  1
37.02
 10
28.69867025
 20
37.0195225
 30
0.0
 11
28.69867025
 21
18.50976125
 31
0
 13
28.69867025
 23
0
 14
28.69867025
 24
37.0195225
 50
90.0
53
0
 33
0.0
 34
0.0
  0
DIMENSION
  8
2D_DIM
  2
*D1
  3
ROUTEDIM
  1
28.638
 10
28.63755975
 20
37.136188
 30
0.0
 11
14.318779875
 21
37.136188
 31
0.0
 13
0
 23
37.136188
 14
28.63755975
 24
37.136188
 33
0.0
 34
0.0
53
90
  0
DIMENSION
  8
2D_DIM
  2
*D1
  3
ROUTEDIM
  1
37.136
 10
28.63755975
 20
37.136188
 30
0.0
 11
28.63755975
 21
18.568094
 31
0
 13
28.63755975
 23
0
 14
28.63755975
 24
37.136188
 50
90.0
53
0
 33
0.0
 34
0.0
  0
DIMENSION
  8
2D_DIM
  2
*D1
  3
ROUTEDIM
  1
28.521
 10
28.52089425
 20
37.069522
 30
0.0
 11
14.260447125
 21
37.069522
 31
0.0
 13
0
 23
37.069522
 14
28.52089425
 24
37.069522
 33
0.0
 34
0.0
53
90
  0
DIMENSION
  8
2D_DIM
  2
*D1
  3
ROUTEDIM
  1
37.07
 10
28.52089425
 20
37.069522
 30
0.0
 11
28.52089425
 21
18.534761
 31
0
 13
28.52089425
 23
0
 14
28.52089425
 24
37.069522
 50
90.0
53
0
 33
0.0
 34
0.0
  0
DIMENSION
  8
2D_DIM
  2
*D1
  3
ROUTEDIM
  1
28.593
 10
28.59311575
 20
36.9528565
 30
0.0
 11
14.296557875
 21
36.9528565
 31
0.0
 13
0
 23
36.9528565
 14
28.59311575
 24
36.9528565
 33
0.0
 34
0.0
53
90
  0
DIMENSION
  8
2D_DIM
  2
*D1
  3
ROUTEDIM
  1
36.953
 10
28.59311575
 20
36.9528565
 30
0.0
 11
28.59311575
 21
18.47642825
 31
0
 13
28.59311575
 23
0
 14
28.59311575
 24
36.9528565
 50
90.0
53
0
 33
0.0
 34
0.0
  0
DIMENSION
  8
2D_DIM
  2
*D1
  3
ROUTEDIM
  1
28.71
 10
28.70978125
 20
37.0306335
 30
0.0
 11
14.354890625
 21
37.0306335
 31
0.0
 13
0
 23
37.0306335
 14
28.70978125
 24
37.0306335
 33
0.0
 34
0.0
53
90
  0
DIMENSION
  8
2D_DIM
  2
*D1
  3
ROUTEDIM
  1
37.031
 10
28.70978125
 20
37.0306335
 30
0.0
 11
28.70978125
 21
18.51531675
 31
0
 13
28.70978125
 23
0
 14
28.70978125
 24
37.0306335
 50
90.0
53
0
 33
0.0
 34
0.0
  0
DIMENSION
  8
2D_DIM
  2
*D1
  3
ROUTEDIM
  1
28.626
 10
28.62644875
 20
37.147299
 30
0.0
 11
14.313224375
 21
37.147299
 31
0.0
 13
0
 23
37.147299
 14
28.62644875
 24
37.147299
 33
0.0
 34
0.0
53
90
  0
DIMENSION
  8
2D_DIM
  2
*D1
  3
ROUTEDIM
  1
37.147
 10
28.62644875
 20
37.147299
 30
0.0
 11
28.62644875
 21
18.5736495
 31
0
 13
28.62644875
 23
0
 14
28.62644875
 24
37.147299
 50
90.0
53
0
 33
0.0
 34
0.0
  0
DIMENSION
  8
2D_DIM
  2
*D1
  3
ROUTEDIM
  1
28.51
 10
28.50978325
 20
37.058411
 30
0.0
 11
14.254891625
 21
37.058411
 31
0.0
 13
0
 23
37.058411
 14
28.50978325
 24
37.058411
 33
0.0
 34
0.0
53
90
  0
DIMENSION
  8
2D_DIM
  2
*D1
  3
ROUTEDIM
  1
37.058
 10
28.50978325
 20
37.058411
 30
0.0
 11
28.50978325
 21
18.5292055
 31
0
 13
28.50978325
 23
0
 14
28.50978325
 24
37.058411
 50
90.0
53
0
 33
0.0
 34
0.0
  0
DIMENSION
  8
2D_DIM
  2
*D1
  3
ROUTEDIM
  1
28.604
 10
28.60422675
 20
36.9417455
 30
0.0
 11
14.302113375
 21
36.9417455
 31
0.0
 13
0
 23
36.9417455
 14
28.60422675
 24
36.9417455
 33
0.0
 34
0.0
53
90
  0
DIMENSION
  8
2D_DIM
  2
*D1
  3
ROUTEDIM
  1
36.942
 10
28.60422675
 20
36.9417455
 30
0.0
 11
28.60422675
 21
18.47087275
 31
0
 13
28.60422675
 23
0
 14
28.60422675
 24
36.9417455
 50
90.0
53
0
 33
0.0
 34
0.0
  0
DIMENSION
  8
2D_DIM
  2
*D1
  3
ROUTEDIM
  1
28.721
 10
28.72089225
 20
37.0417445
 30
0.0
 11
14.360446125
 21
37.0417445
 31
0.0
 13
0
 23
37.0417445
 14
28.72089225
 24
37.0417445
 33
0.0
 34
0.0
53
90
  0
DIMENSION
  8
2D_DIM
  2
*D1
  3
ROUTEDIM
  1
37.042
 10
28.72089225
 20
37.0417445
 30
0.0
 11
28.72089225
 21
18.52087225
 31
0
 13
28.72089225
 23
0
 14
28.72089225
 24
37.0417445
 50
90.0
53
0
 33
0.0
 34
0.0
  0
DIMENSION
  8
2D_DIM
  2
*D1
  3
ROUTEDIM
  1
28.615
 10
28.61533775
 20
37.15841
 30
0.0
 11
14.307668875
 21
37.15841
 31
0.0
 13
0
 23
37.15841
 14
28.61533775
 24
37.15841
 33
0.0
 34
0.0
53
90
  0
DIMENSION
  8
2D_DIM
  2
*D1
  3
ROUTEDIM
  1
37.158
 10
28.61533775
 20
37.15841
 30
0.0
 11
28.61533775
 21
18.579205
 31
0
 13
28.61533775
 23
0
 14
28.61533775
 24
37.15841
 50
90.0
53
0
 33
0.0
 34
0.0
  0
DIMENSION
  8
2D_DIM
  2
*D1
  3
ROUTEDIM
  1
28.499
 10
28.49867225
 20
37.0473
 30
0.0
 11
14.249336125
 21
37.0473
 31
0.0
 13
0
 23
37.0473
 14
28.49867225
 24
37.0473
 33
0.0
 34
0.0
53
90
  0
DIMENSION
  8
2D_DIM
  2
*D1
  3
ROUTEDIM
  1
37.047
 10
28.49867225
 20
37.0473
 30
0.0
 11
28.49867225
 21
18.52365
 31
0
 13
28.49867225
 23
0
 14
28.49867225
 24
37.0473
 50
90.0
53
0
 33
0.0
 34
0.0
  0
DIMENSION
  8
2D_DIM
  2
*D1
  3
ROUTEDIM
  1
28.615
 10
28.61533775
 20
36.9306345
 30
0.0
 11
14.307668875
 21
36.9306345
 31
0.0
 13
0
 23
36.9306345
 14
28.61533775
 24
36.9306345
 33
0.0
 34
0.0
53
90
  0
DIMENSION
  8
2D_DIM
  2
*D1
  3
ROUTEDIM
  1
36.931
 10
28.61533775
 20
36.9306345
 30
0.0
 11
28.61533775
 21
18.46531725
 31
0
 13
28.61533775
 23
0
 14
28.61533775
 24
36.9306345
 50
90.0
53
0
 33
0.0
 34
0.0
  0
DIMENSION
  8
2D_DIM
  2
*D1
  3
ROUTEDIM
  1
28.732
 10
28.73200325
 20
37.0528555
 30
0.0
 11
14.366001625
 21
37.0528555
 31
0.0
 13
0
 23
37.0528555
 14
28.73200325
 24
37.0528555
 33
0.0
 34
0.0
53
90
  0
DIMENSION
  8
2D_DIM
  2
*D1
  3
ROUTEDIM
  1
37.053
 10
28.73200325
 20
37.0528555
 30
0.0
 11
28.73200325
 21
18.52642775
 31
0
 13
28.73200325
 23
0
 14
28.73200325
 24
37.0528555
 50
90.0
53
0
 33
0.0
 34
0.0
  0
DIMENSION
  8
2D_DIM
  2
*D1
  3
ROUTEDIM
  1
28.604
 10
28.60422675
 20
37.169521
 30
0.0
 11
14.302113375
 21
37.169521
 31
0.0
 13
0
 23
37.169521
 14
28.60422675
 24
37.169521
 33
0.0
 34
0.0
53
90
  0
DIMENSION
  8
2D_DIM
  2
*D1
  3
ROUTEDIM
  1
37.17
 10
28.60422675
 20
37.169521
 30
0.0
 11
28.60422675
 21
18.5847605
 31
0
 13
28.60422675
 23
0
 14
28.60422675
 24
37.169521
 50
90.0
53
0
 33
0.0
 34
0.0
  0
DIMENSION
  8
2D_DIM
  2
*D1
  3
ROUTEDIM
  1
28.488
 10
28.48756125
 20
37.036189
 30
0.0
 11
14.243780625
 21
37.036189
 31
0.0
 13
0
 23
37.036189
 14
28.48756125
 24
37.036189
 33
0.0
 34
0.0
53
90
  0
DIMENSION
  8
2D_DIM
  2
*D1
  3
ROUTEDIM
  1
37.036
 10
28.48756125
 20
37.036189
 30
0.0
 11
28.48756125
 21
18.5180945
 31
0
 13
28.48756125
 23
0
 14
28.48756125
 24
37.036189
 50
90.0
53
0
 33
0.0
 34
0.0
  0
DIMENSION
  8
2D_DIM
  2
*D1
  3
ROUTEDIM
  1
28.626
 10
28.62644875
 20
36.9195235
 30
0.0
 11
14.313224375
 21
36.9195235
 31
0.0
 13
0
 23
36.9195235
 14
28.62644875
 24
36.9195235
 33
0.0
 34
0.0
53
90
  0
DIMENSION
  8
2D_DIM
  2
*D1
  3
ROUTEDIM
  1
36.92
 10
28.62644875
 20
36.9195235
 30
0.0
 11
28.62644875
 21
18.45976175
 31
0
 13
28.62644875
 23
0
 14
28.62644875
 24
36.9195235
 50
90.0
53
0
 33
0.0
 34
0.0
  0
DIMENSION
  8
2D_DIM
  2
*D1
  3
ROUTEDIM
  1
28.743
 10
28.74311425
 20
37.0639665
 30
0.0
 11
14.371557125
 21
37.0639665
 31
0.0
 13
0
 23
37.0639665
 14
28.74311425
 24
37.0639665
 33
0.0
 34
0.0
53
90
  0
DIMENSION
  8
2D_DIM
  2
*D1
  3
ROUTEDIM
  1
37.064
 10
28.74311425
 20
37.0639665
 30
0.0
 11
28.74311425
 21
18.53198325
 31
0
 13
28.74311425
 23
0
 14
28.74311425
 24
37.0639665
 50
90.0
53
0
 33
0.0
 34
0.0
  0
DIMENSION
  8
2D_DIM
  2
*D1
  3
ROUTEDIM
  1
28.593
 10
28.59311575
 20
37.180632
 30
0.0
 11
14.296557875
 21
37.180632
 31
0.0
 13
0
 23
37.180632
 14
28.59311575
 24
37.180632
 33
0.0
 34
0.0
53
90
  0
DIMENSION
  8
2D_DIM
  2
*D1
  3
ROUTEDIM
  1
37.181
 10
28.59311575
 20
37.180632
 30
0.0
 11
28.59311575
 21
18.590316
 31
0
 13
28.59311575
 23
0
 14
28.59311575
 24
37.180632
 50
90.0
53
0
 33
0.0
 34
0.0
  0
DIMENSION
  8
2D_DIM
  2
*D1
  3
ROUTEDIM
  1
28.476
 10
28.47645025
 20
37.025078
 30
0.0
 11
14.238225125
 21
37.025078
 31
0.0
 13
0
 23
37.025078
 14
28.47645025
 24
37.025078
 33
0.0
 34
0.0
53
90
  0
DIMENSION
  8
2D_DIM
  2
*D1
  3
ROUTEDIM
  1
37.025
 10
28.47645025
 20
37.025078
 30
0.0
 11
28.47645025
 21
18.512539
 31
0
 13
28.47645025
 23
0
 14
28.47645025
 24
37.025078
 50
90.0
53
0
 33
0.0
 34
0.0
  0
DIMENSION
  8
2D_DIM
  2
*D1
  3
ROUTEDIM
  1
28.638
 10
28.63755975
 20
36.9084125
 30
0.0
 11
14.318779875
 21
36.9084125
 31
0.0
 13
0
 23
36.9084125
 14
28.63755975
 24
36.9084125
 33
0.0
 34
0.0
53
90
  0
DIMENSION
  8
2D_DIM
  2
*D1
  3
ROUTEDIM
  1
36.908
 10
28.63755975
 20
36.9084125
 30
0.0
 11
28.63755975
 21
18.45420625
 31
0
 13
28.63755975
 23
0
 14
28.63755975
 24
36.9084125
 50
90.0
53
0
 33
0.0
 34
0.0
  0
DIMENSION
  8
2D_DIM
  2
*D1
  3
ROUTEDIM
  1
28.754
 10
28.75422525
 20
37.0750775
 30
0.0
 11
14.377112625
 21
37.0750775
 31
0.0
 13
0
 23
37.0750775
 14
28.75422525
 24
37.0750775
 33
0.0
 34
0.0
53
90
  0
DIMENSION
  8
2D_DIM
  2
*D1
  3
ROUTEDIM
  1
37.075
 10
28.75422525
 20
37.0750775
 30
0.0
 11
28.75422525
 21
18.53753875
 31
0
 13
28.75422525
 23
0
 14
28.75422525
 24
37.0750775
 50
90.0
53
0
 33
0.0
 34
0.0
  0
DIMENSION
  8
2D_DIM
  2
*D1
  3
ROUTEDIM
  1
28.582
 10
28.58200475
 20
37.191743
 30
0.0
 11
14.291002375
 21
37.191743
 31
0.0
 13
0
 23
37.191743
 14
28.58200475
 24
37.191743
 33
0.0
 34
0.0
53
90
  0
DIMENSION
  8
2D_DIM
  2
*D1
  3
ROUTEDIM
  1
37.192
 10
28.58200475
 20
37.191743
 30
0.0
 11
28.58200475
 21
18.5958715
 31
0
 13
28.58200475
 23
0
 14
28.58200475
 24
37.191743
 50
90.0
53
0
 33
0.0
 34
0.0
  0
DIMENSION
  8
2D_DIM
  2
*D1
  3
ROUTEDIM
  1
28.465
 10
28.46533925
 20
37.013967
 30
0.0
 11
14.232669625
 21
37.013967
 31
0.0
 13
0
 23
37.013967
 14
28.46533925
 24
37.013967
 33
0.0
 34
0.0
53
90
  0
DIMENSION
  8
2D_DIM
  2
*D1
  3
ROUTEDIM
  1
37.014
 10
28.46533925
 20
37.013967
 30
0.0
 11
28.46533925
 21
18.5069835
 31
0
 13
28.46533925
 23
0
 14
28.46533925
 24
37.013967
 50
90.0
53
0
 33
0.0
 34
0.0
  0
DIMENSION
  8
2D_DIM
  2
*D1
  3
ROUTEDIM
  1
28.649
 10
28.64867075
 20
36.8973015
 30
0.0
 11
14.324335375
 21
36.8973015
 31
0.0
 13
0
 23
36.8973015
 14
28.64867075
 24
36.8973015
 33
0.0
 34
0.0
53
90
  0
DIMENSION
  8
2D_DIM
  2
*D1
  3
ROUTEDIM
  1
36.897
 10
28.64867075
 20
36.8973015
 30
0.0
 11
28.64867075
 21
18.44865075
 31
0
 13
28.64867075
 23
0
 14
28.64867075
 24
36.8973015
 50
90.0
53
0
 33
0.0
 34
0.0
  0
DIMENSION
  8
2D_DIM
  2
*D1
  3
ROUTEDIM
  1
28.765
 10
28.76533625
 20
37.0861885
 30
0.0
 11
14.382668125
 21
37.0861885
 31
0.0
 13
0
 23
37.0861885
 14
28.76533625
 24
37.0861885
 33
0.0
 34
0.0
53
90
  0
DIMENSION
  8
2D_DIM
  2
*D1
  3
ROUTEDIM
  1
37.086
 10
28.76533625
 20
37.0861885
 30
0.0
 11
28.76533625
 21
18.54309425
 31
0
 13
28.76533625
 23
0
 14
28.76533625
 24
37.0861885
 50
90.0
53
0
 33
0.0
 34
0.0
  0
DIMENSION
  8
2D_DIM
  2
*D1
  3
ROUTEDIM
  1
28.571
 10
28.57089375
 20
37.202854
 30
0.0
 11
14.285446875
 21
37.202854
 31
0.0
 13
0
 23
37.202854
 14
28.57089375
 24
37.202854
 33
0.0
 34
0.0
53
90
  0
DIMENSION
  8
2D_DIM
  2
*D1
  3
ROUTEDIM
  1
37.203
 10
28.57089375
 20
37.202854
 30
0.0
 11
28.57089375
 21
18.601427
 31
0
 13
28.57089375
 23
0
 14
28.57089375
 24
37.202854
 50
90.0
53
0
 33
0.0
 34
0.0
  0
DIMENSION
  8
2D_DIM
  2
*D1
  3
ROUTEDIM
  1
28.454
 10
28.45422825
 20
37.002856
 30
0.0
 11
14.227114125
 21
37.002856
 31
0.0
 13
0
 23
37.002856
 14
28.45422825
 24
37.002856
 33
0.0
 34
0.0
53
90
  0
DIMENSION
  8
2D_DIM
  2
*D1
  3
ROUTEDIM
  1
37.003
 10
28.45422825
 20
37.002856
 30
0.0
 11
28.45422825
 21
18.501428
 31
0
 13
28.45422825
 23
0
 14
28.45422825
 24
37.002856
 50
90.0
53
0
 33
0.0
 34
0.0
  0
DIMENSION
  8
2D_DIM
  2
*D1
  3
ROUTEDIM
  1
28.66
 10
28.65978175
 20
36.8861905
 30
0.0
 11
14.329890875
 21
36.8861905
 31
0.0
 13
0
 23
36.8861905
 14
28.65978175
 24
36.8861905
 33
0.0
 34
0.0
53
90
  0
DIMENSION
  8
2D_DIM
  2
*D1
  3
ROUTEDIM
  1
36.886
 10
28.65978175
 20
36.8861905
 30
0.0
 11
28.65978175
 21
18.44309525
 31
0
 13
28.65978175
 23
0
 14
28.65978175
 24
36.8861905
 50
90.0
53
0
 33
0.0
 34
0.0
  0
DIMENSION
  8
2D_DIM
  2
*D1
  3
ROUTEDIM
  1
28.776
 10
28.77644725
 20
37.0972995
 30
0.0
 11
14.388223625
 21
37.0972995
 31
0.0
 13
0
 23
37.0972995
 14
28.77644725
 24
37.0972995
 33
0.0
 34
0.0
53
90
  0
DIMENSION
  8
2D_DIM
  2
*D1
  3
ROUTEDIM
  1
37.097
 10
28.77644725
 20
37.0972995
 30
0.0
 11
28.77644725
 21
18.54864975
 31
0
 13
28.77644725
 23
0
 14
28.77644725
 24
37.0972995
 50
90.0
53
0
 33
0.0
 34
0.0
  0
DIMENSION
  8
2D_DIM
  2
*D1
  3
ROUTEDIM
  1
28.56
 10
28.55978275
 20
37.213965
 30
0.0
 11
14.279891375
 21
37.213965
 31
0.0
 13
0
 23
37.213965
 14
28.55978275
 24
37.213965
 33
0.0
 34
0.0
53
90
  0
DIMENSION
  8
2D_DIM
  2
*D1
  3
ROUTEDIM
  1
37.214
 10
28.55978275
 20
37.213965
 30
0.0
 11
28.55978275
 21
18.6069825
 31
0
 13
28.55978275
 23
0
 14
28.55978275
 24
37.213965
 50
90.0
53
0
 33
0.0
 34
0.0
  0
DIMENSION
  8
2D_DIM
  2
*D1
  3
ROUTEDIM
  1
28.443
 10
28.44311725
 20
36.991745
 30
0.0
 11
14.221558625
 21
36.991745
 31
0.0
 13
0
 23
36.991745
 14
28.44311725
 24
36.991745
 33
0.0
 34
0.0
53
90
  0
DIMENSION
  8
2D_DIM
  2
*D1
  3
ROUTEDIM
  1
36.992
 10
28.44311725
 20
36.991745
 30
0.0
 11
28.44311725
 21
18.4958725
 31
0
 13
28.44311725
 23
0
 14
28.44311725
 24
36.991745
 50
90.0
53
0
 33
0.0
 34
0.0
  0
DIMENSION
  8
2D_DIM
  2
*D1
  3
ROUTEDIM
  1
28.671
 10
28.67089275
 20
36.8750795
 30
0.0
 11
14.335446375
 21
36.8750795
 31
0.0
 13
0
 23
36.8750795
 14
28.67089275
 24
36.8750795
 33
0.0
 34
0.0
53
90
  0
DIMENSION
  8
2D_DIM
  2
*D1
  3
ROUTEDIM
  1
36.875
 10
28.67089275
 20
36.8750795
 30
0.0
 11
28.67089275
 21
18.43753975
 31
0
 13
28.67089275
 23
0
 14
28.67089275
 24
36.8750795
 50
90.0
53
0
 33
0.0
 34
0.0
  0
DIMENSION
  8
2D_DIM
  2
*D1
  3
ROUTEDIM
  1
28.788
 10
28.78755825
 20
37.1084105
 30
0.0
 11
14.393779125
 21
37.1084105
 31
0.0
 13
0
 23
37.1084105
 14
28.78755825
 24
37.1084105
 33
0.0
 34
0.0
53
90
  0
DIMENSION
  8
2D_DIM
  2
*D1
  3
ROUTEDIM
  1
37.108
 10
28.78755825
 20
37.1084105
 30
0.0
 11
28.78755825
 21
18.55420525
 31
0
 13
28.78755825
 23
0
 14
28.78755825
 24
37.1084105
 50
90.0
53
0
 33
0.0
 34
0.0
  0
DIMENSION
  8
2D_DIM
  2
*D1
  3
ROUTEDIM
  1
28.549
 10
28.54867175
 20
37.225076
 30
0.0
 11
14.274335875
 21
37.225076
 31
0.0
 13
0
 23
37.225076
 14
28.54867175
 24
37.225076
 33
0.0
 34
0.0
53
90
  0
DIMENSION
  8
2D_DIM
  2
*D1
  3
ROUTEDIM
  1
37.225
 10
28.54867175
 20
37.225076
 30
0.0
 11
28.54867175
 21
18.612538
 31
0
 13
28.54867175
 23
0
 14
28.54867175
 24
37.225076
 50
90.0
53
0
 33
0.0
 34
0.0
  0
DIMENSION
  8
2D_DIM
  2
*D1
  3
ROUTEDIM
  1
28.432
 10
28.43200625
 20
36.980634
 30
0.0
 11
14.216003125
 21
36.980634
 31
0.0
 13
0
 23
36.980634
 14
28.43200625
 24
36.980634
 33
0.0
 34
0.0
53
90
  0
DIMENSION
  8
2D_DIM
  2
*D1
  3
ROUTEDIM
  1
36.981
 10
28.43200625
 20
36.980634
 30
0.0
 11
28.43200625
 21
18.490317
 31
0
 13
28.43200625
 23
0
 14
28.43200625
 24
36.980634
 50
90.0
53
0
 33
0.0
 34
0.0
  0
DIMENSION
  8
2D_DIM
  2
*D1
  3
ROUTEDIM
  1
28.682
 10
28.68200375
 20
36.8639685
 30
0.0
 11
14.341001875
 21
36.8639685
 31
0.0
 13
0
 23
36.8639685
 14
28.68200375
 24
36.8639685
 33
0.0
 34
0.0
53
90
  0
DIMENSION
  8
2D_DIM
  2
*D1
  3
ROUTEDIM
  1
36.864
 10
28.68200375
 20
36.8639685
 30
0.0
 11
28.68200375
 21
18.43198425
 31
0
 13
28.68200375
 23
0
 14
28.68200375
 24
36.8639685
 50
90.0
53
0
 33
0.0
 34
0.0
  0
DIMENSION
  8
2D_DIM
  2
*D1
  3
ROUTEDIM
  1
28.799
 10
28.79866925
 20
37.1195215
 30
0.0
 11
14.399334625
 21
37.1195215
 31
0.0
 13
0
 23
37.1195215
 14
28.79866925
 24
37.1195215
 33
0.0
 34
0.0
53
90
  0
DIMENSION
  8
2D_DIM
  2
*D1
  3
ROUTEDIM
  1
37.12
 10
28.79866925
 20
37.1195215
 30
0.0
 11
28.79866925
 21
18.55976075
 31
0
 13
28.79866925
 23
0
 14
28.79866925
 24
37.1195215
 50
90.0
53
0
 33
0.0
 34
0.0
  0
DIMENSION
  8
2D_DIM
  2
*D1
  3
ROUTEDIM
  1
28.538
 10
28.53756075
 20
37.236187
 30
0.0
 11
14.268780375
 21
37.236187
 31
0.0
 13
0
 23
37.236187
 14
28.53756075
 24
37.236187
 33
0.0
 34
0.0
53
90
  0
DIMENSION
  8
2D_DIM
  2
*D1
  3
ROUTEDIM
  1
37.236
 10
28.53756075
 20
37.236187
 30
0.0
 11
28.53756075
 21
18.6180935
 31
0
 13
28.53756075
 23
0
 14
28.53756075
 24
37.236187
 50
90.0
53
0
 33
0.0
 34
0.0
  0
DIMENSION
  8
2D_DIM
  2
*D1
  3
ROUTEDIM
  1
28.421
 10
28.42089525
 20
36.969523
 30
0.0
 11
14.210447625
 21
36.969523
 31
0.0
 13
0
 23
36.969523
 14
28.42089525
 24
36.969523
 33
0.0
 34
0.0
53
90
  0
DIMENSION
  8
2D_DIM
  2
*D1
  3
ROUTEDIM
  1
36.97
 10
28.42089525
 20
36.969523
 30
0.0
 11
28.42089525
 21
18.4847615
 31
0
 13
28.42089525
 23
0
 14
28.42089525
 24
36.969523
 50
90.0
53
0
 33
0.0
 34
0.0
  0
DIMENSION
  8
2D_DIM
  2
*D1
  3
ROUTEDIM
  1
28.693
 10
28.69311475
 20
36.8528575
 30
0.0
 11
14.346557375
 21
36.8528575
 31
0.0
 13
0
 23
36.8528575
 14
28.69311475
 24
36.8528575
 33
0.0
 34
0.0
53
90
  0
DIMENSION
  8
2D_DIM
  2
*D1
  3
ROUTEDIM
  1
36.853
 10
28.69311475
 20
36.8528575
 30
0.0
 11
28.69311475
 21
18.42642875
 31
0
 13
28.69311475
 23
0
 14
28.69311475
 24
36.8528575
 50
90.0
53
0
 33
0.0
 34
0.0
  0
DIMENSION
  8
2D_DIM
  2
*D1
  3
ROUTEDIM
  1
28.81
 10
28.80978025
 20
37.1306325
 30
0.0
 11
14.404890125
 21
37.1306325
 31
0.0
 13
0
 23
37.1306325
 14
28.80978025
 24
37.1306325
 33
0.0
 34
0.0
53
90
  0
DIMENSION
  8
2D_DIM
  2
*D1
  3
ROUTEDIM
  1
37.131
 10
28.80978025
 20
37.1306325
 30
0.0
 11
28.80978025
 21
18.56531625
 31
0
 13
28.80978025
 23
0
 14
28.80978025
 24
37.1306325
 50
90.0
53
0
 33
0.0
 34
0.0
  0
DIMENSION
  8
2D_DIM
  2
*D1
  3
ROUTEDIM
  1
28.526
 10
28.52644975
 20
37.247298
 30
0.0
 11
14.263224875
 21
37.247298
 31
0.0
 13
0
 23
37.247298
 14
28.52644975
 24
37.247298
 33
0.0
 34
0.0
53
90
  0
DIMENSION
  8
2D_DIM
  2
*D1
  3
ROUTEDIM
  1
37.247
 10
28.52644975
 20
37.247298
 30
0.0
 11
28.52644975
 21
18.623649
 31
0
 13
28.52644975
 23
0
 14
28.52644975
 24
37.247298
 50
90.0
53
0
 33
0.0
 34
0.0
  0
DIMENSION
  8
2D_DIM
  2
*D1
  3
ROUTEDIM
  1
28.41
 10
28.40978425
 20
36.958412
 30
0.0
 11
14.204892125
 21
36.958412
 31
0.0
 13
0
 23
36.958412
 14
28.40978425
 24
36.958412
 33
0.0
 34
0.0
53
90
  0
DIMENSION
  8
2D_DIM
  2
*D1
  3
ROUTEDIM
  1
36.958
 10
28.40978425
 20
36.958412
 30
0.0
 11
28.40978425
 21
18.479206
 31
0
 13
28.40978425
 23
0
 14
28.40978425
 24
36.958412
 50
90.0
53
0
 33
0.0
 34
0.0
  0
DIMENSION
  8
2D_DIM
  2
*D1
  3
ROUTEDIM
  1
28.704
 10
28.70422575
 20
36.8417465
 30
0.0
 11
14.352112875
 21
36.8417465
 31
0.0
 13
0
 23
36.8417465
 14
28.70422575
 24
36.8417465
 33
0.0
 34
0.0
53
90
  0
DIMENSION
  8
2D_DIM
  2
*D1
  3
ROUTEDIM
  1
36.842
 10
28.70422575
 20
36.8417465
 30
0.0
 11
28.70422575
 21
18.42087325
 31
0
 13
28.70422575
 23
0
 14
28.70422575
 24
36.8417465
 50
90.0
53
0
 33
0.0
 34
0.0
  0
DIMENSION
  8
2D_DIM
  2
*D1
  3
ROUTEDIM
  1
28.821
 10
28.82089125
 20
37.1417435
 30
0.0
 11
14.410445625
 21
37.1417435
 31
0.0
 13
0
 23
37.1417435
 14
28.82089125
 24
37.1417435
 33
0.0
 34
0.0
53
90
  0
DIMENSION
  8
2D_DIM
  2
*D1
  3
ROUTEDIM
  1
37.142
 10
28.82089125
 20
37.1417435
 30
0.0
 11
28.82089125
 21
18.57087175
 31
0
 13
28.82089125
 23
0
 14
28.82089125
 24
37.1417435
 50
90.0
53
0
 33
0.0
 34
0.0
  0
DIMENSION
  8
2D_DIM
  2
*D1
  3
ROUTEDIM
  1
28.515
 10
28.51533875
 20
37.258409
 30
0.0
 11
14.257669375
 21
37.258409
 31
0.0
 13
0
 23
37.258409
 14
28.51533875
 24
37.258409
 33
0.0
 34
0.0
53
90
  0
DIMENSION
  8
2D_DIM
  2
*D1
  3
ROUTEDIM
  1
37.258
 10
28.51533875
 20
37.258409
 30
0.0
 11
28.51533875
 21
18.6292045
 31
0
 13
28.51533875
 23
0
 14
28.51533875
 24
37.258409
 50
90.0
53
0
 33
0.0
 34
0.0
  0
DIMENSION
  8
2D_DIM
  2
*D1
  3
ROUTEDIM
  1
28.399
 10
28.39867325
 20
36.947301
 30
0.0
 11
14.199336625
 21
36.947301
 31
0.0
 13
0
 23
36.947301
 14
28.39867325
 24
36.947301
 33
0.0
 34
0.0
53
90
  0
DIMENSION
  8
2D_DIM
  2
*D1
  3
ROUTEDIM
  1
36.947
 10
28.39867325
 20
36.947301
 30
0.0
 11
28.39867325
 21
18.4736505
 31
0
 13
28.39867325
 23
0
 14
28.39867325
 24
36.947301
 50
90.0
53
0
 33
0.0
 34
0.0
  0
DIMENSION
  8
2D_DIM
  2
*D1
  3
ROUTEDIM
  1
28.715
 10
28.71533675
 20
36.8306355
 30
0.0
 11
14.357668375
 21
36.8306355
 31
0.0
 13
0
 23
36.8306355
 14
28.71533675
 24
36.8306355
 33
0.0
 34
0.0
53
90
  0
DIMENSION
  8
2D_DIM
  2
*D1
  3
ROUTEDIM
  1
36.831
 10
28.71533675
 20
36.8306355
 30
0.0
 11
28.71533675
 21
18.41531775
 31
0
 13
28.71533675
 23
0
 14
28.71533675
 24
36.8306355
 50
90.0
53
0
 33
0.0
 34
0.0
  0
DIMENSION
  8
2D_DIM
  2
*D1
  3
ROUTEDIM
  1
28.832
 10
28.83200225
 20
37.1528545
 30
0.0
 11
14.416001125
 21
37.1528545
 31
0.0
 13
0
 23
37.1528545
 14
28.83200225
 24
37.1528545
 33
0.0
 34
0.0
53
90
  0
DIMENSION
  8
2D_DIM
  2
*D1
  3
ROUTEDIM
  1
37.153
 10
28.83200225
 20
37.1528545
 30
0.0
 11
28.83200225
 21
18.57642725
 31
0
 13
28.83200225
 23
0
 14
28.83200225
 24
37.1528545
 50
90.0
53
0
 33
0.0
 34
0.0
  0
DIMENSION
  8
2D_DIM
  2
*D1
  3
ROUTEDIM
  1
28.504
 10
28.50422775
 20
37.26952
 30
0.0
 11
14.252113875
 21
37.26952
 31
0.0
 13
0
 23
37.26952
 14
28.50422775
 24
37.26952
 33
0.0
 34
0.0
53
90
  0
DIMENSION
  8
2D_DIM
  2
*D1
  3
ROUTEDIM
  1
37.27
 10
28.50422775
 20
37.26952
 30
0.0
 11
28.50422775
 21
18.63476
 31
0
 13
28.50422775
 23
0
 14
28.50422775
 24
37.26952
 50
90.0
53
0
 33
0.0
 34
0.0
  0
DIMENSION
  8
2D_DIM
  2
*D1
  3
ROUTEDIM
  1
28.388
 10
28.38756225
 20
36.93619
 30
0.0
 11
14.193781125
 21
36.93619
 31
0.0
 13
0
 23
36.93619
 14
28.38756225
 24
36.93619
 33
0.0
 34
0.0
53
90
  0
DIMENSION
  8
2D_DIM
  2
*D1
  3
ROUTEDIM
  1
36.936
 10
28.38756225
 20
36.93619
 30
0.0
 11
28.38756225
 21
18.468095
 31
0
 13
28.38756225
 23
0
 14
28.38756225
 24
36.93619
 50
90.0
53
0
 33
0.0
 34
0.0
  0
DIMENSION
  8
2D_DIM
  2
*D1
  3
ROUTEDIM
  1
28.726
 10
28.72644775
 20
36.8195245
 30
0.0
 11
14.363223875
 21
36.8195245
 31
0.0
 13
0
 23
36.8195245
 14
28.72644775
 24
36.8195245
 33
0.0
 34
0.0
53
90
  0
DIMENSION
  8
2D_DIM
  2
*D1
  3
ROUTEDIM
  1
36.82
 10
28.72644775
 20
36.8195245
 30
0.0
 11
28.72644775
 21
18.40976225
 31
0
 13
28.72644775
 23
0
 14
28.72644775
 24
36.8195245
 50
90.0
53
0
 33
0.0
 34
0.0
  0
DIMENSION
  8
2D_DIM
  2
*D1
  3
ROUTEDIM
  1
28.843
 10
28.84311325
 20
37.1639655
 30
0.0
 11
14.421556625
 21
37.1639655
 31
0.0
 13
0
 23
37.1639655
 14
28.84311325
 24
37.1639655
 33
0.0
 34
0.0
53
90
  0
DIMENSION
  8
2D_DIM
  2
*D1
  3
ROUTEDIM
  1
37.164
 10
28.84311325
 20
37.1639655
 30
0.0
 11
28.84311325
 21
18.58198275
 31
0
 13
28.84311325
 23
0
 14
28.84311325
 24
37.1639655
 50
90.0
53
0
 33
0.0
 34
0.0
  0
DIMENSION
  8
2D_DIM
  2
*D1
  3
ROUTEDIM
  1
28.493
 10
28.49311675
 20
37.280631
 30
0.0
 11
14.246558375
 21
37.280631
 31
0.0
 13
0
 23
37.280631
 14
28.49311675
 24
37.280631
 33
0.0
 34
0.0
53
90
  0
DIMENSION
  8
2D_DIM
  2
*D1
  3
ROUTEDIM
  1
37.281
 10
28.49311675
 20
37.280631
 30
0.0
 11
28.49311675
 21
18.6403155
 31
0
 13
28.49311675
 23
0
 14
28.49311675
 24
37.280631
 50
90.0
53
0
 33
0.0
 34
0.0
  0
DIMENSION
  8
2D_DIM
  2
*D1
  3
ROUTEDIM
  1
28.376
 10
28.37645125
 20
36.925079
 30
0.0
 11
14.188225625
 21
36.925079
 31
0.0
 13
0
 23
36.925079
 14
28.37645125
 24
36.925079
 33
0.0
 34
0.0
53
90
  0
DIMENSION
  8
2D_DIM
  2
*D1
  3
ROUTEDIM
  1
36.925
 10
28.37645125
 20
36.925079
 30
0.0
 11
28.37645125
 21
18.4625395
 31
0
 13
28.37645125
 23
0
 14
28.37645125
 24
36.925079
 50
90.0
53
0
 33
0.0
 34
0.0
  0
DIMENSION
  8
2D_DIM
  2
*D1
  3
ROUTEDIM
  1
28.738
 10
28.73755875
 20
36.8084135
 30
0.0
 11
14.368779375
 21
36.8084135
 31
0.0
 13
0
 23
36.8084135
 14
28.73755875
 24
36.8084135
 33
0.0
 34
0.0
53
90
  0
DIMENSION
  8
2D_DIM
  2
*D1
  3
ROUTEDIM
  1
36.808
 10
28.73755875
 20
36.8084135
 30
0.0
 11
28.73755875
 21
18.40420675
 31
0
 13
28.73755875
 23
0
 14
28.73755875
 24
36.8084135
 50
90.0
53
0
 33
0.0
 34
0.0
  0
DIMENSION
  8
2D_DIM
  2
*D1
  3
ROUTEDIM
  1
28.854
 10
28.85422425
 20
37.1750765
 30
0.0
 11
14.427112125
 21
37.1750765
 31
0.0
 13
0
 23
37.1750765
 14
28.85422425
 24
37.1750765
 33
0.0
 34
0.0
53
90
  0
DIMENSION
  8
2D_DIM
  2
*D1
  3
ROUTEDIM
  1
37.175
 10
28.85422425
 20
37.1750765
 30
0.0
 11
28.85422425
 21
18.58753825
 31
0
 13
28.85422425
 23
0
 14
28.85422425
 24
37.1750765
 50
90.0
53
0
 33
0.0
 34
0.0
  0
DIMENSION
  8
2D_DIM
  2
*D1
  3
ROUTEDIM
  1
28.482
 10
28.48200575
 20
37.291742
 30
0.0
 11
14.241002875
 21
37.291742
 31
0.0
 13
0
 23
37.291742
 14
28.48200575
 24
37.291742
 33
0.0
 34
0.0
53
90
  0
DIMENSION
  8
2D_DIM
  2
*D1
  3
ROUTEDIM
  1
37.292
 10
28.48200575
 20
37.291742
 30
0.0
 11
28.48200575
 21
18.645871
 31
0
 13
28.48200575
 23
0
 14
28.48200575
 24
37.291742
 50
90.0
53
0
 33
0.0
 34
0.0
  0
DIMENSION
  8
2D_DIM
  2
*D1
  3
ROUTEDIM
  1
28.365
 10
28.36534025
 20
36.913968
 30
0.0
 11
14.182670125
 21
36.913968
 31
0.0
 13
0
 23
36.913968
 14
28.36534025
 24
36.913968
 33
0.0
 34
0.0
53
90
  0
DIMENSION
  8
2D_DIM
  2
*D1
  3
ROUTEDIM
  1
36.914
 10
28.36534025
 20
36.913968
 30
0.0
 11
28.36534025
 21
18.456984
 31
0
 13
28.36534025
 23
0
 14
28.36534025
 24
36.913968
 50
90.0
53
0
 33
0.0
 34
0.0
  0
DIMENSION
  8
2D_DIM
  2
*D1
  3
ROUTEDIM
  1
28.749
 10
28.74866975
 20
36.7973025
 30
0.0
 11
14.374334875
 21
36.7973025
 31
0.0
 13
0
 23
36.7973025
 14
28.74866975
 24
36.7973025
 33
0.0
 34
0.0
53
90
  0
DIMENSION
  8
2D_DIM
  2
*D1
  3
ROUTEDIM
  1
36.797
 10
28.74866975
 20
36.7973025
 30
0.0
 11
28.74866975
 21
18.39865125
 31
0
 13
28.74866975
 23
0
 14
28.74866975
 24
36.7973025
 50
90.0
53
0
 33
0.0
 34
0.0
  0
DIMENSION
  8
2D_DIM
  2
*D1
  3
ROUTEDIM
  1
28.865
 10
28.86533525
 20
37.1861875
 30
0.0
 11
14.432667625
 21
37.1861875
 31
0.0
 13
0
 23
37.1861875
 14
28.86533525
 24
37.1861875
 33
0.0
 34
0.0
53
90
  0
DIMENSION
  8
2D_DIM
  2
*D1
  3
ROUTEDIM
  1
37.186
 10
28.86533525
 20
37.1861875
 30
0.0
 11
28.86533525
 21
18.59309375
 31
0
 13
28.86533525
 23
0
 14
28.86533525
 24
37.1861875
 50
90.0
53
0
 33
0.0
 34
0.0
  0
DIMENSION
  8
2D_DIM
  2
*D1
  3
ROUTEDIM
  1
28.471
 10
28.47089475
 20
37.302853
 30
0.0
 11
14.235447375
 21
37.302853
 31
0.0
 13
0
 23
37.302853
 14
28.47089475
 24
37.302853
 33
0.0
 34
0.0
53
90
  0
DIMENSION
  8
2D_DIM
  2
*D1
  3
ROUTEDIM
  1
37.303
 10
28.47089475
 20
37.302853
 30
0.0
 11
28.47089475
 21
18.6514265
 31
0
 13
28.47089475
 23
0
 14
28.47089475
 24
37.302853
 50
90.0
53
0
 33
0.0
 34
0.0
  0
DIMENSION
  8
2D_DIM
  2
*D1
  3
ROUTEDIM
  1
28.613
 10
28.6125599675913
 20
37.0472999675913
 30
0.0
 11
14.3062799837957
 21
37.0472999675913
 31
0.0
 13
0
 23
37.0472999675913
 14
28.6125599675913
 24
37.0472999675913
 33
0.0
 34
0.0
53
90
  0
DIMENSION
  8
2D_DIM
  2
*D1
  3
ROUTEDIM
  1
37.047
 10
28.6125599675913
 20
37.0472999675913
 30
0.0
 11
28.6125599675913
 21
18.5236499837957
 31
0
 13
28.6125599675913
 23
0
 14
28.6125599675913
 24
37.0472999675913
 50
90.0
53
0
 33
0.0
 34
0.0
  0
DIMENSION
  8
2D_DIM
  2
*D1
  3
ROUTEDIM
  1
28.613
 10
28.6125600324087
 20
37.0472999675913
 30
0.0
 11
14.3062800162043
 21
37.0472999675913
 31
0.0
 13
0
 23
37.0472999675913
 14
28.6125600324087
 24
37.0472999675913
 33
0.0
 34
0.0
53
90
  0
DIMENSION
  8
2D_DIM
  2
*D1
  3
ROUTEDIM
  1
37.047
 10
28.6125600324087
 20
37.0472999675913
 30
0.0
 11
28.6125600324087
 21
18.5236499837957
 31
0
 13
28.6125600324087
 23
0
 14
28.6125600324087
 24
37.0472999675913
 50
90.0
53
0
 33
0.0
 34
0.0
  0
DIMENSION
  8
2D_DIM
  2
*D1
  3
ROUTEDIM
  1
28.613
 10
28.6125600324087
 20
37.0473000324087
 30
0.0
 11
14.3062800162043
 21
37.0473000324087
 31
0.0
 13
0
 23
37.0473000324087
 14
28.6125600324087
 24
37.0473000324087
 33
0.0
 34
0.0
53
90
  0
DIMENSION
  8
2D_DIM
  2
*D1
  3
ROUTEDIM
  1
37.047
 10
28.6125600324087
 20
37.0473000324087
 30
0.0
 11
28.6125600324087
 21
18.5236500162043
 31
0
 13
28.6125600324087
 23
0
 14
28.6125600324087
 24
37.0473000324087
 50
90.0
53
0
 33
0.0
 34
0.0
  0
DIMENSION
  8
2D_DIM
  2
*D1
  3
ROUTEDIM
  1
28.613
 10
28.6125599675913
 20
37.0473000324087
 30
0.0
 11
14.3062799837957
 21
37.0473000324087
 31
0.0
 13
0
 23
37.0473000324087
 14
28.6125599675913
 24
37.0473000324087
 33
0.0
 34
0.0
53
90
  0
DIMENSION
  8
2D_DIM
  2
*D1
  3
ROUTEDIM
  1
37.047
 10
28.6125599675913
 20
37.0473000324087
 30
0.0
 11
28.6125599675913
 21
18.5236500162043
 31
0
 13
28.6125599675913
 23
0
 14
28.6125599675913
 24
37.0473000324087
 50
90.0
53
0
 33
0.0
 34
0.0
  0
DIMENSION
  8
2D_DIM
  2
*D1
  3
ROUTEDIM
  1
28.613
 10
28.6125599675913
 20
37.0472999675913
 30
0.0
 11
14.3062799837957
 21
37.0472999675913
 31
0.0
 13
0
 23
37.0472999675913
 14
28.6125599675913
 24
37.0472999675913
 33
0.0
 34
0.0
53
90
  0
DIMENSION
  8
2D_DIM
  2
*D1
  3
ROUTEDIM
  1
37.047
 10
28.6125599675913
 20
37.0472999675913
 30
0.0
 11
28.6125599675913
 21
18.5236499837957
 31
0
 13
28.6125599675913
 23
0
 14
28.6125599675913
 24
37.0472999675913
 50
90.0
53
0
 33
0.0
 34
0.0
  0
DIMENSION
  8
2D_DIM
  2
*D1
  3
ROUTEDIM
  1
28.668
 10
28.6681150324087
 20
37.1028549680414
 30
0.0
 11
14.3340575162043
 21
37.1028549680414
 31
0.0
 13
0
 23
37.1028549680414
 14
28.6681150324087
 24
37.1028549680414
 33
0.0
 34
0.0
53
90
  0
DIMENSION
  8
2D_DIM
  2
*D1
  3
ROUTEDIM
  1
37.103
 10
28.6681150324087
 20
37.1028549680414
 30
0.0
 11
28.6681150324087
 21
18.5514274840207
 31
0
 13
28.6681150324087
 23
0
 14
28.6681150324087
 24
37.1028549680414
 50
90.0
53
0
 33
0.0
 34
0.0
  0
TEXT
  8
ITEMNUMBER
 62
     1
 10
-7.5
 20
-5
 30
0.0
 40
0.5
  1
M3100.06
  0
TEXT
  8
DESCRIPTION
 62
     1
 10
-7.5
 20
-6
 30
0.0
 40
0.5
  1
P3B
  0
TEXT
  8
FILENAME
 62
     1
 10
-7.5
 20
-7
 30
0.0
 40
0.5
  1
5600ADSK
  0
TEXT
  8
MATERIALNAME
 62
     1
 10
-7.5
 20
-8
 30
0.0
 40
0.5
  1
MDF/3-4/4x8
  0
TEXT
  8
Qty
 62
     1
 10
-7.5
 20
-9
 30
0.0
 40
0.5
  1
1
  0
TEXT
  8
COMMENT
 62
     1
 10
-7.5
 20
-9
 30
0.0
 40
0.5
  1
A machining operation has been identified but none of the SMA Routers in your Primary ToolFile have a qualifying diameter   
  0
TEXT
  8
RUNFIELD
 62
     1
 10
8
 20
-1
 30
0.0
 40
0.5
  1
Mirrored
  0
ENDSEC
  0
EOF
